Wallet address,Custom mint limit (optional),Custom price in native token e.g. ETH (optional)
0x000b88d6f1378f5fe20dcd3ce10250fc45883cdf,1,0
0x006e19101cac0fa8740d6e39768e83b957c5c06c,1,0
0x00b9228eb19a13c6a943b350916dd2aa7f182c21,1,0
0x00e39304c139ebc5b03576da1359eb2ecff07e75,1,0
0x0116369e646ad968127030dcbf76685069e9714a,1,0
0x012cd2607cc786c35b242ac3a3dbe4760753af89,1,0
0x01a1d2750b2c7aad954698c1e9596f5ccabdd265,1,0
0x0204246378248b9855f09901174909f1cc78fb42,1,0
0x026ddeac444781d78529edbe127104510a9ce818,1,0
0x027b40a6aa141ff6ee587985ec391d77a2ffce09,1,0
0x030a37f7505401936b0c2208659b043d62e57a8f,1,0
0x031b4a1d71b06be17c3efaeeb4c0ad383b294c8c,1,0
0x03b6d486e3b9c0ca35761e968deb14cd627ea821,1,0
0x03b8a4e91cad7d7ab7a355a9103edbd229d781fe,1,0
0x040d041a3b148dfdbf272b68e6530ddbcea65958,1,0
0x041ebb58db319690823589de26360b84dc8dbc17,1,0
0x0457abb8c2a2f5c589ef528d0fd5cf30dc864f87,1,0
0x04ef28d3fffcebd75b603326782024ae9390f5fc,1,0
0x05291016ceafca60f40e88fad11fd909000c5c99,1,0
0x0574f40bd452db95b5b402b329687e60679042e0,1,0
0x05a588ba793b64ae6b74a74fc86ee1c33f6c5742,1,0
0x064cb0bb4c8abe11935134aee670c032d6833556,1,0
0x06f3709d4f09af0ce2d700ecf46b53deae789c25,1,0
0x07fb64a79fb74a25c66ddf1f801668d08cd363a8,1,0
0x083fb46eef942db0eedb7e62a7b7e009382681c3,1,0
0x08bd0ee80fce4fd77056e06017fb5c33dc4a666c,1,0
0x09cb98b8bbd3ede66d4b4db535b4a01b9d5039ea,1,0
0x0a1a8a13fd2c3094b8f563b4944db4e18bfcf90c,1,0
0x0a65c215ce8abc782a4b763fffa10a41652ac42c,1,0
0x0b09dabc3d857679f95ec8751b2bb07229733f98,1,0
0x0b2b3483a5cedb08839e098d3d9f02d1893a20dc,1,0
0x0b6b7e1630814ac4492886745b34013e0f34d368,1,0
0x0b743d5cb4ea6ad4ce1feb376986d5ee8ea2c52e,1,0
0x0c27cb410ddfb31872186849c085a83bcd9dd0e5,1,0
0x0cca90a4ba750fc7f970019df3e1e01c8f2ccd4e,1,0
0x0db2cd0b5bac9b66fa59d387d4ea89efb8e8a0f0,1,0
0x0db63fec90c224511ed9b0c5f12bc7f2a15192f5,1,0
0x0f717faf2bee7cdf1706425fe162a31b4eb3889e,1,0
0x0fe5e970e18e9034bab732603b3c42390b9d9b69,1,0
0x100d195219c3e744460cae9f4899abd9198f2541,1,0
0x100d878fce93e8da7a0866f24425cb4f410c41ee,1,0
0x101b18aaa9712af949f15952c6bc3cd803d815f3,1,0
0x1032aeff8e934956913e39205f1610eeabcfbfc3,1,0
0x105bfae0764ffdebe32c06a97a84c9a17396360b,1,0
0x10a239ee8455b3d631c19d862c7e18b7259436dc,1,0
0x11969a7462e63f604a84219373206ffbba597bc7,1,0
0x12443fee988ff8a378fed26aaf2b74f127881e67,1,0
0x12553a1ecf2c5cece0634ad7f386ecc645867238,1,0
0x12c925aaa182a2dd653f6712b0d7558cdcca7062,1,0
0x12cf80717efa9749c725196558d73e020b654db7,1,0
0x13988cef5721a77e9a873b9c988559abd698516a,1,0
0x13defce8be050f902f8ee06cb7f0e743e3e8b705,1,0
0x141e34a0ab3ac48cbfeac15ef54e820c326086f6,1,0
0x1436757edc30c80eb33e9d97da96f34af08d8d9a,1,0
0x145af34ac52b19a7a2a1d7b3ddd6810ce7576d9b,1,0
0x14d55c1bc548e0f195322d7cb3a5101227ecc71a,1,0
0x1518fcd87d333b632c28596f2dda8b8fa20c5f75,1,0
0x155a53d0c1b8b4aa0ae77116f968bca8c8e7230d,1,0
0x155cf3508f08e0466edd4109bbe9265205e35c17,1,0
0x1567029cbe430e21475b03b3d58231d3c624d2c4,1,0
0x164657c057cc2938f7151c40f11ea73d4aa4ec70,1,0
0x1696e79102f35ffc4ec02aeb028fcf586ceca11c,1,0
0x17316ee66c50cc4b807fdc5e940f89a97c9c3282,1,0
0x17f43f532b3f91c1628ff513290e730446cb9355,1,0
0x180f907fdff7dace54be9816da2471fcdf97f334,1,0
0x183f63502c05315b263e6033c2441b7f9a147575,1,0
0x184d68b6e2afaa614406dd6f7c7ae861d1092141,1,0
0x18ffe0ef3ab518d59e29d672fddef0d0131578a0,1,0
0x1996ed9f76d1d5c7c808e1878cb9150977c625d8,1,0
0x19cd3605d3c490b8e6a1538accb45d2a506dde7c,1,0
0x1a74d0285a569120aa2836cb2b0fa58038adb800,1,0
0x1a9344c09dfcf923028208649ff49e45ef560e74,1,0
0x1af21ccab4caee0881b3d87604f60af4584dbeb4,1,0
0x1b252cb109ea543bc56bb820286d212fdfa3cd81,1,0
0x1b6f921d37953e321472dd7530c4171a59a10142,1,0
0x1bdd2a02a33c70f7e1672b83652f0e5fc1e5eafc,1,0
0x1c37600c560eccb8f2eb78c192f9db24b8386508,1,0
0x1c3ef47c4063eed709539c7745e50565e96e33d3,1,0
0x1c563ce15828bdf85b61455d10b761e9f498e62f,1,0
0x1dbe67c11c718b4f0d4c22def41ba35fc3f6cf18,1,0
0x1ead0a1e92e285d4a83c270e38e29e4a3a8c0200,1,0
0x1f8231ef50e99d361b5252a24ec2ec44285367e1,1,0
0x20683b7398f3e5cad97fe6317d85e8ac2fd7f124,1,0
0x206c6544c2165f734cfc0233c5be0dbab88acb2d,1,0
0x2088726fa728a9a2df7b4a876e97572d07126cfa,1,0
0x20b5c31fcc5ab82d5d0d30470d726ceec034d761,1,0
0x20f053d7e3a9d53d42fe31ae14eef996c3b5706b,1,0
0x21c6b09b32872c05e9480e6f158d4d59610913af,1,0
0x225a0779f0eb7d91b9dcb3b3bfe6432289274160,1,0
0x22df8f85ad9850151582f89e37237bf0517f87dd,1,0
0x22e02f425620b33c4179fbdd0a3077fc9011d82c,1,0
0x237ec830aa093e47070705682098818c3776748a,1,0
0x23ed26db37221ecb57d1626f92b2d53fd293d5a2,1,0
0x23f0d08797a87e63f55637b02ef25361290d52e4,1,0
0x2440edddaa7181aedc4a185b5af17cf900d0fa6b,1,0
0x24790f2b7fc6fe091f13b4a033b7dbba5d75a824,1,0
0x2581dd41b482448129f140c75e163bfa569dc534,1,0
0x2692a89e01e69abc38bd3770304443640a28c74d,1,0
0x27b60f36c8f7f55e0c41a9b4033d730647eb002b,1,0
0x27ba37d658c9c1e7f3175d662fdb21f0ae347871,1,0
0x288a4e70eba5d4f92e28f8ccc561e9fc947304a1,1,0
0x298490db4080b02260a164643caae1fa0c380091,1,0
0x2afeecfb5396a4c77bd577dc904d2f15c11542c5,1,0
0x2b70891209cc41aa3bb608c3f9c3d64c2d284269,1,0
0x2b80058c3100c0d2a2ed35295f139ea75a58faf9,1,0
0x2bfd9713398bd6b2a2b9a66214df45faef90fc4a,1,0
0x2c640e60c2b388a595ac805a2283f6b6f2ad7fec,1,0
0x2d9229cd8cc7e0e069bc4dc3a26f6dd91c2565be,1,0
0x2dc6ac56158e3409d918c37dc3820ca0e89fd630,1,0
0x2e56d513b05a2f82af13a62f3aed0d46a7c58db8,1,0
0x2efa30d93081b156bc7d8b6c06fd47df47ed9c48,1,0
0x306cb2b6971e46a0addb28086e96e6d73559d19c,1,0
0x30c2d3b2f1001e2574e0c5d2148665000a488c0f,1,0
0x312e949b8432e906d180b213eecc2d48816d8270,1,0
0x31738dac34244088ce78284db1074e03db6f1743,1,0
0x3179c42dae179f7ecb40b9ae46647e45a6daafe5,1,0
0x3238e4dbb25efefc5d00624f949bc40e719a6f27,1,0
0x32573ec9734a1054cd0e35f0e28314e688089138,1,0
0x327140ff891b74bd65e4a0e4f601279ac0bd6a77,1,0
0x329c92ee60ec7720c9afbb17339d863f589415a2,1,0
0x33ba9f262511ad80df5e88e1ba94b0601a47e356,1,0
0x34222e9e32f35e36a542522bf182f11b983145ff,1,0
0x35226e78809a5dae4562b0b1fc4cf96cdb6a01a8,1,0
0x36168e4565b54bbc22731e5e2ce20d2c12ac2e14,1,0
0x3696bac6fdbac148936fd9bee4a9051806c59c6a,1,0
0x36a80db437804d888878bb2e930b37386d2e446c,1,0
0x36c247c0dcd07e14af73e56acc326901720cabb4,1,0
0x370e8e836c7ebf43f0f90f342a401e3966708059,1,0
0x37116fd7ff3f99b60336b60e3a7dc44ec2fc6914,1,0
0x375832af86a7f7c60476dbb47ca54ea8ac913110,1,0
0x37aa15e99aaa83107d8c912fd29699c60da5bf82,1,0
0x37ce6d9390c1844e4000974f35e7f1574970e92e,1,0
0x382fbd06b103f8adf2ca3d402efbe18f214313d0,1,0
0x38f83a5a9ebc013256b3672759f647ba4998bfb6,1,0
0x39282d686c819ed8b5262bca5184132f9d9895ca,1,0
0x39ec77e7d54445177a1612c67cd167aa2a308561,1,0
0x3b22ac2739a20f2511f21f06ee6e013f690fbd0e,1,0
0x3b7f435652175d952a687c82cf18ccaf0f0ef67c,1,0
0x3b99c7f53cbcc5bd6d922373c6a22a320e25cc68,1,0
0x3c52699834cd204f536ba904344e3ee71700ab13,1,0
0x3c935902de787966b2107550460ff3c10c0e7fbe,1,0
0x3cbbff0cc5102583ddca788670eee3c9556fb648,1,0
0x3cd19b965212aa1abd650c64444c4a06ea645f1a,1,0
0x3d9b5e4c014afcc162688b1848276a6171e29136,1,0
0x3dbcce23110b24cb7bbd7cb41adf70fe2fa302f2,1,0
0x3dc4e4f0bf3a9135748802f5e7983ae36212e80d,1,0
0x3fb07c256f94681b021458e2170a63a0c72e6a18,1,0
0x40b24efe9def9a2debdba30c9e404593a6d66ae1,1,0
0x421b0d8cce6f38fc8c4344a29e643da6cb85e4ef,1,0
0x424d79eb7d332a393506079ca4f318dffccedcd8,1,0
0x42ac2d4960cc5b8d7a0c1f3ebeb776d609c80d56,1,0
0x43c8433545b5fd1478caf6f887b5a32e65ec525a,1,0
0x448fa9d4442bb840deeb5bdc1388d5b0fe3a9820,1,0
0x44b3df0d9d8d6cf28f969cf61792f01aaf523639,1,0
0x4578aa2a87d7ba8f19b1e51c116e83d8cab286f4,1,0
0x45e963533659581928bd8bbe16d8c37b51f60c19,1,0
0x46086deaeaacc53e53c623d2113d9f965dc215bb,1,0
0x4692f090f911324e1167956e890efc18d9705a7c,1,0
0x469dbe959122c5405b10aebd0f6233a06f132465,1,0
0x4730a147246cdbb7c9747dd5e469a3cb5e47dadb,1,0
0x485387f0e5a3f27c827fa873277a7b42270c7565,1,0
0x4905e09e2fa94019cd367fe46050ed8f821e368f,1,0
0x49cc048d0cd136d28d6ca929a6a55e45fb4ecf84,1,0
0x4ab3e88e032b585a8a3a869cae3f9fd905dd5b8d,1,0
0x4b7bcb3d16d9b3d04813d7814476eae5ac4ac5e8,1,0
0x4b94fe70c53ff7486afac67db61c5a8ed695b46b,1,0
0x4bda94aa5fa42e9e3747d9cc7f405a04e966fe8c,1,0
0x4bfbf3da92df3fe0fe7617844d7244a43f456256,1,0
0x4c2d0f9080b4d3299ef51f8684641024522f4549,1,0
0x4ca6fa5bb02260113306a5c4156386da59394998,1,0
0x4cb75146e98562c9d79b31649c6c739e4dcb7cd5,1,0
0x4cd1f8562243d8715acf220f76bd7d41243edf30,1,0
0x4d48099f1167a138ab7c1011937efac9adce284f,1,0
0x4d6aea790db2a3e861029c372e6298b180d9e802,1,0
0x4d8c9be84e2ce2f571cab24ef9fbe21d22a385e4,1,0
0x4e3a9949461384bef2bc09ba4f2539c4c6e4eed4,1,0
0x4fc3f434360462339542b43dad2f64db86c55ad1,1,0
0x4fce4ebd24aed2390dfe8d7b0c0679d12dd0ff9a,1,0
0x4ff4956bc0c5e6932683fef82600ef57cf6dbb48,1,0
0x5000715dc45b5581b1871c72c5aa30d8853977f7,1,0
0x506e09e43a9f36493b4dd91944f6fcced3681d5a,1,0
0x507d4933ec93abceb274c47b548512255c1c29e3,1,0
0x50dba6df01bc08b6b665c5925c7e614c8f311701,1,0
0x5156a23761d5f234dcc2faa617bde18639d3e8b8,1,0
0x52095487ddec0150a7f7ac8ed96c9b6f3dd59033,1,0
0x525868063dfb084a3542e2dfeb60d81e21d79c31,1,0
0x525e643ad375fed851379910c31b14905b699e7b,1,0
0x526753028a7782bcfd9d92def6db2d99ecf99307,1,0
0x52b1ff9d3f19eacb32181b0e4c5bfc7c10d2ad6b,1,0
0x536b5b274e37e0eaf22442c4c9dbdefc60fcb615,1,0
0x54384e813145f49eb687e2f3893a10bf3d28f4e6,1,0
0x548039186fb60952df4c8afbe7f22b35c3ddfecb,1,0
0x54f893ace7b7a73bf577a5513b6c3f24e7a17322,1,0
0x556e429cd4be8a9f1ab962b8748ba0ffe84aaee0,1,0
0x55cf851bbea90c64d97003258f18ed6643f3d4bb,1,0
0x57511081a27b366eb12c72baa5c8bed8c1843efb,1,0
0x57525f5faba2bfca259b2129b48a5f8f25caa19a,1,0
0x57a6ecccfbe451c92266261f3960649be3febaa0,1,0
0x57de4a713ebd751de3a4f9332140c60534b8f6e9,1,0
0x58110ef7976fa6c33ab754bbe3263685512e6747,1,0
0x58141ce26d4554f009c659a50d444242d591994e,1,0
0x582e6caadf06d7b4ceda46d85215381dcf67361a,1,0
0x58985d09ae6fa62ec524224efcbb29101c65badd,1,0
0x596b5201b3da8973cacbe78a0399b998ff675dc3,1,0
0x597dc4159a4b85c086c3c679a0b6c8fe2836886f,1,0
0x59fbc40368ae85b188397218fc0fef93357f5155,1,0
0x5a38f942b5a593652ec1eb844cae8865cdf99412,1,0
0x5a5a8b626f384b1dda0788f6b73feffc183a9b77,1,0
0x5a8bf7fdc5be87012203233845dfe208e337529d,1,0
0x5aaefad7e30e262aff4588f1996c4f921c6fcecf,1,0
0x5ae9f813638ecbc7160d3400dc6d607dd9cb1163,1,0
0x5bc06909f8bf862f448156f1dc052129905f833f,1,0
0x5c6703e7d479fecc493330aa8bfc53bcc454b684,1,0
0x5d0a4b19371f18d98d8ae135655ea8e12d7827e2,1,0
0x5d9575e57a197289417ce0cc8eb49230ce07041d,1,0
0x5e306888b1fb8019e3039596366d18615fce7f87,1,0
0x5e906e6aaa0663f9a22fed3ad0ea6b628dde3ab8,1,0
0x5ebe53bb18750b436188c714278d63321663f968,1,0
0x5ec275ed0a9e21ac15d72e62405050356e78bc2d,1,0
0x5f1b654bec9f996b3b0eebf8d22fd77751b99210,1,0
0x609fe9592effdf73231e595808f25a6e9b172465,1,0
0x60cdcd48e5b8108ee9777aee5abc3dec4e51cd4d,1,0
0x60e40ed0664d172361fd38201888ba98be12a117,1,0
0x60e627cf30dbb07451ba6ac9e590a0a495748710,1,0
0x611cfe61e6d4690f53751350347a67501aa159c9,1,0
0x6121a89baafca511107073a508356646a642a53b,1,0
0x61d6d4008a680441d03ab1694a7b41e04ef3089f,1,0
0x627696ddcaa9428bfd52a86f713ce2f754f1dca6,1,0
0x62cb3849ad53d473f4c00de1a20d2c1ba252b48b,1,0
0x635071a5921c7858fd3d72de4e2db3496bf092f9,1,0
0x63ae5a6f23c1159546e301c77cf121721d44ef2f,1,0
0x63c347d7e42b940e79afec3d172bfc2921b6c897,1,0
0x6410a121f8c700dc517b46d87be08764932252de,1,0
0x6447618618c692a814d72556ebc998875d604fd4,1,0
0x646367976015d2dd45907b1d228096efd10fe43a,1,0
0x6493dbd1f0d1b658ab10f6b1d7f550b312a210b0,1,0
0x64ca431e1042901ab9c9b4d29c48360a8c659a09,1,0
0x660c654e64a9635c72d35b8322bcf4ee020fdff9,1,0
0x66f80a55ffd549309a5352202bdd11b96c72d6ed,1,0
0x678312a2bdd03d7d26351886d303e9d6b15e4f47,1,0
0x67b120cb8cb32ab70d4d88a92f65823d9d450800,1,0
0x69155e7ca2e688ccdc247f6c4ddf374b3ae77bd6,1,0
0x694a20d325199b94698778f2ded782792516a726,1,0
0x69aaa47c562f0347b98532736accf3746aad7e45,1,0
0x69ac7188ecb2e00b50e6e408c877acaba2b9b848,1,0
0x6a426baf82e4a2bd92141bcfe07c4f93c8d4b86d,1,0
0x6b020dc9a5371b8e5421bdfb8aa0d6f52d0abc4a,1,0
0x6b1d313e91dcd343995c5df9c4212d7ef8d47889,1,0
0x6b3f1dacda8c3038f91ac5b11e1a348caccf1f00,1,0
0x6b8e125ce4b16a077076eac4a8f6e2ae492374c4,1,0
0x6b9fd1e22829306f7dd04d69e3313df1c1673eed,1,0
0x6c717198261b01a90eb66778c8448d30022321b3,1,0
0x6c9d56671a152a9b310f808b88f522f01a223754,1,0
0x6ce617317a75aca2c9f7129bbe329bcd242c884a,1,0
0x6e22706d6e86c38f4bad40415b1b4c76f5b821b0,1,0
0x6eb1fa87a3db7c649481ae13795a417a7ba80fc2,1,0
0x6f0d30ee2bc8d381eefc23d5149fc9eee268321b,1,0
0x6f6078ace0ff7d6f00b2089ad37fc1209a3c49c6,1,0
0x6f7c4b3673095e504201d5ba8bae6ac3acc7bc52,1,0
0x6f7e861b4dfc55357360ad2ada01bb8fc4eec80f,1,0
0x6fbec2caa6c27991d01cd00b618e733b83d1726b,1,0
0x702c99051255ff9c621eddf5a752afef2f1ac14c,1,0
0x71db4acb731236ba67482bee3268a80b9cff2943,1,0
0x71e78c7197eee4ab2a5c940477383b89bfb7c5bd,1,0
0x7214e1d350ba8e2b19de4f77ddd3609af06aade2,1,0
0x722b58ea8ac61149858756fcce2dc19ebf0bc249,1,0
0x72474cf4486119cf26b380a20702885eb561e6ea,1,0
0x731a2bd6bd64c81d51890d9ee2d150a93464e062,1,0
0x7370baf9e34f7ee48f5cae6ca5a03b07b4bd0088,1,0
0x73aaf45bd4bfb082b088722e1a0e5126e9a8fee8,1,0
0x74a1aa1607ec712f2ec937cef6c76cb02b34d0d5,1,0
0x74f8e9b546ad76544175a029f3cb46f232e7a049,1,0
0x7599f9fd6efc53d6cdb03dc6bcb3a6bbb77455a4,1,0
0x765868d902a54e9a58ed1b67801ef92cc491e6de,1,0
0x76755daf288eaaf8ecd2b48903252231795784d5,1,0
0x76836f5fcf65f2828eabd92fda36ad1211912140,1,0
0x76db5ea14f3a01da6a64808f2784db977b6fe7d5,1,0
0x779270ed993483f8caf1a5d96125f06071fb10e9,1,0
0x7885ca44e57ad94782538bb151a9daf7e89fe11f,1,0
0x78de2b1f4d95e5023b1fedbc64f0118556bd37df,1,0
0x7982eb931808561596a121b9e379cd81af05fd8b,1,0
0x79d618e2782a4f06546b167670f60aa3889a17ff,1,0
0x7a3b9ee754c0e3c6edee33bd4fd22c3ec88c68bb,1,0
0x7a4bb622b292192bf0555bd70a49255986a6b8c0,1,0
0x7a962833c2b4c30a1d061f3efb2bdcf0cc41b72d,1,0
0x7ab0f85e2de9c89629adb874a5cf0ad33b3a6912,1,0
0x7bd89fdc16d7426cdc9e1c585cbd2029aeaff3aa,1,0
0x7d59968dcd1e57e48f0dba28f460b782779cf01a,1,0
0x7d764bc0979be4beb11ad93ee663af62c618245f,1,0
0x7e613f4e09a52ad3e50a914c4da25fdc8f07d2fa,1,0
0x7e8d97755b176349a3da82107b2339fb95049905,1,0
0x7f143a46af0150fcf410655be6543b36be2df44c,1,0
0x7f23f1c4be15fa3adabc821de9ef70efa5503f24,1,0
0x7ff98e5de5a8f3fbe07ac97f0b99a9da01f98720,1,0
0x8018f89db208ff70408d0f6079b50939fb11ee44,1,0
0x805c8c091edf57cf469ff73e6dca621c5cba7758,1,0
0x80fe121b69163e17bd4e9cc573652e29e48fa4ae,1,0
0x817a322d652ad609986c56eebd3375fb9f0462a2,1,0
0x818f8f761aa9dce13b71f48719e80a8acf057090,1,0
0x828471c2cee64a8b146d82c46f39c1889810ab1d,1,0
0x829cecfe65bd215f15c7d57a261126913e0f8f95,1,0
0x82cd80cee3e990ef869ce1675dbdd29574881632,1,0
0x830b26103583fc8590c12fbcc89451ad8a5f65b0,1,0
0x833fa2ccceeedd6f7b7e7ca01bc0eb4f31f8d985,1,0
0x83f58ecc47d1ccdac9682b73d12c1ce70c0e7ed7,1,0
0x8434179bdb3cd3851a11d17a669d13e2d16e8c99,1,0
0x8456e985f5140e0e8cd9ac5fba55e0bb727d0415,1,0
0x851a839a4b332b2442d06166bbaf7816ff4112b8,1,0
0x855216a770fd7be1e5715880d29796f189f0721e,1,0
0x85f618a1f14d62a528ec6b477209a798b382365f,1,0
0x85fb135b09be6b9f57b63cf1a3ca2b54ff1fc810,1,0
0x85fd1af4638e3d504539df5684af8940c27545b6,1,0
0x860078e42fcd17f7b3275d952626200597d73df5,1,0
0x86c7562d374fbc157f2629e2de256342916d4709,1,0
0x87001fe0924b20441d3131631cf0278d35862906,1,0
0x875bde4c417e22035c03bac45bb953d8000aba70,1,0
0x87c1dd79107f8f3df27212115ef5cd55c6d29e6c,1,0
0x87cd0a06ba8766320405ba1efbf023d3f777d60e,1,0
0x87eff1a349a6f257ce2c80eed0dad58899666e5c,1,0
0x883299a83b1fcf8d1c0737bb4af37949f829e4dd,1,0
0x8955576061d89990c7cdbd6c5c387169abb19a68,1,0
0x89822e36b3703e10595e70d55821f9326cc9db74,1,0
0x89df1f9acea150548c9cbc2f1591812b9a3e3a9d,1,0
0x89fbd2aa45093ba10aaa7a404a6635cb57c2afaf,1,0
0x8a0c098e896fa309828a35ce714403d23cbbcf3a,1,0
0x8a1eee1dec891762373dbc4ef4bad07d756b0f00,1,0
0x8a8c879d39a74fce0593714956bb7ed048a5c1bf,1,0
0x8aca490112c3cb2856ef3b9baffe4ffe8dd90539,1,0
0x8af743608c1f0634135c8a1613932930be7c286f,1,0
0x8afdc1f21801fb274c525b8177db63a8e130465b,1,0
0x8b773f2e3aa7f9d64cb93a95a0b42829d6bad7e3,1,0
0x8b963a35b87a3f926215fa5f58c0c0c6df266bfc,1,0
0x8b9f8a0330c67dcceec401a76df6506145c48a47,1,0
0x8c5eeb6cbff441548ddf30793cadbdd047a68e91,1,0
0x8ca02cf7b1d8b3c82202404fbe5ca5db9ca1688b,1,0
0x8cb1f920e437791a97443cc81b62476120d30e40,1,0
0x8d106c747cd21272d4c9ff0af8d53a9c9aca25d2,1,0
0x8ec1737458f8f3a9ca41f26a5a474fdfaf4bb4f0,1,0
0x8fdcb9234e2411444734ce20ef9d1c668a4868b6,1,0
0x910f3ee1d4d14fcdc14427cfc5a8a2a4f933de82,1,0
0x911a205528c54d8b0358d4b3b587ee23f9443a73,1,0
0x91d669ab5b5d27c67b62954e81a6d2a3a08b2d94,1,0
0x91f684d70ced2d9789b1aa89f996b55eaf05ee8a,1,0
0x92215391d24c75eb005eb4b7c8c55bf0036604a5,1,0
0x92bcf08f9c0a759d92f900de5272c352bc62e6fd,1,0
0x9325d45d61f69b11c104ba37ef71cf717a60cb71,1,0
0x93ca8e2d24aa5a542e1d3ecb87742a752d9a77a6,1,0
0x946e746c1c23670f6c57b0868448c37283b0f74f,1,0
0x94e23585b4eda0f609de06c03943599cac861183,1,0
0x94fd5210b1e29bb26c1a9c641ecbbfc8015b82fb,1,0
0x97b32adee4cbebd4c59d2a3406ed58d056979d47,1,0
0x97b386bd2033c486ac60d346037c87dda9c3012a,1,0
0x97d411e2a75f635603186431fc45a5e4195c7ec0,1,0
0x984061a332f0d28e3ae8875ac953e2ab38a4608a,1,0
0x9897359f302f540d8b9e460a85daba1b4f862706,1,0
0x98c9eb634e8f4892c52e2a4a3d10ca86a410c7d3,1,0
0x990255c8add901b26e177f1ce8a9acded9af5cb2,1,0
0x997b82ef537cac78e8f2a2a0c7a765a1df93dd4b,1,0
0x9997df27ccaf065190b4695a50cd1832839b4538,1,0
0x9a1654a15ccd68d04b353c7ea8d5791a9316c2f6,1,0
0x9a3330d36ac0ef1b9e260c81cff6c758f8b0a695,1,0
0x9a967b22fe565ae8d95e430bb054d6834b549099,1,0
0x9b32a9d0a3e3bb4f712956d925f61e3efe50a290,1,0
0x9c952fc22ad42a56a7399feb9879b0e696099798,1,0
0x9d2f4c92146cd7ed028a3c515af2ebc25828a853,1,0
0x9d5765595a92c560c8759d2a9c375c66123765a5,1,0
0x9d71c4edadea1c80be7074e304c8d2dcc71c0b12,1,0
0x9d76cab6eb4ce9f45688e72c82a83e72904d7d7f,1,0
0x9d915ceb820b5243d4a609f149799b540ecd5c67,1,0
0x9e4b3ec479a2eee397169817f569dd934f43fc1c,1,0
0x9e856d1c484730c49e24c2ef78efb45ab19d03ae,1,0
0x9f9ebce72c0715cdbad4d589986eb22f6782a1ce,1,0
0xa012976059b88f8b9d2e2e1d035683bab69d490f,1,0
0xa1822c7337edbaf5ce22cd06dbc76f55255bb6e6,1,0
0xa1f3aaa3a96db3b20dbde1b5f8e3bd564df8ae7c,1,0
0xa27c532b28bcd3af67161b148c4d2b20d712f0ce,1,0
0xa2ac5662c353ea53dcb43c491076ba500a0dd5e6,1,0
0xa2fcc0196a6506b4b5a5ecc407b6811320ce1313,1,0
0xa3503ec0504ab6f090d8b74381951253e908d3ad,1,0
0xa3da716eb16e9c1ec64fcff7f42c806ceea69d90,1,0
0xa406a8384f729c9c2c882b64feca4aca82c891d4,1,0
0xa409674ec64085b579203e5f21e078f7d6ab7dd7,1,0
0xa46c30d1f4679a6517d65b9d8b2998add4d321e1,1,0
0xa47dcc127bd2487b01477d8e381dced5de5e5033,1,0
0xa51ebec3a12d545040dfb313e33a8052055a90fb,1,0
0xa5fd64e05953a35cabeb7593c047d3610164a057,1,0
0xa60093aaa8d173c7075ea2a03f1ad259ba75b43a,1,0
0xa65edadf32e5730ba78415138e10751f317e4de2,1,0
0xa667c508e52c921c0fea9d663cd09c6763b0507e,1,0
0xa68176387a8a58814b780529df1d164d0904c9ec,1,0
0xa6e3b0048a3567c0fa525fdc35745e1e1f0b8d56,1,0
0xa7f053d0a4df46577428b84fb3a59e98775ee698,1,0
0xa8e2d554adf787f3c20e49e8df6c0490871e5588,1,0
0xa8f5f683d7c5cff64b030a8303a32e0fcacee18f,1,0
0xaa2547daf218167b13fed3f3701f1c654f228a55,1,0
0xaa8bdb60ee28e7616bfe4867f58bfe4edf858271,1,0
0xaaca8c69451442983e84ba5bde55895ce60e1f1f,1,0
0xab5495a999e608fadc1fc99daf46eb81235515d8,1,0
0xabb9cda9dfb2a785ccea2f7ab8ada4c03ad33550,1,0
0xabf5cbf354b338b6a385e8533037fa93a621d554,1,0
0xac3fece0ecb0d7cf46e5836e0940432b017a5278,1,0
0xace7002ad993bd95b8ce9bbedae505250d0a5b18,1,0
0xad548543f7ca61b61179e7d9e78613900e10a74b,1,0
0xafa8d5e91a792d8fc20a8c1b3dd0951e4781f836,1,0
0xafad92a267e871a90a3bb0bb0e46dcba65f34357,1,0
0xafb34e1a7e222d691b2392c926ed87846f9848e9,1,0
0xafe1487f27934558f9d714517573d38f1a3dd872,1,0
0xafe58e833eafffa7f26681d8d2d7e7262174436a,1,0
0xafe8cda42b5019de809cb7d90daa8cc63e9822fb,1,0
0xb07d3edfa051934b9db4c9cf6c07d836663aadd4,1,0
0xb284b28538df31374e646f8ec0f0d749150097ba,1,0
0xb2d95951a91171aa0f3de3a719d0840cd9933622,1,0
0xb300aa30dd33e1ae849cb69fa23d6ddaf90a69bc,1,0
0xb34c88aa133e9f0e94f592073e74d2c97d3b4e3e,1,0
0xb3524caf4aa03259385147bf4d0aeae102fa3552,1,0
0xb394e69844829e2ba5d791e2d205d0d6f020c81c,1,0
0xb4643f645f9347c31e80f61de4cc80bd77bab1e4,1,0
0xb4d5931d8afb101c8875641d7b6b1dbec19c336f,1,0
0xb4eef026e0db154d7195c128e6b18b4c1c0735cb,1,0
0xb53e0b376983f6c8cb7c50f9957748a8d9eaaae5,1,0
0xb554b58c1c362dd54de5ac96775da316f976fd0d,1,0
0xb58758f798e4f28d9e62f845561aaaa990f661ba,1,0
0xb5a2587a9e88018e7721c93287733b501381adab,1,0
0xb5a8e4401cfcea6e7f7bd98c5411ac1a19a75a60,1,0
0xb6273e0b437e863a235fd2a91af7a954b431e7ee,1,0
0xb62c0fd71d304074923e035a85f03fbe42d617a5,1,0
0xb670ca44d5093e62cf0cfb56328f86d54024dfce,1,0
0xb68d5de05efc884daff34e4eddecd82a0cd63713,1,0
0xb722c6289d4cab5a6d99bf9030a93702bb5fd211,1,0
0xb763076b77eee72e5bc23dfd1293be4b4ec7900a,1,0
0xb7831a193f8f10d7120006c3bc8cd1e4df24fbe2,1,0
0xb7ee3ec90520b34099e9b015640a97180c339772,1,0
0xb9cbef341ac5088223473e03b4d668c6b4d1d6b8,1,0
0xba89d66ac9549e5aabb2e23528702cbb974bde68,1,0
0xba8d6600f02cd4abd93ec63eb99463a18ac75004,1,0
0xba95b4a5b130c4c1d27dc9e8adcf7f087cdb4c52,1,0
0xbbc4333ae20e1a3460b770a8a229cfe572909f3a,1,0
0xbc099d2c4631c7337d28b99ce1e1d4eb36a3416f,1,0
0xbc111012b25356dd913c0bdabe0d8963fa2c3b22,1,0
0xbc9694f255256c005056f0e21c7083881a293ecd,1,0
0xbcae1c8f9d10397243414b3674511db10eb8055b,1,0
0xbd7bcbda4f0ca2a658b87e75f4e4c0f5fb8203fd,1,0
0xbe2a5befd8748d9c5e96aa033d570d04df72fbf6,1,0
0xbe4dc271b6f4b04e440b18724f361eab7d19446a,1,0
0xbe5b1afae3d69e0b193e18ba75ea27e45af9d681,1,0
0xbed206ee3ed57e8856bc55d75c9c07b37fa3cfb8,1,0
0xbf530c0e26d2c8026452fd20ddd367d62a4562ba,1,0
0xbff154a1e5f07ce2258880d297ce74f1413f4aad,1,0
0xc07ad85c0ef78216836f49e779aeeb332da405de,1,0
0xc0b9eb93b4b409e47ba66b69a0dda7fd4cf3c9fb,1,0
0xc1b1414e0d663efb312635107af706ea232b3e79,1,0
0xc338abe58a29585d220fdb6216a2f07d3382194f,1,0
0xc33f87697ef41e0e95e7a55d1ec8180f04088578,1,0
0xc3673adcad9356f1b91add3d64d1cfe1f5431d7c,1,0
0xc3cc58b61c83db45ae3614ffefa07d93b4017f45,1,0
0xc4a017e8ad931fc55be0c6c7af02a70c3171909e,1,0
0xc593bb4333dac717aa202e5b9fe46a7679ecfa59,1,0
0xc5a1b9bfb4eff5ba4b0bd9eab6c27c625997cf4c,1,0
0xc6048e46b00ef5473f95f66627140418bbc29b3d,1,0
0xc6337d081a59897bae82851d22d9560b3de3a845,1,0
0xc65aa07a7134b08a558cbc29aba93cebdfb02a33,1,0
0xc6633701dbf2cf81646070a04aa16db078e93fd0,1,0
0xc79b9ae0de702875e2fb4a5dec6db3d5830b7ac8,1,0
0xc8c16c236a825f3dca939b84c1e34cf03507bbc5,1,0
0xc960517dee7a3fc8b1f28481fd82756023d3470d,1,0
0xca63a21562dae4472bb15351aee25522e0a14d75,1,0
0xcaabed903520171c36dae7586d9c039b7ab95b90,1,0
0xcab19ce32b92898d572aa4261e4a2b968a0d273e,1,0
0xcad84188522db9fb6b6565103b098df1b847bd4e,1,0
0xcb1b704ce494b73e2f9f67f876a464b507d2c97a,1,0
0xcb62150cf23c094fb69daf7f29d032b0e82c34db,1,0
0xcb63e4f7080506fcc33fc44072a3600bdd81f165,1,0
0xcbac7e254d2e026e52183322e1b8882aab4bf9a0,1,0
0xcbd680045fb7125b53ccecef487e5e00250e322e,1,0
0xcc4cf561ff49ec0b8529aa745c6225123dc8b499,1,0
0xcc8280dc80acea867fccb139ed29662a9d8467be,1,0
0xccb8afa6e35f5422d96486d44a351a6558f21ff5,1,0
0xcd07453cff60de9a2cc2966a9015a83ed3c38955,1,0
0xcd088e347ac400327ed62494fa274d5e69359fea,1,0
0xcd0d967449430caaabda422af22f64254c3f1168,1,0
0xcd18b43189e093f120d3c0910ac8b6be0661ff9e,1,0
0xcd6c653ff9d56155a30a0c4b5bc67c69388271b2,1,0
0xcda9f7f1030fbba0f74af812a060c94517e1e74c,1,0
0xce169b394ef810d7dd3e450404d1267fe72edb1b,1,0
0xce2bfaa444b235a361e5805180aaaf93470c3886,1,0
0xcf01fe9384aec68b7e3813feff49af9a7b875304,1,0
0xcf80e2fcf102d447614f12020e774244a93af29a,1,0
0xcf8373446363216f0dac6ace39cd3db12cf8689b,1,0
0xcf92c29cd74ac91027c88d6290697953e0489087,1,0
0xcfbc8cb4f870e512c5b055881f8ec9232de8fc08,1,0
0xcfc93bf426ea33f12dc321ddd54883834c59eb6c,1,0
0xd0319771f95375b161006fb2481fde74eb80ccf4,1,0
0xd0d0c58da21d60f2a87efd6e68894387a97a1dc5,1,0
0xd12c687edd2ad1fc02389447d57d8487beeeed29,1,0
0xd1c805676244085838262806ffb92b21421e5b8d,1,0
0xd21aeb00d9501ce0ea2fd442bcf3cd8ddb6de7be,1,0
0xd25d9e2d8bb5f923c651c11dbc4599f97278f854,1,0
0xd365bfc9a5991727790685074624c23c8fad455c,1,0
0xd3811eb19a779ecb57d57f2e43d419b71ca8622e,1,0
0xd4357cf9b5466fe61778baa2c463fcfba84cce19,1,0
0xd465496741c1f799e202acc0a6f8f01794a6e14a,1,0
0xd52f6742e1d6d79ce9c8a37f422c9da2aab8e4e2,1,0
0xd5359ecf7321b11d76e7b2a252e85bbddc1150ee,1,0
0xd59c3b026e9abef3f744491462d369e4c27040b3,1,0
0xd6085004c76586decbb0ff94e3df98cd4fd78815,1,0
0xd63fc5ac96bffff69bb2ccd6b85983093802c249,1,0
0xd6946a5eee09fd167b9920d5647253ace122e9cb,1,0
0xd7e01f0403776e3cff89364fbb4fae462329094a,1,0
0xd827d4b8f660db6edd4cf7fdd3365765a6fe5557,1,0
0xd83d994b102a5e6b452469d26fe5acd1608954f9,1,0
0xd91a53803dffef52d4f277e55aa97ad35442a6ff,1,0
0xd98268153d93b1cf82ffae79c9ff2634b1ac3a4a,1,0
0xd9a0a16e5a634bf5a02962b667f17c65bae14086,1,0
0xd9c5245bbfebe6360ce6113ab12f8c0198c5d686,1,0
0xd9ef6aff734e6d779b0a3bddcb0049f3afe1957e,1,0
0xdaa9e3ca7500d7ba3855df9d8bccde229c13919e,1,0
0xdb2a270f76f95a06e8002d50b4fd7610f0e0e9dc,1,0
0xdb33a99f64a75af9de05c8e0e6a47cd8fed6c8b8,1,0
0xdb3cb7b20df71101dd786772d80802bdff40ad65,1,0
0xdb7cd0ef0b4517edefc16fb974c5bd19cadd10e4,1,0
0xdba89069756d68bafaf95a1a8bb05afa912b0b97,1,0
0xdbbc16ec59e3fdc4b63ae057e7723ca2a6f0b719,1,0
0xdbdb01820e214e5d435815f554e1baf58090f404,1,0
0xdc36fcb1497dd6e0ea23d22ce942b433cfaf0660,1,0
0xddebe9a48cdcd38677739384fabcc00c9933b1ce,1,0
0xde79fa44e6a37f437b2dc74e81e3958abe9f000f,1,0
0xdeb679f97db9c8cbe0fafef1e7d7b5b68814e973,1,0
0xdec50a97ede3c99f98d257868cb1d5bf4498576a,1,0
0xdf016d49bb059b6a1ec651bbc04c54de701f5c47,1,0
0xdf08aaa381631eb6463a014b9305c091c453525c,1,0
0xdf7bca5b44c11173f39272fd5274d88d17544fb0,1,0
0xe0bba9ef3bd7fb5e875ec21f72ed5e021f68195d,1,0
0xe24222d8d0da2b076de29d8be73e6c0fb9797f70,1,0
0xe2ad14f95a07652c8113719334c5e244343cd7bd,1,0
0xe3bc007ef603208550e9666c85534924501ab673,1,0
0xe3cc107321ab70cbd43cb2da37ea4e46755c43cb,1,0
0xe3ee32c25b47d2582b2b7381fb97f1ac8ebe5c59,1,0
0xe46cd302b163cf6e03c4bf1ae2059c65f97987de,1,0
0xe51540f72f9bcd25559d7438fd91296f560d8ec4,1,0
0xe538eb2f128634a95a0ce48f9efb3b6b58d1b3eb,1,0
0xe53af7fd3c2629ff427adf9c870fbb0e961f989f,1,0
0xe5e6a282cb25f0e1eaa28a6d67c86c18134a2682,1,0
0xe6cc5e3ebb07b5156ba3af510b8c6ca19804d88e,1,0
0xe7132cf69bfcc561514da2dd9a5f7af60f0e5a62,1,0
0xe81eceb58daad3183ee835ddac501288bc206d75,1,0
0xe8b023ed28131909c39546e2f68afc8f5031c7da,1,0
0xe8e0af09f80caf07d962d6becd7117923f6a8c43,1,0
0xe8e5909dae931d39c0d068d5896db656ff87d1db,1,0
0xe9467fd631586144aa32e7eaa3ae20d9a68461c3,1,0
0xe9a10c89ff2d1529d84d34365f7b1c4ae5ef6f50,1,0
0xea01fb473033ed0aea4f1ecc3c8bda41a2cf4134,1,0
0xea3339a9aac6e3c7efecd9e9c9993f3a0163d7be,1,0
0xea53ec04b8c2f5e34e890ddb5aca821a9f92ee79,1,0
0xea75c4d702e737d030387fa9d0d84e7a307e604d,1,0
0xea9d5a51f1a63f023d562bba9182155a2d640358,1,0
0xeab804590011d0650fcb6c4da1870c6e9ca062d1,1,0
0xeb939516a1f91c2d386d435f3ade8ac396e5c97a,1,0
0xebbe05f721b2aeb233a13d612a2f88129598fe4c,1,0
0xebee20b43f98934a16ffbd252c7c38f3d80a9ebc,1,0
0xec49b8eb9c9981624773252d907e7792f5991bc3,1,0
0xec92a8454145365492e839076863d131dbf439ae,1,0
0xeecc5f5c0704c516dbb832d18b988a11e364637b,1,0
0xef45244f462cc384cce89fded30f95fec587cf7d,1,0
0xefc5ff84594ebf147dceaeb5c41079672cf0d85c,1,0
0xf00d7d44932fe8bf93994534d29fcadbd9539d21,1,0
0xf03996fbe4f14695b93f27c769e5291a682ee298,1,0
0xf06be41ca39ea5328afbb1b73a9a9a0fd0ee0ce9,1,0
0xf250afaa15335648decb48bb88a038e3de9cdacb,1,0
0xf36ccab924910bfceddce38377ca9e764b86c272,1,0
0xf41ab5372ba7fead7f0f9cbd4c9c20d76ac74fac,1,0
0xf4a40f5ed0941e42b7c79b99cdff5bc4d329d1bd,1,0
0xf4a4a703bb3d229f2e1776c350cbaf284a75de7c,1,0
0xf4ee1b18aa71a18102af19e6b0170087c82250fd,1,0
0xf4f4815c71b8f665b24e8ddd01acfd24e1fee4d1,1,0
0xf66d4094d0c66fc43494b453008f6853b4a45c89,1,0
0xf6a4fb82dd2b375fee5890a7385729782124cbdd,1,0
0xf6b9e9970258005755879acc67644274538913d5,1,0
0xf70107f232d1d0ec2ef78cf938b7961655429df7,1,0
0xf7350107561d770b0f58807b90cc76b97f9abfb0,1,0
0xf75729dca43e96dc38f519d1dbefb950ae95a507,1,0
0xf89f0c683009fdd94f4563938d91e38f60c09489,1,0
0xf8b03f05d79b0644b70e0c19cb443ab9f9319327,1,0
0xf909d70f3ba098a51249e91063af56c2eaba7df9,1,0
0xf990ce93c674e610939789f4ec24a9c08ad8c042,1,0
0xfa17ed2d924c31f3913e9de3aaeda98fd45a0088,1,0
0xfac219be81d0236e4167163111298934b53a6d95,1,0
0xfb86fdc2c50a4c7b9bf7b6198649b877d8d2a4e4,1,0
0xfb8716e50ed1c4f9bf2ebc2a27e2075466fa0008,1,0
0xfbced3d36bfa798c3ac4fabebde438a052fc3c3a,1,0
0xfc52d238e7c846af2053c8a5a918faef35db5158,1,0
0xfc576335739644d1998d8adca56b7eda36575c0a,1,0
0xfd04fb7f56b86d3597e63a982cc6bdb5840bc032,1,0
0xfd3020c0ecf03f798ecc3a47273a04d7dcf9da18,1,0
0xfd49ed203885f0f8a60d4fe6db99efc9e790d7f6,1,0
0xfd608eb135c5ba9b76a40bcea66ac58b4c24631a,1,0
0xfdc4b9d5918ec76d5633fe9bb41a8c7403637b4b,1,0
0xfde8b81e98d03a1861e43769cf96cafe825a3ce8,1,0
0xfe13b6883a66222a1e7c4fc2375b1c86513ea9b7,1,0
0xfeaa31d85403a3a931e196b545b9a0f7e64e4d57,1,0
0xfecf0de7e697298099083e5e50e91731b4fa1ac3,1,0
0xff0f5aeded27db3af11ad4a7130e56a9bea4f161,1,0
0xff36da79cf472a3d0d60f95561adce920514630f,1,0
0xff50e30630d34ff0bb0a5ace3527ac9a36f25371,1,0
0xffe6a865440967ad098a14eff7007aee8a947f32,1,0
0xffec90fad1f7fbca154a5248d329dd9764e03fd4,1,0
0x015455ccc1713f5637f850741dcf0c1d8df819dd,1,0
0x0385ebd136bfeb8e1943992c23211a5655d6393e,1,0
0x0654046da9ddfe02b7e691a0e66c2849f438b5ff,1,0
0x0b807c9f5df9471ac46f2773cbd6ded18069e6c5,1,0
0x0da0bde2ccf8dee7633e1b7931797d2e84a5616e,1,0
0x10f21ee9c9ff00ff16bfd51c941a36a999634b9f,1,0
0x17fda81a7cf9bb17213ca5137f79e590c63d0ef4,1,0
0x1e8e38c04217e679745158699e2d1f5790d1fa85,1,0
0x21755d11843c186a74cfd3cdf64741d883107d67,1,0
0x23212ea0e2583151bb1d507e7d71e33f6ba9c422,1,0
0x2596bc6ccee8e19d2091271f554efefdd84f93ad,1,0
0x29e0ed7c7199e525b918f8e2e489f6ce0a15fcca,1,0
0x2cf4a737432f8ad08b85f42e9256ea4b134c39df,1,0
0x2df5690daf8392c5fa4d0115d34bf5f532f17f3c,1,0
0x3573f71c5604e038d3da3d8ec8c1a611ea56649a,1,0
0x3598a12925078a00eb72757d7c146e4d77ee5ef3,1,0
0x37b45c3169a3db1231b886344b919842b5036cf3,1,0
0x40393cc2426711e2a6c2d38e1b2ede955517fd83,1,0
0x46c87da3b922bfb6a3ed94f44a0c28cf6cc46be8,1,0
0x4797a94741b2512c3236d61ca0195638c44deb4c,1,0
0x54c005542fb2cbc47edc957f7f8dc077dbbbb130,1,0
0x557cee07243d4e188535c857f20324baae270e3e,1,0
0x587764b66e280c06e56289f44b552109396334c8,1,0
0x5eb8a14d542595e127f1de35c0a94db76c9aacfc,1,0
0x62e949c4150b79d63263430b6c5298550e63a17e,1,0
0x650825e8e90a70c3f35cf522bb49fe818113179e,1,0
0x753e0e794fec4fbc7ff788208f67acbc1f63bc73,1,0
0x78ca7babab67436f2af344b704920607f992ad81,1,0
0x7e2357fc0435dc48809e32d0735cdb1725cfe034,1,0
0x7fcb29a8393afa13f91d4b359658dba597f4e0ba,1,0
0x8007221ab6bdb20496eb74d038cbc5d590d1bea9,1,0
0x81f89a3878638f497598d79c42f7f4935d0c6a61,1,0
0x82451e186ffd91afbef2c669c30b751d8084ba9f,1,0
0x84310a75ea5e5e16f77f2e8299e0299183d7ef1b,1,0
0x85172ae486468688ba6eed505e55103ec5e25dda,1,0
0x87b394d8832a1b00170f5238d7ccd67dc68c4223,1,0
0x8896d3bf2bda50f23aac6fba4622c2eaeeb17599,1,0
0x8ae4c29c97a9dfba7a4440c6336a7d37eba0e12c,1,0
0x8b1c357ad3fe3dbf7ae4e43a18f2c28cd3e853e7,1,0
0x8b934261878059a21c74f67c9fa00c6cbd357e14,1,0
0x8e20fc36e64a9e74042172712ed5c6b8abedb856,1,0
0x965633967758e068ad477e3a110cc551d8490617,1,0
0x9d631a9a2664ac3155c936463c30fce484f52ad4,1,0
0xa2612b6726a66686cfccf416f8d69c40aec90c70,1,0
0xa6e6fa716b55a08f3f75e8b99d954725bbf56927,1,0
0xa7ff39b36925e74093b185947441d4e5c54c6436,1,0
0xaacdc584c92bc1b71317aa3680431add5681cdd4,1,0
0xb2674a2f509d3279453223993ddf77cb2dee7aa0,1,0
0xb588e947132b9dec0c30f555212ae6583f476862,1,0
0xc1b879f40591b4c5c3d8bbc53981b7fb786af1b1,1,0
0xcb0305e2ecf6ee44f0547cb97925dbe05dec754b,1,0
0xcbeac49b99770314b030761fb68e74cedf59e6ce,1,0
0xccd11ed84b74c3ad17db9678b0894092fe6cd989,1,0
0xccfb4730c3be96ce8a02a8f1f0f6a14eac558e0e,1,0
0xcf75fcf0f82c6b946a2a29e002c72f908bfeced7,1,0
0xd4282ea73ff6f5199765b9583b3c0d368d82c034,1,0
0xd4581f8a796c4613a1a00a318ee9aa0ca2723e0c,1,0
0xdbafd50ab88b51ed682cf36a70a72190ebb45440,1,0
0xdc258cd32c189ce25ac494550b489895589c0819,1,0
0xe0ffca24ea3f4ad4824c51b56ad1b70e46fb705a,1,0
0xee6780001af45d3b17a29641fba10c8b3077cc5f,1,0
0xf1de178441268e5ab7bae3b7a6625da7a7290dbb,1,0
0xf28b709d3d3354f38aa65ba8d0254687ddd30c78,1,0
0xf464c6cd7f438c64d7c3ebdf5cd2c3b01bf74423,1,0
0xf5d0e4dfa4e7b70748c6502a93c96f78857d9e45,1,0
0xf8c4d188dd64ca8e01b3275f1bd967cba18b54cc,1,0
0xf957b48f6cf56456213be9163ea008d0bd444a54,1,0
0xfdc0915c3464ae02f7fca958bd0afba5f99e49b5,1,0
0x02147dfa162845997c10cc73a47c75a7abd26893,1,0
0x09dfa0d77125978997dd9f94a0f870d3f2900da5,1,0
0x0a278898cfe1326a514a723944408ccc1e372c60,1,0
0x10364bc63464bd9cd6492e9a1c6de7bf91e60d38,1,0
0x111954513f984e5678923cac6ce8b183a06874d5,1,0
0x12abc451b6cd0aa224962a2030de00dbf09eddef,1,0
0x180b13097cee3d8127219356a54739e195418c55,1,0
0x1bf7464f7102641baa6f8e888dd72a188b66999c,1,0
0x1dfc0b8001b620bbb5a4a020947593a18f857141,1,0
0x274dea9e5746f0d57781f64777e3a3d73624ad5a,1,0
0x2781b764f051a3f9b9b82f46cea364034d46172f,1,0
0x2c7ab7512c4b368e1ee937156bfaa57fe8a1a1f2,1,0
0x2f4ddf49dde17758977be103c34bdb6c61b5b397,1,0
0x306edccc533b08628278a6afd60a628bb8b4ab0e,1,0
0x3b981fa5dd50237dab6f96a417a6690b6f20fcc4,1,0
0x3c38509fd87f8d3bbdcac8eb5836bc9ef61da327,1,0
0x3f0886d2b09f68944d5e50b74fc37487d729bdff,1,0
0x47b7109c7ddf24c358f3ebb0e6aa05cf0ea0414b,1,0
0x4959466d28243bb44cfed758a867a0062043d8f9,1,0
0x4efccc82f3fa662eb1949b122abd470df73b6d91,1,0
0x5350ad1434e9028f381b8df608a7c426be371ab3,1,0
0x54924293593ecda29cf213985b0a1a2ebf55a3dd,1,0
0x55078d42c77873910228b3d2f83ced132606def8,1,0
0x5a8948d8b29e9501d1d4924598d196fc6bc77bad,1,0
0x5ba1342f0ed04cf301f1749a3b2a124fe8d6f0ae,1,0
0x5bafd59c34c3bb6819868a4f6a1aafeda5f3d86d,1,0
0x5fe7f8e83ee687af727676d71ceb86e96efeb1f2,1,0
0x698f14141ad6380f4cac337b2585a479cc0d2d94,1,0
0x6bd70bc2a79b7f21422ff1319268e49056c269a5,1,0
0x73b6cbec576610df8d752fb0bd4efae0cc0e8dfd,1,0
0x7f9bd4ecece59b932469169efd1179e910ca8d04,1,0
0x8d608cb9ff9c834bd95480138d5a69c2242aad65,1,0
0x929cd0b5b03df44200a2f77291b886ae40cb9c63,1,0
0x99e3b7452a66bca68d3863f04ff332d5d89dbbec,1,0
0x9b537b2738b4d992c5ac322d456f7670dd75f3f7,1,0
0x9dfe75e9f91851d9a9e5fed252a8a85d8ed59ff3,1,0
0xa518a4f0063732795e74f405a8d9624dffa149d1,1,0
0xa6dec5c82c1b2dce3dff8698344552aa2caabfcc,1,0
0xa926fc09351f26f07fd3198cab0e1092950b7312,1,0
0xaf8c793072da847cd08fb58d660a358bbe09c282,1,0
0xb7bd984f2228bb93e87b56cc1cffdf17c337f894,1,0
0xb805a47a059207113b7bb578805abc9437787e90,1,0
0xbcfd5b70c3c85fefd61b3418e8af40709d06200f,1,0
0xc15d6e60323bd35c4b41d6ef8a42a60b52058576,1,0
0xc2c80c983feaad6f6564f5549d7327e37b639944,1,0
0xc62c84f1573aaefcd42b4fb8a4614e799bed0b7c,1,0
0xc8be8f0bf9e236e623a3dd7c9c169e648ee126a6,1,0
0xc90edc54424685bb1ad37e63dbde31f6dd2f607a,1,0
0xcb930c9c984513fb743ad8ea8e9f339835ca7275,1,0
0xd222372f76d5558fec78aca73ad6f4ce81133a06,1,0
0xdc26db549e195aada8c967bab517ddfd049d152c,1,0
0xdcb0aa0b4807c0ad43fe1ba4bcec8c23818f2144,1,0
0xdcceaf93cba7fc48890188f6995b1eda2857cfb6,1,0
0xe4411255856070c7aab35b3a4db19e398865a8cc,1,0
0xe4e75d7df7fe0cfdfac5fa0c1e4eb184d5ef614c,1,0
0xf0c72571ade6c21b62dc2c477fbdf37d22514fe4,1,0
0xf34f6abc9d28bd2dae96d410baeeec76154dd061,1,0
0xfe92e2c31fd2f98d46ae4edf9d6e6103dd130ae0,1,0
0x0378790e784d1adba8d150c2856935de175ee9a4,1,0
0x04c8d897be7e463e48bcd06ba90e3ba108d098f6,1,0
0x08403e859624b15ef53e9a779d6704f10a795689,1,0
0x0ec0be7794162746cac7f3eecb9ad828784e2003,1,0
0x0ff789f7c9adad3033fefb0e0cf16822128d21a4,1,0
0x1307ab404e65818318f9590ffd63ea8ff1720c8a,1,0
0x1761042b43590a755478d1325b6424885e6ab8b5,1,0
0x190a33f3370b2ea46645ba98965e79c2046e7359,1,0
0x1a7bc3953662bff98cd90dc5929f61c5b8892e14,1,0
0x1f8c24902fbe49c235ad89f93d0c06cd699b0dfe,1,0
0x20236ce0419ce269976e1bebb8ee6ec40296737e,1,0
0x20c28c5c550f1c349785f60617545b51cc30263e,1,0
0x211d463b1f8fc34ae2819582797d012fbf213f6d,1,0
0x225bd1fba79728b834006baed98ebdbc28d07b38,1,0
0x23353efee82e56a1ecf6460e38d0ab260b43e73f,1,0
0x283a4701aca2a5b2a5db876fea7d1e108110b555,1,0
0x291846e3869bb7198d09e5f598d8ac86b4161c0b,1,0
0x2a1961174cd5588f6a3acfcfa47686583e149038,1,0
0x2eab2e2ddf70a0ae88eec2a8fed278ef25c7bc81,1,0
0x36642ca394c595d5fbdb1c55e5de5c58ba3e7d97,1,0
0x3771da199ab6d01d2d09ff77ac684bf3bc58f8da,1,0
0x39f8ce3b174f3f0a635165c20035bae4c1ede540,1,0
0x3cfb7b4b13e00634158e41419df3c94b954de66e,1,0
0x3ea8c044aaf1d9f40f1989ce3f841666446ac848,1,0
0x4290b407b6a99e347b30c48ea48b242d407b424d,1,0
0x433400adf8b6d1fabac52a4c99521274b80e290e,1,0
0x5037beb6469acb898b4ffb3a0b7ad50747eb8b6c,1,0
0x50b8c1e6e250a070200155544f34b8cb352be3e4,1,0
0x51f6749dee3510f983c15b7c239cc6df4e4054ea,1,0
0x53f9199bab361a515eb508b4e3bca81485a428cc,1,0
0x54cb546ed108484152ea65f0b09f8776a97af184,1,0
0x603fd4b50161330cfedc55953cf37875ce844725,1,0
0x62548bae0ee0851a92a3933cab5ececabe38d779,1,0
0x627b63da1391deac116397a09a6efc644375709e,1,0
0x653d1e3219d8e636351710d06cb1b4950b853dfa,1,0
0x6cbf721f608524ed7ebe2fce0ea8b8dad2baac9c,1,0
0x6ecb9eeafaab393d37fec0700210c3860338d9cb,1,0
0x6fecee89e588812da36af94142168ecfe882c792,1,0
0x72b293417c86d21493f9a7b487eac2145fc08286,1,0
0x7315b6c439985eeebf96a698c0f9e006d46f6eae,1,0
0x76b799f82f90ef297cd7cab603ff404e5b46f68a,1,0
0x79590299cbb77aeeb752186b9616a63230243939,1,0
0x79cbed42d632d00a0e990ee4859ac4b3c70e68bc,1,0
0x87210808b6f28343aba985c4106ae6c3d2d14c69,1,0
0x89220cb8b12147ad7bdcba7805442357f76fe920,1,0
0x899dd432258ad84d538051b20061c237f838699e,1,0
0x8a50deb4aa603bdbdea9c99e204518ca23b71d2a,1,0
0x90622115e7e01ec64c9901b7bac13933dcc547dd,1,0
0x944140a217def1370eeb0a8c51bcaaf52e6a873b,1,0
0x97f513a07c4ba5a9c6ddd8510188c613df630111,1,0
0x9968ae8c27b2d210c77adb3c0c8e9dba9556c534,1,0
0x9dc717ca31349db567ec91ab8bbdfc9082ba5bb5,1,0
0x9e27894cc65cbf17a094cccb0251f91354b134b7,1,0
0xa29ef951bfa6ab6ea1cc5e91e7290cafc26f9cba,1,0
0xaa638a5426ad0904cc52e161b4a4832168eb9d40,1,0
0xac63d7d9c4e112feb40d17a89a7874db5f4bd2cb,1,0
0xad2a24919a88a3157123ae051e739c0389c67fc5,1,0
0xb1db513ac47e476944f392d8e047e3a0a5a5ff9c,1,0
0xb424a9062376e8dfcdec6ad82ca51e7e296dbbf1,1,0
0xb6252932f5a39d50bcedfe3bbb0f7e114d387ee8,1,0
0xb7d7d4034df7b33f41a59307b91f6cc5fd6f6d17,1,0
0xb7ef3413ae02aa8def814cb461b5a5f53e3c8a70,1,0
0xbc71063446773b718a8f07e091d7e1522653f89e,1,0
0xc0d88eda86ae81f23971d00e0c7324e8e35d0def,1,0
0xc169e2b1d9e4d990cdd830bafcc1cdfc81baeca9,1,0
0xc4b52cc72d5785e418b6f24a56df1b3f67674474,1,0
0xcc97270c584747726b629198454fb64e09ed0940,1,0
0xd2602c7bdfc9f413974e944280bbfae275d1b1b6,1,0
0xd4f6b38673aeb94debcfbe5c0ea94b2fb49b28d6,1,0
0xdb3f296809e899aaa512954df697515264a137f9,1,0
0xddee29697370bc74f491b69cbdda177174028eb6,1,0
0xdfed23964fcc5bf8fc2629217a37d8628a3a8387,1,0
0xe1bf20e13fc55476b7f0f559990ce5f28e48fb79,1,0
0xe2211e66953b135c6c496588788e8442aa639d25,1,0
0xe2c2bbac29a8991c21d50cfb76d56ef455d85157,1,0
0xe36ec0026bf4e91201ab6a14d032b6c38a68e17f,1,0
0xe420345431c678d1bc123b919b49c58b377425f2,1,0
0xe448d9d70efe95714e38d210e58d458dab0a77d5,1,0
0xe536f150665a2a6317dfec926567ae190091a0b3,1,0
0xe641f725aaba58352233efaa7f6073dc97c85110,1,0
0xeac3d06097fc94956fc1eee65d503ff9a739a7c6,1,0
0xeaf37cdc3d32c30f3dcb35c43c81740cf3bfbad9,1,0
0xec613ab9a2df9ca12ae0d690e95efcb075505ff9,1,0
0xf203f7e70639f3b454f3112d23c3794d559d302c,1,0
0xf21cc639a67d689b844a6dd644ffa7b4c4a039ed,1,0
0xf4701ed9f4d7abf6d9660508574e220696f0494b,1,0
0xfc0faa8718fb0bb316a48beb3aca10306efb5bb8,1,0
0xfcbe4562f258b38364d9be603ed62641b30f638b,1,0
0xfdd04c57e7b3110504a5f2cc449b5f7e1427ba23,1,0
0xfe36dbab33e154d8fc2957ee6e43088f7999eea3,1,0
0xff7ab9700a44c8c8a0e983362457868d7644e3a9,1,0
0x05518813709d67d802cdc4f56ef42964b5e42dbb,1,0
0x0668f7454aa2a3da6f95e6456297a7ad768b73db,1,0
0x0cc5a2af553e98b5019a392160e0a343852d9fd8,1,0
0x0e54e94d8a48455985859c2eb701ead03594d901,1,0
0x0e9b063789909565ceda1fba162474405a151e66,1,0
0x109728903ebbe77fda55453d8d70a99dd42c828a,1,0
0x1201bf7968b7ae38a341e0e3cd449ecc5f825915,1,0
0x121e1573b7c6c15aa4c036d54bfd2974cf38a163,1,0
0x1b85c8f66a84a48e7db60cb915701dd768e6ebf5,1,0
0x1ee6412027c73fe678595cc5bc92da9df225fd36,1,0
0x1fad5377181e3988aa194d2ee8f4ee887df85ac2,1,0
0x20eb0ea0c92bae9f081e04bd5573ee8a5108c175,1,0
0x23bcdd2cf157b97dea34436be36b6b897b02061a,1,0
0x29147bb06ec4ec46d000771180f20f9e33c97c70,1,0
0x2bd5b791c6152dc5bce61bf895a79d77b0eda8fc,1,0
0x2e747c3f86cc0192f1c9ad043f4e73c3a576fcd2,1,0
0x33a521c32070464a46be583fea2f90664ab50779,1,0
0x33c6ba68854d8d0f936be3999fdf2c8e90a75e70,1,0
0x3805a2c0e569dc118fbf4caaa301c0f181227772,1,0
0x398525108d15f962810e1d61048687898b1b2d24,1,0
0x3af2694ca825227b743fcf7586365d96ca8f67cf,1,0
0x3b4cfca261ab0f4651d57851e6eb163af05d231c,1,0
0x3f851484df1cd170f4e416e425a797ff39d89b42,1,0
0x40c737d7e5c191e6f6f3493515c1c6a77d056aa3,1,0
0x40f1a6e618e99fbf1970836faae3f8cb2f85c8a6,1,0
0x41b4454045a22919b5dee1f2c0d8e0a577274519,1,0
0x41c5282ad1174490ea2cd5c8d7e43617f06f530c,1,0
0x45641094fc2a5a35555c8ba23fb7181e2455cf9b,1,0
0x46be662e84428310faa0efc8c5a57d545d274c98,1,0
0x49bf1760cbea1c7788136db77cf8f91092a16bb8,1,0
0x4c96c01bdbd84bbd4408b8fc2991fe0b9c7a9299,1,0
0x4ecf18b838e9af3451c3e0f6b45becbe95a9794d,1,0
0x50da33142cdd903af82666df5d4149dc6ab0c59d,1,0
0x52bb4d1121ba28e7cac4b3c994ccbfe8ed1174fb,1,0
0x52eff600e9a0317981c1e3ee882c4b6d6e053f5d,1,0
0x531d65c387e27b3d6b70290a63d051900342e63b,1,0
0x5379ef227a34a66d0c25d67a60df5f6bf5e8c3f4,1,0
0x538ea2b210491aa029935c0af6370b8ff474293a,1,0
0x546e6d3fa2a53164b8d9a81cc95808153f294e30,1,0
0x55d1b69ea5f9a9ff77e37b556806fc2c8f17b924,1,0
0x5627b8f509ecfaff5fa99fa0e67b166ddf1c08ee,1,0
0x5849144c5cf1a6b4dae76573ed25f1a8d551d65c,1,0
0x5bdb8d85566ba7dbcad88cee1faa814353a92fc4,1,0
0x5c226cfa6095b34b9667fe3cae36a9a4fd61f019,1,0
0x5cc623cc720982d485d38834e7059188ea26c019,1,0
0x5f299cf6bc120e030a036e71c6ee2054e5832baa,1,0
0x600be2cc233cdc2ca942e0fb5ef5a2106431b852,1,0
0x6484794275cb03f3d38f0ee7f90b60271f5339e8,1,0
0x66604be473e0fc931f3294ea493b29f11a754ea2,1,0
0x689dfa80839f029a6e8ba6eecac87156861e0ae8,1,0
0x6a1873bed47192bacfe3738b26b271f90d66c813,1,0
0x6a93a409e2780efbd34ef123d26db37bfb9e6df6,1,0
0x6b8006f6d43cad01bf919ec50e70c7f67d88111a,1,0
0x6da2a6d7c5adfd9244392acc41fe31dd9c360b91,1,0
0x6e101a50da0ceb415f86978973a58f33dedd796c,1,0
0x7081a46ebda96aa1753a94c4842a495d90452c9b,1,0
0x708c2a68f2dce79f6c82c501d1fa29e253f97e3f,1,0
0x75b26202e34a576d5a4fc49d98acc559920791d4,1,0
0x7910e22bc044041efc81ca5522a36507e307ac67,1,0
0x7a6d12a372e0a43606d4ab02e31ad6f01ad8457e,1,0
0x7c87886de6bd71e88427d2f64aaaadf8887fd1e6,1,0
0x854c5c62f52af47a78da8ac371677418dfdb6135,1,0
0x8771018041fd9efc1118940efd7a233a11246abe,1,0
0x87cda0d0134085f9b238a21d9a421e1292f1d000,1,0
0x8866ed8716a38b20764bbfef9491aeaf8505e5cb,1,0
0x893edc0cd487220fbdca57bc49e506475683b81e,1,0
0x8c89ed219d02f1a5be012c689b4f5b731827bebe,1,0
0x8cd6d52c3372d07c050526a67c4e2c2ee100931c,1,0
0x8edddf80dbeedec4bcb7b0ad77f97e0aeee46666,1,0
0x8f8521bae7d3741ddc9f2eae2009fd32a3cbe943,1,0
0x92de600f86669d5bc23fd33c4b93689d49c55aae,1,0
0x93d871f3abbb3bb5ce8a8f701ae7ec6077abbe14,1,0
0x948f753ff14cde5342e58cd16f5b6fe82b97b0be,1,0
0x9606843fa4af4fa520ca540b1144268f23e5cad4,1,0
0x9c20ed8ecda9ee63b80b89af7d5ac9fd8644985f,1,0
0x9ca5a5cbfcb0ac02aa1139e0d09036171f92be98,1,0
0x9d3e2e80933fbfa59a7845d2f5d966f2b31dc0d7,1,0
0x9e602c1920443f01cb100a57a7f894df8eb42f66,1,0
0x9ff8eabb78023a7f7b83055c5125c450538cbd13,1,0
0xa0784bf3c6b601b097f0461ffc1cf66adeed8fee,1,0
0xa4c2fd39a4a0c0fd992001bfb838b23c75a71aab,1,0
0xa62db7185896111d0fa25c89124a41bfdfb047d9,1,0
0xa9879d7f5171815a69e59870661ca728553d6756,1,0
0xaceee0977f4427e6133fe29ae41e4efaf48b3e86,1,0
0xb09e161a8170aada55612cb333f38d2aff45e453,1,0
0xb4794c0092c1120f4ead8f6bad8c3cf5c587e64e,1,0
0xb4bd1e703962c54bd1340240b172e4e516921666,1,0
0xb4eec5988958827d479eac71b484277e913b38b1,1,0
0xb55b904f0d81847c9a70c86528370fb9c5bcff28,1,0
0xbb63203fa253b667f1d8d591954f5a14ba5613e2,1,0
0xbf10719524c1caf3c5cbb89eec5462f055e6fda9,1,0
0xc006ae6f1e68cf128e63e353732998dabd81c0e5,1,0
0xc2a400609c678dec59a08db9fc787fcc6f357249,1,0
0xc4b23f15eeba4ce2254645f956a412d13a6d28ae,1,0
0xc5b8f9326813d42223005966c7322c79fe331ea3,1,0
0xca3c4a6eda25e2d1a32f5937716c2d31b15b84d2,1,0
0xcbcace0fed0b7f220f851d179beb8b161646d2a3,1,0
0xce417bc48069a574078cbf50d6c8b0b2449ca973,1,0
0xd26d750bcdc8a44eb3954a8da8ccaf841356c265,1,0
0xd8140e40384509494a3f8887f120025afab1e571,1,0
0xd9a5b8c4428db19c54611504c021f11204140db9,1,0
0xdac19f582f40b65bbcbca33aa11fda083bebd266,1,0
0xdeaa0d43bc56bba56758b10972418b3ab5556ae7,1,0
0xdf1fbd7392c5148f413c2db61835fc47b5058ede,1,0
0xe13ac87c5eaf5a43a9ad2c20f84a4c84f3642373,1,0
0xe18fde00d1d57ab80a1c755ad04a7f9e41e198fb,1,0
0xe1da6b17ec731f26cd5f4969e17cce4326d0fe96,1,0
0xe6287494913c5c8f96eb1b8b5f1b7d3d593e2d53,1,0
0xe7c60e30c135f132c18bef795c044e93922a6dea,1,0
0xe7d954b1b8ce26b6f5c54652fb6aa3fafcf1d0a8,1,0
0xe88ade0824ba4dd6a36891dd60b83c20462b3545,1,0
0xe8ced5c467f880837c7fa3f2f05cb99403e6ccee,1,0
0xe9f0a340fb6837f877da670659ff15eb042e0752,1,0
0xea2b6542c3547697677bdbaf752b2614f0f20cbe,1,0
0xea4f9fcfe5a9e75109a84478e474f781551ecee3,1,0
0xeb9e8bfbb052d07798034b9f6a077407a9d6e6ae,1,0
0xebb5850a7bf240769623406e28988bd63cf2901e,1,0
0xeee58fc1ad2f98937b3ddb98d04c56ddbbcc2a32,1,0
0xf4cc8a6a89cefdbdb515eab3ac7d76c7f32bd61b,1,0
0xf5bf74b578dad55c561e015283bc730919defabb,1,0
0xf7b5c20dcbe579096ad9dcb13eb3fa4c9627b432,1,0
0xf8505850b5de03a79e17844f6396d2985b1ee8ff,1,0
0xf881c1fb83f11e786e2a7cd9a2ee26b2972432be,1,0
0xf93a81a0d515a806bad9064077ac75dc6d5c81f8,1,0
0xfa5784f163191d9ab32255c64e0b68c864ba24b5,1,0
0xfcdb54a0a135dd3257cd36260e7aed6bff131a8d,1,0
0x00000834cc07da1fb81f3c353b7596c87fbbf8d3,1,0
0x005b12f5b7c22b497528fa0a6bc81510748fb58e,1,0
0x00a2923e2de2e77402b845b250fae9123b2b4ab9,1,0
0x01d3748be2fee28275a80ce4b7ff521af224c3fb,1,0
0x03a0eee3fd0c02f25038258455413b90262364f1,1,0
0x0476fc79c97f68e3e32c37b83691d99da5464cec,1,0
0x060165d9f472e872102736cab548812368997e4d,1,0
0x065159cf2b0c3d502f19e48c2a8deffc41a00e3a,1,0
0x06e252cdb6bf0e724346be59ceadf6684c79793c,1,0
0x0dcb58c2aa6fd4e20a29cc17f0a9bfdf22362eb2,1,0
0x0ece669e6439cc6467505308248b3d8da36d8d35,1,0
0x11bcf16dfbc2509f5a42c30f6622a259b67cc617,1,0
0x126e10e2e2e920f16dca66af50d1dae5996ed45b,1,0
0x1285f49f119e6d037368f876daff4a41d083bc8b,1,0
0x1672edcffe31adfe3c9283506578e7bddc4b9134,1,0
0x17c069e00931ab619e1f938c7bb54ab572d8cd1d,1,0
0x1a49a1ea6c20f28388375788d8e77f96e5ce06c7,1,0
0x1ce5bb60b73fe5d514f3d0f5b7704e5e447dde08,1,0
0x2bcd8898a678050efa5f41f4c6012045dee1b5c3,1,0
0x2cf3bc994c63df03e3438226cc2e52ffa980aee7,1,0
0x2f8798d7b59342456380f1fddc2b4692028f3f38,1,0
0x3142575eb8239fe47f6f007da7eee06647167061,1,0
0x338daea8ab85318bbd18738e5dc75d856b355e72,1,0
0x366db69dee3011342c3f79b0728e94a2de0f4314,1,0
0x3a2ee4251d8490ced7f3a5977977c75a5acd26bf,1,0
0x3c8e54717e287546fe2ee53d2bbeb9e821b1d3f8,1,0
0x3ededc130ad3185d75d265d2d58ad8323b977af6,1,0
0x40ebedc2c9906966506dcff7d19f2c3876030102,1,0
0x433bee801973ab693bbc9e6e3dbc9a6a8c7d880e,1,0
0x45a1fe688c01ccfd4606ac31d1f7b10fe2aa875e,1,0
0x465c63680f2a0b4277d9b4cecc3f3310e531a77f,1,0
0x47042ae24a7ec481a82fb7294f8fe579fce90fbc,1,0
0x484cfdfd533ebfc3ea36321bdea122d8997d7c17,1,0
0x489d69939b4aca357f630055e351a81f1fbb7fb6,1,0
0x4f530b21dcbbfaf523edc4f3b4578af945a45c53,1,0
0x511adc275852fcb71daf58cbb4e895a081c0c737,1,0
0x5592a99e64c24ef08c09c40aede9f8503db7a1a6,1,0
0x56b364f8a99404464a9448273ba3f40118b06a11,1,0
0x57d5b8109d84595ceb8f02ceebfcfe7454ae3e9e,1,0
0x5874e69ce50789c47e3117f8cc3ee28737090a06,1,0
0x58acd9be6b1284b5362aa340242f540f3b33df3a,1,0
0x5a3fe40d32c3f38c72195d023cc77a8ec0571caa,1,0
0x5eef4b19afe7a62d1a5b987fb631f959b9423fe3,1,0
0x607a70e94c612ba045cf48b0f8e241a611f574d7,1,0
0x608b0678cc11178e038a4957df811d64be2d2099,1,0
0x62398c30ee01a77ca6646960a2f649e50acfb8f7,1,0
0x64cf33d4e93605cf07adb954fdff08de7968de8e,1,0
0x65ee472fa8a76555a1cb72510e3d1da5f1662214,1,0
0x699babd3a456e1fc94d30b6f9a607d96932c3147,1,0
0x6a8010ad695547e01de3aa8bba4bff2fe2f72f6c,1,0
0x6c80cb87a44b1fccb46d05e57becb8cc720a8539,1,0
0x6ca55ba1dd85c3d7b5ec7a95d56054ec32630935,1,0
0x6d7b5a32fc63c5011c3dd217e151c9c118908dfd,1,0
0x70d4bb4c49093085874ff173a30818a7970206a4,1,0
0x714d5a6cd567323b1c473d17cca258ac59d58f84,1,0
0x7159a1c327e1302a587fa1bc76db0befaa03d909,1,0
0x757a9d479f15ecd09f18d06b6131306da4ed2def,1,0
0x76b00ef3e9abadd436d2f2cd414e44e90015a5ad,1,0
0x7725f8123b40da27478e98fa28bca8c2029b032b,1,0
0x77932d3d1b91d87ba928990fa1d6423ea3489ca7,1,0
0x77bec257c5b29cabde7113a49d50eb531bcd74a2,1,0
0x79926c541d1f28f9a0abc9c84592e31743cd1997,1,0
0x7be9f74e73f1d1ace72d0e234202b9d079309db3,1,0
0x7dd0f43b2761b2684aea81fa02e55730ba4ede34,1,0
0x7e496d8fa4d9f6c620596225329660f07cbf676d,1,0
0x7e58d02ab93acb3c918a3971a6396073b680f26f,1,0
0x880fbd553bc80c8489801ece89472f7cb76997a1,1,0
0x8c75b591403b746ac4f91c33f5df3fe225c75b02,1,0
0x8d3c21608bb929445f9e0eaf9e73b0555f3f5f90,1,0
0x8fbfb39890510e2785d94faf14d783163c44b14f,1,0
0x95c3917f458c00171f77d9646ce63e7b70e5cb4a,1,0
0x9677b30ea760d93c7e114a5a5946783a9a93b281,1,0
0x967f77b18a35f84a6086dcc4a086fedc5ec63638,1,0
0x97309e1c721875bcac706111e737609812a92bb8,1,0
0x97a1ca841b4792068932d4224681f6f6fa22c549,1,0
0x98e57ae28be68eee2b364a7d8ba7f557b77b5a2f,1,0
0x9c13cc3b1ccab3cb94f18002a3d41b6ba453e03f,1,0
0x9d7e592c1430fdca95ae06b9ac8621cae31f46a3,1,0
0x9f10e29848b23e7e18f7e798d7ddd4c5baaebca0,1,0
0xa0065b682bd96304e941679b825c40cb8d0909c2,1,0
0xa0beff760b011c356df9ece35b1a20692ac9f107,1,0
0xa3be0c82f6784a12a323cd07cfba3e834edfe5fb,1,0
0xa4ec2d672c370e4e49438283e2a6111a0868bdb2,1,0
0xb0f1531cd749c0d252e0d1894e48baeb42366526,1,0
0xb1ce560618e7d983c4e5af9689c8248b0dc3ae92,1,0
0xb5323bc5e5793505fad56d0eae55e8d7ceff8bc7,1,0
0xb627b31b6efb1abe4babab17162291ffe2164e69,1,0
0xb7e53773171b5ef697db07ea7766e82b6189e9b2,1,0
0xba1c50ad37c0671eeba39f9e6f6b22fa323ade68,1,0
0xba61d409b2520c7f93b7e89993921324cd6a0ce9,1,0
0xbac8464b2041537fe4dd2d38f8c08b2851dee708,1,0
0xbb6a990cbb383111b40a7ece7bbc5abdf73b99cc,1,0
0xbdf6c53a8ccc78a8a9800d3a9d6ddfb33e75497c,1,0
0xbf5ef29f539e9c188ce674031606644fba276b7e,1,0
0xc3645c5498e1429f8c60108cff114f016ef18a51,1,0
0xc4130e106837730560b534d64d488a502096fded,1,0
0xc4836c5cbd80591fcaba73607e9751aa5b43607d,1,0
0xc4dcb599efc2c923fe09773c96150f5f3e8c4b9c,1,0
0xc54b97800454ca7fc81a3716a7db6962a40f4aea,1,0
0xc6e76f7f9c868826b1cf039f1bef7382e9fd9122,1,0
0xc83ed7bb86b1d68369ffb2f9c2facd65ad5acc19,1,0
0xcc8485e845641a80c4bfd7b173eeaec76bda3baf,1,0
0xcd66a71abd5fdc5e2515b7a8119a9498ddb104d1,1,0
0xcf22f6aa48dc2d3007fe2e7c1529af09fae397e0,1,0
0xd115edee06578716cb235fc8b51bd652b8237dc2,1,0
0xd2d408a90b54ba4fa2b11b26715c689c230e3e95,1,0
0xd3f17fdfff456098bb017734a1ede906ebf3ecf6,1,0
0xd5921f3bf321d7b38422e6fee0d5901616e77042,1,0
0xda1259aa131dfe437d50072d929f925d1f2e6e89,1,0
0xda62ae02cdbd3e508d1b72209d945b61aae86e55,1,0
0xddbafac3387788575d60b035465b13d5ef74d990,1,0
0xe04d9ed7bbd2b4fb89d6a8e24d42a855045eb4ec,1,0
0xe339dccb403d115b4cb27e68cbd0e3fe8c8f2654,1,0
0xe411ccd9c5bf2fc3ecfd6af981a50e6150ba7b7c,1,0
0xe8b5fc3667f03354bb5c7090407e37497cb80f15,1,0
0xe9e0fcc512eb60412e34e0f55c686abd5f1f97ec,1,0
0xeb42e768095b5a7764ee8424e75b7b741298e4ef,1,0
0xec89eb209a7c3b1a77e184253f3676f50129acad,1,0
0xec8d5d51fd48d32a6b666faae5799c273beab89b,1,0
0xedc4a6b064aa31eca2e67ebaa009fbbd610c5c69,1,0
0xede71d58eb92c4eb065d2709a08970f789e7084b,1,0
0xf1be1affac3dbc76abeff0feabf5652144239f63,1,0
0xf75108bea8cf75db8d89ac3120e5244fbdd3009a,1,0
0xf97f7ab76a3e9a864ba39b0032da5fb3423c85ce,1,0
0xfc09dd2b9579ec65b45221c3995ab661666f83f4,1,0
0xfdbf748009ce0663bf95f02e0b3a60a7aabc954a,1,0
0x019adc643dcd736af01228909c62ce7d72cd26ae,1,0
0x02d62fc180163f3445564b31b1fc85ecd6c3cd1b,1,0
0x033e6acf42e9ce0523e757bd65b4a8a0a5c01561,1,0
0x043a681f49f4b30f0d63c5e7b9499127728f0c32,1,0
0x054084c6e312cd98f474f868bc900b1892675a00,1,0
0x0574580519fc34a4bd500409b90d1ebf8e00a494,1,0
0x0693bcba2e08328595c79e7862ca597eb79f0c94,1,0
0x06aa68baff85d135dca38182fc13b4f2d2350fc9,1,0
0x09ced71345d9515849932ad6cbc514231e688e4f,1,0
0x0b8b3fce8221f414588052ac5f5d99bb6795cd6a,1,0
0x0f2f99464aaedb68e9b4262062e74b2a398d7a92,1,0
0x139dd34523e3a1ec8d6e8927b1ac441d5270df28,1,0
0x18d1d4ccb9de1d5381f6c0e5ab69deeaf73f4506,1,0
0x18f0ebfd9b047d3ec7d3d9260e1831fcd64c1ccd,1,0
0x1b770aeb7b08ace18370800ac617a2e94da8f3bf,1,0
0x1ce0f575f12303548d433be0bb4d3f469f850420,1,0
0x1f7c2f8f02f56bdc79bbed5ebc054df2a2cda46d,1,0
0x220592b0938d3278e9b82119b845f829d185d68a,1,0
0x24c16b71a63a4bc372a7ee5adf26847f3a69fafc,1,0
0x24de7553f13f92637be1d1f6939f6900931b78db,1,0
0x29625df2fdec3dca4daa69152e3c53e3346d8f9d,1,0
0x296556eda4e41587d1f01edcd734de934f659651,1,0
0x297a1bdfab2c7467fb3cdaf9224a3fb6c6d28e2a,1,0
0x29e41191c70521f76ca0cfce08a088d47fc7ea14,1,0
0x2a45802b36404d290f54388084c2d1bf1e465b70,1,0
0x2c11432b5711beed990732dc32c3cb2654021d52,1,0
0x2db74da362cae3ff839502248e19ea5e26da5230,1,0
0x2f199ae0ad0b265e70fda8182ff3cdcfc479f767,1,0
0x31c38dabd47d4569c6806adf56af1adc5a79866d,1,0
0x3317a93b9ba8dd470ad2c726f976e77255b7e164,1,0
0x33a26b8854353efb6e125c7dc045e214c660cf94,1,0
0x3701bbfc577f1cbd579fe15da23b687968030fbe,1,0
0x38a11e7ef2dbebaf61a69c3630e5f60c90951f35,1,0
0x39587d13614d15e73ca705796907361db1e33392,1,0
0x3a3412ee1ca341bd42783e0b88eac497cbaca84d,1,0
0x3c38d4c020ae9fe61881bf559d1cdaa75f092497,1,0
0x3c97bcde6d09bcf8a5f1fd9ac3537ce466cfb1dc,1,0
0x3e97b8da1e88c8a318069a8b35dff8a7b20df636,1,0
0x43f98c533ef68dab2b09bf0185159952acf5d98b,1,0
0x44b9c23141cd5333611442d75c4d974d1f79d1d1,1,0
0x47240c2ba6c39de527f6057bce1b55a4e5e49c41,1,0
0x484e25ed7452a3de0ee247aedd71c1ae302ad05c,1,0
0x495cf4815be7b3fc075ef0826967dd7b790e531c,1,0
0x4dc5736acba20a641ac1d02d55354d8f9e9de673,1,0
0x4ee50f77780b826f89424d3ed66a8a7a7dd1425e,1,0
0x4f9f013b0ba72355d67e5de3c75fa627dc3b8407,1,0
0x4ffff40ccb2beb81cb1b97bfaa7ff463f7460398,1,0
0x505f174b6f7a350f72c2c81e5a1cfd74038954ad,1,0
0x5095e9a60933ecb944c96dc7a8a75a551cdb3e7d,1,0
0x53261bb6a5b6eab0f170955db27f19a2989d6d92,1,0
0x555cce49bbbcd0143e14a44cc7cc6fbc6c761679,1,0
0x595095acbc628473ad817e58a3a79ae861f8848f,1,0
0x5a071ba1181e280845eec8fe4f8d2bf7054bf319,1,0
0x5b52f20ef7dc53dcf22108a4cc28d9257d4f5608,1,0
0x5fb5aa6ced6ae16c67bff9ff9e801b78b7e3d702,1,0
0x60bdaee2a58d8a6f9299e87cacb381f3604db183,1,0
0x62cff0c0d9a1aa1fe683dc916ed2146b01d19563,1,0
0x63605b2c6b6714eb8780f205df55b71360e45555,1,0
0x6415b6880ad8e2df82d9c06a77d2793251d24ccd,1,0
0x653ad60db5f5236bc638e1daef879d0c89fa99b3,1,0
0x67b2167102dd09212525baf304c23b982706cb61,1,0
0x69811f26aa5c44903c441296d187ebf2bad1269a,1,0
0x6adfd6fac44974348232b47b0fed80f52be2f910,1,0
0x6e9497fad34b9c554a7926989051b20d681abce2,1,0
0x6eb142663993d2fb0ecd9aba6c3c539cae1a433f,1,0
0x6fcf79d627a530f435de9751a63c3826d59c9cfa,1,0
0x713aa0891b17dcb54208502518e4665a4affc40b,1,0
0x71aad1110dfd8f60249cd45ce4fb05163b6f812b,1,0
0x74e659b41f582d0ec2145f2fb1186b58570642b3,1,0
0x783239fe8a45a75dc240c3fa01134b072f03d763,1,0
0x7b6c7b5fdbbf546f56ecafc937340c2c439e544b,1,0
0x7c8b3d6d877ad14ea57e868081b6e11275fff717,1,0
0x7c937ae25a6f616cdcecdbc25ea6c21b6bbdd478,1,0
0x7db5a0c23b045dad897d24a0b12c857cddf22f52,1,0
0x7e43dd25b0ab69a0784e4a5b3f2e17f341c5d0fb,1,0
0x7e59ae9104968c4800040124be5f2189cd1b900a,1,0
0x7ed6ed28233d19470b4b4af3d37605b7642ce808,1,0
0x803c89508d37f15964d472cf66d3c9840af45127,1,0
0x8364b0a9c5ecaa0c3a207f58cc485bf60b9211da,1,0
0x8475135349d643940ddedc33ffc731afc5f9f4ce,1,0
0x850ff17427b9531c3028bd6dda76baf9fb58efba,1,0
0x854759239c4b9d1803718f39ca9b40860d78cb76,1,0
0x856932d1a9d6a1ca4ce24694893be2810b08e079,1,0
0x8637f686234de023d7351dee0bffa4b27e9c299c,1,0
0x86d7933192b1faccb62db1e893dfe25d1e2104a7,1,0
0x877890628f38b4653db758c62c02489d8466caf4,1,0
0x8d722e43dbc796a45e73d9c072f6ced67874922c,1,0
0x92b52e6441a9e2e03d080e951249d93df222f855,1,0
0x93c1dc08cf0a3ee41ee7814b43fb758447c2b825,1,0
0x96886fb915b845631f491ce74872f01814bd6e57,1,0
0x99e5ff5126c68294108df8f92f9321a0d7a69d4e,1,0
0x9b459850fb94df8b678a1882eac1e8967290897f,1,0
0x9c86fe0fb899c70648bcba194a5b1f2939ae0e23,1,0
0xa172d783fc38efe8135e6a3aeaab5c4932cf2623,1,0
0xa80deea22c349f43e3b7a86b7257fdec61d7a5c9,1,0
0xa9735679c65c0df455aa91844e22b55e589db253,1,0
0xac9517a6c1afc2bbc7a68e306f605fa6e2179ca2,1,0
0xaf257a1965b5e8fe43a1923fa6833e9d880c1a10,1,0
0xaf8324ab53229651e4c8dea252a554aaca6f9577,1,0
0xb3389f3edacdfd48603f2f06895a2b2a8a96952f,1,0
0xb342cad05655cee7c8c50124504c7c989a50907a,1,0
0xb4700621361a4b3f864e01bbf3c5d00d68636050,1,0
0xb6ea1d497ce6a0308113ff9dac6ba4c7ebc931e4,1,0
0xba02d597aa706adf8d9c5a0a4e7ff099b17c0041,1,0
0xbb50251c2dcf363e3aecb41ffadf98a4b1a855c7,1,0
0xbbaeb06aecf559789efe30d2a1ef62e18b84ff78,1,0
0xbda8dfd4e0ade15b0a02da318777764ec1ac6987,1,0
0xbdf45feda0627a250a445f1511889632b6c8264c,1,0
0xbf569f8264d17a30c843f4bf9c6515a45ec63de2,1,0
0xc2d5cfcf41d971d0c99715d3a0c38c6e0ce4ed53,1,0
0xc2fbc4477aa0eae71ed2005bbf80d08c7a9d22ea,1,0
0xc7c771663fd6178d2abe6123ffb5f9e1ec82d5d4,1,0
0xc85c8bd2b180427ae361899629749666f8ba34d2,1,0
0xc92f2ba7e7d35bc573b1bcb1ce57b449190966f2,1,0
0xcc475c6d51b5fe5cad3256c84af0ede800ff0767,1,0
0xcd29f697268883e568fb8e34173782f4b03bd835,1,0
0xcd6321c721f769465d06aaf3b0c27bcb59175bb2,1,0
0xcd79c1c065ce372d2f664014fd84b80ce677cae7,1,0
0xce77a78e73c0fe0f1dba30540348883478ab0299,1,0
0xcf681a8bde3e1178da9141d7ae0be871bdc116bb,1,0
0xcf9631ec83ca364ac4b21276258ae0d3520e64d9,1,0
0xd0c7a59e3ce5a289b553ebf7659f5c3316ecfbb9,1,0
0xd38ed9faa05afc584a8a2a6ec852e3ce285700c5,1,0
0xd4146a07d07e6db0a3c83c619217ff3d161f0654,1,0
0xd51bb43d6bc369984a1e5c61b9e558c7cdf8a56c,1,0
0xd5b2bceeaaaccb2bf152207f7e8c4abcaa7d5881,1,0
0xd94a01d6cb05388c1008415efae38ea8c5e4ed73,1,0
0xdd2d124c78bd3e0f025b89739a6f36e3116d5929,1,0
0xdebcb55f43ae7059077dfd05e475ca15b9fec0e1,1,0
0xe0818cef5334b0acbd31c8107129bc2518459f71,1,0
0xe3ee4a0ec6b278d1db205615d3c9d3ad95196397,1,0
0xe84f05a482c8c872d0327c1e61c95b4f5a2afb8c,1,0
0xea360eec6d5137f1adbf2eddd5fef32527303c56,1,0
0xecfcbdbd2e48b68f483e7baa868764107c161b7e,1,0
0xedf6335cbd85d5f52442d77f892d80f474b8c807,1,0
0xf007cc30f8c0d2a34a1084f1f8aa2736586202df,1,0
0xf066b5cce04ee5dc1b5d9bfc6e451c3076566608,1,0
0xf0823d6e4de6c59a2b254e20b5f967983c59ed86,1,0
0xf1d9236cf239c58384405cd79ba8775a242b420d,1,0
0xf3cc1d67541be373415e9c30bc0bdae8fe13f94f,1,0
0xf4d8ce9d3549e97e3c051dc6dae76fb65b96f540,1,0
0xf5b1ae5b41bec4ac1b6485df24f972db899f600b,1,0
0xff31ef28c8d65fbd36a098e5d7f5b4bd6a9c3cf1,1,0
0xff87f3d81c30a7f04c76a9033da769f43df0e385,1,0
0x03486bdeaea1ad379ef4a7dba70f52196b45cd73,1,0
0x03c12e6683bc893464e23364998207b6f12ffbe2,1,0
0x06a1e61244e6a55fd52375b3fab913af9249952b,1,0
0x092c35d08a994c2416f716f837b966faf859da1d,1,0
0x09c6ce9baa0ef67fbe449c27c12b503f2465950f,1,0
0x0b4678ce83dcee44cbb31295e635b915fd03499a,1,0
0x0ba4449781e4d009b3a8b562d1b1b09869442ab4,1,0
0x0c77204c991201f45708b0f37214cf9964c507b2,1,0
0x0d8f9ace7bfc95d4f97edee72c79b9ea55e399d6,1,0
0x1239f425fb4d403a83264c20e27e7cefea5bbf34,1,0
0x126babe45355ed429d5a37c42ee0fd43051479c8,1,0
0x1277e0e295b00350f2e7563898ca6a065801038a,1,0
0x134fffa3d062a910fbfdb099e93a355d3b85d7e1,1,0
0x1578f5d09451ddf3364adb55ca63c487fad024a9,1,0
0x16df4d9efeae2f1423d871e91400e2dfb77af711,1,0
0x1a62e7af4c95ae14fe60e275fbf00d30130fe34f,1,0
0x1ce34ffdfda1ca60e7336002e2d9cb970f10412c,1,0
0x1e12af0139afc3132763dcd49746891a5ffc403c,1,0
0x2000426e1bc71d1690f25ce7fa03022256789f64,1,0
0x2039a0ef493403299155429817cd637fca4e5753,1,0
0x20482cf45e87103672d5622a0c55421b560c60e3,1,0
0x2142248bda0d9613baf9df848bbefd8eac723d3e,1,0
0x21dad2b1d6401b0d1d20b752904d4388a4a403c5,1,0
0x223f5dc94b97f2fe515ce7264961db07316d5787,1,0
0x239e9e51a7a881221c4cec228e1d093b5a434dc8,1,0
0x28b70156ac20092a961c04aceead0de2e57aed89,1,0
0x28d5bb1e77fda2003bf3996967dd23dc5cd7bd53,1,0
0x2a27059c325389dcb955c0ccdd94e00cae5cb6da,1,0
0x2bf18cab14aabf34e506467a413f58c438120456,1,0
0x30c0570477c199829f38971c57c2ab8ad8ace696,1,0
0x32e92b1748c8de0c87b31b4a502782e4405f635b,1,0
0x337d86707d4de8d0d2c1b6de2f620196f364c737,1,0
0x371c873c902aa79cf898b14bf58095f8e8989fc6,1,0
0x38b0fb000792568a897638a54a1a10bed7768233,1,0
0x39a986a0c815b656bc3a74a7028e593652ec521f,1,0
0x3a632aa2c48d4c3ed86a10d0c4829f29e7614b3d,1,0
0x3a9a57aaa17535948c81c024ecb20ef48c288281,1,0
0x3c0e0842368ccb8340c14bd89db673ffdef77caa,1,0
0x3c2cbedc412d57712c26ba2292ba52962b6b97c6,1,0
0x3ef30ea371b1528a9515903b8abe02de65cf63e4,1,0
0x406dcb7a4606965fff4ad786e9394f36c72bc67b,1,0
0x43cb7888034eb1d7a6fc41e8f997010d9a4c2fef,1,0
0x44697668b5cd179a9f2a25eb0550e2cacc044582,1,0
0x4606d34bfba1a800424c7c6ff81d464195c9447d,1,0
0x46d2fc451f25349a7095e40348431d5a7cc078ec,1,0
0x4740cc758ca1bc5bedf74668706217b37bf7f254,1,0
0x477e6b114a747b144434da86d626eb5b32f83f43,1,0
0x47c49646378fbfeb395ef27fa771ffa62a8e3ab0,1,0
0x48e78d0170f8edfb8e07e138ab182cfb99eb733b,1,0
0x4adcbebaaf46ea04e41f253c587fac65e9291fdc,1,0
0x4b49f6bb5ed420b19b29d2673f6a8b385e3a0753,1,0
0x4bbd83915df919d9631bfcc2729eef92482b1566,1,0
0x4be247d20b3cb51401896159af4e28d40efee444,1,0
0x4d5f77ad1610f267152a1c9ed8a413ce1217b939,1,0
0x4dbbdbe684a3398a52c6945108be86d0a23926d9,1,0
0x4e492dac9640b202a993770ba0dfb418b5c757a3,1,0
0x50d41fee16049e99a2375d6028adc03df371566f,1,0
0x51e9f7fde83e6f89ec86994d02bd0c082e3db820,1,0
0x5613b5d28e07742018163b5a59bb77008b233c9e,1,0
0x5785523d831e155e38e5b94512e62e594e30d97a,1,0
0x57ce7e454686dd1b3b3f1812a908b74c33824756,1,0
0x587b0eab9a7c1679702651e6cff681bccdfb338d,1,0
0x587dcaa91239fe14e818992497924a9de50ddb3f,1,0
0x5a05b0747ab99020d25be37ef9806866829f3994,1,0
0x5c127ccdd428ac57a1fff2ec4bc1cd00dbbc9eed,1,0
0x5c5d02aa9bb7300fae391b9360d940ba4bdc07c6,1,0
0x5deaab54a89240b43971599490d38b81088e597d,1,0
0x5ee58b00e1722c0e01e86286a16def6ea9675f6d,1,0
0x62074709dd75fc1f1699022e768fc0910065816c,1,0
0x627b2c058bd29819f742cb167e16770704ae4a80,1,0
0x62f25d0944a1b512a1d77e4dede57f72ffc8ef25,1,0
0x65d43a62d60f38292a43b9b8ddc0155574db9b62,1,0
0x6c0fef8dd6883bef710415419401e4085523fe4c,1,0
0x6cc7fb306d5e63891a3315b6555e6be63638ff40,1,0
0x6dbd825771811ee020e1b482b10fb24feb1b602e,1,0
0x7030e793cf9ecbd34c37ecc9499feffb4d8f7cad,1,0
0x719e17d2dc72f048c258f48331ffdc284f29c667,1,0
0x74eccbd2526d0f0af6fbb9acba04bbfcbaedce86,1,0
0x7823a9f291e48b3f57bfb0f0b7ac7f2490d7f606,1,0
0x78445206870c52f7e648e57772ebde7ac31e5a62,1,0
0x7a3259091453537774a513b7095f9306ad4f6cba,1,0
0x7a9449c965362591bec135c66efcd6971cde7a30,1,0
0x7b8f0b8e09ca522ad3418fb89b9176f1bc74644c,1,0
0x7e1dd9cb2cf3254b7fb14c2a7c23c8e398a7f551,1,0
0x7f0ec5a67c3de9a08cdb6b9cfbd482e8d4e8dd50,1,0
0x7f2ef3f6a886072155be2f6499dcb53718e60190,1,0
0x7f695e8177939bebd28467e9d1050a6abe46c8a0,1,0
0x7ffa6f33aa2f769f89f6239b9d9f5e7c1ec69dcd,1,0
0x7ffd590b6f044a04e0f393987f8261ecde5a1fa1,1,0
0x81d2fc40cad2331136856d3dfec18772a595f00a,1,0
0x87c65744310663c9bac1f88805141a19c00d2273,1,0
0x88150954c4ed68924f045e6797b24a99495f4850,1,0
0x8901083bb577b335a5f6fddde705c00efe8c33d9,1,0
0x8910b201ffb27dda870a73f4518e2734204ce56a,1,0
0x8a6467559f12715e8394ade85360926f7d58acb7,1,0
0x91dd8b49d4d6a1198d62e7042342d1164018f534,1,0
0x966c8147e4b6275de271933a46680e93ac6c52f3,1,0
0x99fa07ac992e4bfab77c1ef224c68e4e8487db3e,1,0
0x9bd226eff925470f5671181daf17fd4661580805,1,0
0x9cfdad32f9127b87fff03ba323bad8d2251b62bb,1,0
0x9dde2e1b2d305dc2ee660ad099e338b496fef65c,1,0
0xa01c28cebcea47f26877995af0dd8a445f4adad5,1,0
0xa32f99d0767ab422deb49a24e55a9ee6495b486c,1,0
0xa691851fff748c2d1403c6ebe502876d0f4e7653,1,0
0xa7d71995703f1c459d5f2aed74e90ac3ed735000,1,0
0xa7ea4755cb5611cd47cf88358d0babb2922aedcb,1,0
0xa93a0193f64c7642549ef5d6f5d02e6612bf4a5f,1,0
0xab64f2c78a444832b34fb8b24e019257e0af53cd,1,0
0xacdf10505f77d3083816e223ec4c5f57dae7008c,1,0
0xaff17968fd266b1cbf69c19b8be90fc167d8d3ef,1,0
0xb03b7facc2847a282828e2ea5cb0d4e66875bf58,1,0
0xb054119b3c585a0610eda1675b87c96715ead042,1,0
0xb16fa250f9e2347d89c4b87d48582c5634070f4e,1,0
0xb186ce5e95c8ecde50c103525615dd498af02b7b,1,0
0xb3bcce0bbbfc20b5c4f35e8c911c954a214638ed,1,0
0xb5bbfd9625a142e0f7450f0c34b54982e3fe3c31,1,0
0xb5ed77029151c44fa5d9bbe83647fdf7e989dcc4,1,0
0xb692f32efa6758bc366a0a2f55bc0fa219181c2d,1,0
0xb7bbca493d2b6de14fb710f8a132e60e7602e2ec,1,0
0xb7e2b1bb25e0dbb6be83e129a73fd72dc93d2038,1,0
0xbac3a5f847f2d720259397997dae4370c36baa54,1,0
0xbd5004181b336c70e17dad0c121a96c53d36b3a0,1,0
0xbfa13fb39fcf3a0397dde6a616b0b1350f02673f,1,0
0xc3cd024f7902a6ce51925610a0ce20a5ac8ea666,1,0
0xc3daae6c6df4ebe3045861c542dcd7e211f16abd,1,0
0xc5256a91b6061f4809856040af689908ef71a2bf,1,0
0xc68f7baa74a6a01533961d6c1dcbaa9d1e2ce37c,1,0
0xc6f959260b0dd56c0668d9c7ad1e7467ceb5040c,1,0
0xcc06003df8891430c02ac5c670393573c0b272c8,1,0
0xcd183d7bc0d3d4268562806ba7fffd23ab6a620d,1,0
0xd29587f7967d5276d3bbccfe48308d30fa9ee785,1,0
0xd2ebaf93a8ceae76570451b46783cf1b541e6220,1,0
0xd624db00dd661a8623dea59df6b6f67930d143d2,1,0
0xd7642183d7d6a091d1cda1928aea579a9b0e2dd0,1,0
0xdb8eb81293ae6c6d8ff8fe3de740f38b462fb9e2,1,0
0xdc5db412a626aa3f27b541eed3ad0c71f5f14f77,1,0
0xdcab6b81586e4b5b1a680dfd4351738a77a5da4b,1,0
0xe25ae4e2756eba9f49bbe175a3c45a994b77f903,1,0
0xe336cd08f42d0d6b9fe1b6e84c89d0aba22a702e,1,0
0xe647504a51c7b46d26dcf80805c4f0bcee70220b,1,0
0xe92a8d93867e5094a2e823dfce202f2a22e0c185,1,0
0xe9f89d3dded8c92ef9402e1a2608590d1c041239,1,0
0xeae47da2534f465b04f9b3e4814aa92932d7adbd,1,0
0xee119ab8ca22f2b9b3e7f508739f3ae68c838a94,1,0
0xf0ea9ce6d0464592a938835bc53b6d4e54a4b59d,1,0
0xf15d3df2c37ecb70905059e6c2120932f6ebffb3,1,0
0xf244a3bf4d2cb47202fa151523172ed6f733f781,1,0
0xf25dd21ec783ca3f0e426b008587821848804d25,1,0
0xf33b2fab344bbf29756067fce78b0ec6c101aebb,1,0
0xf522d085e2a2d207baad168b83abb2b25d619478,1,0
0xf756a96f65af4d3d3ff297113f2d6f257e332160,1,0
0xf834d652a8ccc2337f5b6e9718cd1725f082ac3f,1,0
0xf85a7e33ea69f9ec6534121d182eb9b4f79c4ee0,1,0
0xf85f7230d69553c3aab5d35d4523659bc59d35be,1,0
0xf9ab14db9143c92123384bdaf2ebf5f1ffe3c3bb,1,0
0xf9ee60925a2c66485f19d5a80d396dd35c6bca83,1,0
0xfd98e630ad235a55f2f5b6e53f7229e1fefa82f0,1,0
0xfe8acc594ec241a851f28f9337e917a05fba8ffc,1,0
0xfebde51881613068ac4c8a02f260bbbd645717a7,1,0
0x00ba9bbe4c5afb4fdb3b6f8f97beff1be894d990,1,0
0x07431d0db9042f8be2368bbff98d2879b4e665ab,1,0
0x078a0b6d78d6fa119655fe6a1b7c02fc9dc7ff73,1,0
0x084f1a3ec5d2c5c3da6126a262d0d9f19bfee12c,1,0
0x09e4a21b03605d80dd21e53e086353a494f6af04,1,0
0x0af1f8f8d269d18b543d218a76711761d18f47eb,1,0
0x0c8c73a772d9a2d05b6fddd6f22a9e1268b75a81,1,0
0x0dcd149d8a0bd20305e848dec11e7a568f7b9209,1,0
0x0e1ad80810f133b6608df93de34060044ce88e9c,1,0
0x0f14588c202d216ee5731de905390516f5714e95,1,0
0x107ac2f80e00ceff9427e267dc4d31b81b2892c2,1,0
0x1262656546866f1b735f8e66b8626ee466ee6b2b,1,0
0x17424ccccae665fa85c3d424540e9fa87a5af3a5,1,0
0x176744fc50fcc5323ebe2b87474879161015a111,1,0
0x1841aa56deba1e83425791fbe827b0d6ffb03e10,1,0
0x1e379e0ecffddaffeefad48b811bcc873c199e28,1,0
0x1e5702c89b126c1404d60da464e9dda1ded73d0c,1,0
0x1fd9053c40351e83aed0d7b1fd7ef3d5ccf13a39,1,0
0x20d5d9f4ee453edebbf0409850afebaf2ae2f09f,1,0
0x20ee43fdfae2e197a9efbee89664d6b221f315f5,1,0
0x228b1e6e41189f3a66a8e4e088d3bba9ab5de5fa,1,0
0x22b0fa752fa64a0ac0a95590c8f9db8c29acc4d1,1,0
0x2326b1f98aad6e48054c8b69a6f91fac35c7fcfd,1,0
0x232f8c2fccbc03cdcb4ea9e157e4253a7a5a5212,1,0
0x24b953a5ea9fdf2b3a13555e093ea05d25442266,1,0
0x2532a281ab4dc38d5202418142d1daa8877c3a82,1,0
0x272034ff890c1cdd59606afc50798459694e1968,1,0
0x28159ac33bcf9990b12afcf00a07adf1cc3e548b,1,0
0x28c449b20df45fc900532c6bf468cd27aa0edbc6,1,0
0x2bb9111f87ebf6f6fd11bcc820cddb84490cd5e9,1,0
0x2e424c44266713c829b76f34171660b98e8f74ed,1,0
0x2eeb6da574962dfe8afb5aca360e0aea7bb5a72c,1,0
0x3198edb222d3e57a6c30e6acb04eefd5b6d9b870,1,0
0x3310f658d34d78afc37a13bb1a553bb17b510778,1,0
0x35dbbecd845bd33e934b4049a9e252c1aba9b8df,1,0
0x3738c0ba975ac85f0cab154c3fd565611be24369,1,0
0x373dc203346857adfa595e094b88079cdab6760e,1,0
0x38a5eb4cc0f8971c4e52806244714df997f86753,1,0
0x38c2d9a73bfb23972c91af9c9f91e6d20f58ca18,1,0
0x3aff39a76d775d7ce1c4153c7e68849fefd5f22f,1,0
0x3b7eae65d07a813ac6bfa473f139c101deda76f4,1,0
0x3cd6902f75bf641ceed4fa82255f34a2f99dd21a,1,0
0x3e4677f5f3b5f91a55822d2ae7a2151206dcc967,1,0
0x3fbe44678dc0010777758ca5d53f421c9e0c7ef6,1,0
0x400ad104355c39e16c5619fbd0953ebe6c68a72d,1,0
0x403108a1b0c3487a60a20c9897ff8d5e064b7a3d,1,0
0x40bf75304596ca5ce424f6cc70cef7cae5ad8af2,1,0
0x4182035e9ad2546d1f5960aec93c2c852227e6b4,1,0
0x41f219c81722f3d2244f6f381e725e1f4875e796,1,0
0x430c7db26f5b822fc9bde7baf10403766159ac5f,1,0
0x442f7980dbf32cae7c8e5bf11af0f252f5bbee5b,1,0
0x4521881caa7484572958ed2345b6bab92d07e457,1,0
0x45859319d9a362f2146d0431dc30ab8f0ef1be73,1,0
0x46ed1eada07d498d2fe8a2252c89e3bf3f95bfa1,1,0
0x46ffc7fe5f5638b630f6fd40fe47bdc1dc94f18f,1,0
0x4a4bd61a45a132116b96a980e6b62d2100938acb,1,0
0x4b54a4b635a5f33eb940717f2eea4909244c5176,1,0
0x4c2ba53a227774810067386178bd0aa04970fdde,1,0
0x4cf25682a664e6c8850be127590b8a9cb57e1eee,1,0
0x4cfe3269873429fc36ee2f735e95ce9566c53176,1,0
0x4ecab34278ee359dc9da60f91ddb5481ed5fca98,1,0
0x4fddd3abcaf4eee299d2cb877a1cb026627066f5,1,0
0x509fa91eb5e9d20b9af30efef7b241ffa84efc4c,1,0
0x5457d485c815b069e6b1c849a5cd77e94e4b3939,1,0
0x55826f7459236341ee817f0478ee7832cd6f2e7f,1,0
0x5892e216c753e7d34f77e98c53c7d36e2e98cf5e,1,0
0x5afb1ccb5f2308b8d6e3add591bff4e75974a41f,1,0
0x5f0895edc43ce1e76f52c9f5f8baf8f2c01cb1a1,1,0
0x6084433b07d4466541af1cb5c3dfd7a50fdbb57b,1,0
0x608495e40784018726c7c384c9df149a9434ccd3,1,0
0x616f3b0259564367b66f4d5a2d8525b4f7737d72,1,0
0x62c16121e79a4d2871f50e18909396780e197bd6,1,0
0x64e243cb1a1b11f87152a64442c68451b9c50a57,1,0
0x657d4bfd9a3a0e728aba8f4173cc9f0dc466eb86,1,0
0x68ca6657390a4ec379d2426d0cf6b4fe769b6575,1,0
0x6b2f070b22d6df12155291f81dfc06c6a233ed79,1,0
0x6be2eeac7f28665ae9f705bb525abfea890788d5,1,0
0x6c458317b7e4df98563ec56550deb5be19c30da4,1,0
0x6cee3a2e8e2d95b3fdf2fc6974e05c6f7e8301b4,1,0
0x6cfa99b2352163d70bd52de24cdbf553374b9335,1,0
0x6d3a6fda22aa10822326efdd4501c0efd8958148,1,0
0x6e2fff210bb3ccb6fccbb772488355cfc1fbce13,1,0
0x778614602f591b1458ae916b9cf5bfe9d504dbaa,1,0
0x799c04752dc44a9bb189be597b99952c88809cf8,1,0
0x7a8583db42ef87e618a4879b18a58fa62e462bf4,1,0
0x7acd78cb19fae5e2d0905713eb0021c3de425c17,1,0
0x7d3e582f3fcd783fabb6e916369d93cf60afeb05,1,0
0x7d740a3b8221ad036987d7653bee8fd32a14a7bc,1,0
0x7d87db2abfacdcbaa68cf80074001ecf1eccfe9a,1,0
0x7df220262a4c9ca1fa9b7224bc6f7f4572a892cc,1,0
0x7df53d52eccd14bc14a96126d482d4817e43e46e,1,0
0x7f2f11f742ac87ec30defd85c80d915267320917,1,0
0x81aa5eff3422b61b3ef4143fe7e7b6551ffadce4,1,0
0x842101df68b62bd545030f5053bb0e20fbb1e0b1,1,0
0x84e89efbead5707b3665707cd273704d36b3b98a,1,0
0x851116d2f200c1cae4613bb28e470bba7b3916db,1,0
0x87c7475e80fe021554eb89f7feca919541edaadc,1,0
0x8802719ea260b4b75b07e63ad4de0e83c8c557d0,1,0
0x880cd5b44775d55ebbe7bfd0a1c7fc795dbad7b0,1,0
0x88dafd252a47b91cbbf1a43f7aae449076c06328,1,0
0x891c75328ef30c754049d8c37f853de8f84bd705,1,0
0x8b5d6dd501d5899de869eb875b04dc76e7fd5f08,1,0
0x8c118d7ad7a62ef0ecc6a88c3116bd8050c6195a,1,0
0x8cd6979bd3f49774995d8270b178e1bb69e77be2,1,0
0x8dafc11be620d183dff019bde98d8b96db395cf5,1,0
0x8f4df758f349bf68189e3b101f323d6229027daf,1,0
0x91ba15acb800efe7a0aa344c0fdd535929969e3c,1,0
0x94282ae1fd215ecc9bf3f4cd7378befda68c902f,1,0
0x963e1b23e90ff15cb63cf79676da6e8a25647dbb,1,0
0x965f0c1fdb1b34a062dd0681bc0645a1562b706b,1,0
0x970796871806ed99e96a4a19e7ce0e1cc01e7a30,1,0
0x98cfdd2c32f2337a3ea8fcfe3f878ad397da551f,1,0
0x9984f76f69a556c1e65bdc07c188245d74584c7e,1,0
0x9a4289d8d959e68b49484b8b24983783e320827d,1,0
0x9cc69a8403f509b15b2f094873641969fd32eea9,1,0
0x9db53be6715cf144d15ff806255185773ddc8e96,1,0
0x9f86c8ce4ec81a3cb1436047e17a87f33f0d20e3,1,0
0x9fc440a1185497a988443d5ca151d8e0127995b7,1,0
0xa464ecc81f4a12b27dddfa1bf0d6401f1a9e6f40,1,0
0xa5442684505b8eae70d76b5f3e907856718747ef,1,0
0xa54f45458531902ed8da28e76176019a5e346c0e,1,0
0xaca0faae2e4f1be30b68a1a5c9b1d00be5530a5e,1,0
0xacd54246eda0c5638a247c4717a8782c21497eb6,1,0
0xadf062219c669dc67b650215480242528388de4a,1,0
0xae21a3b475a5e6cdccf389ed81530e1ee3da6464,1,0
0xae80fdcc486e493ef3d5be81ec1bdc6c492c25e3,1,0
0xaf124ea7353220a720983a2d926e5f442b0e839a,1,0
0xaf36e4f1faf80c2426be4566bd4adb753848b0a5,1,0
0xaffbdb5e2fa03ab8a28fa39ebd6bfe94386137ce,1,0
0xb07ec928f7ce5f2996eba928c1b64a14efb0a940,1,0
0xb3902eb498681193c6fd65c653a8970c2a1b8044,1,0
0xb4fd729d6a8b87cf06ccbbbc99d9f937a73b6712,1,0
0xb50d2f18cf40ea6b99216e0627b20bc72167c632,1,0
0xb55e63439d24b57f12f748d8ef5510bcbca30abc,1,0
0xb939c1e33b43fb7110300304cdc1b7d3c1613c48,1,0
0xba29222975cd522750adccb63e99f1a57da29827,1,0
0xba9d3f1a8c3117db79516921bcd5a4220d8843fa,1,0
0xbe8f5c0b7cc2098b967fb812129f546b83a32a90,1,0
0xbed25fa007d0a30cb04f1b50750d599e89b1a8ce,1,0
0xc04e7333dd3e5b27fab9b22d45963124c31ff67d,1,0
0xc2c3035f3983a7d915f44671d08f4e2e813268f8,1,0
0xc2f17179491072950452c1e28fc9c29975efd031,1,0
0xc328db12c1368652c3742721e6f7c4e50a7466a4,1,0
0xc436489b54bdce304d0b1802ca7cf72a82f50446,1,0
0xc61f769f0e24122458f054d40fc0540453c63a9b,1,0
0xc622d8e64186c35a8c68bdc494edccc612b517dc,1,0
0xc83a61d44474e929af19b7d2102d3bff6f1b4b2c,1,0
0xc9f9f8910d9115177434ae6fe2d4dda96819297e,1,0
0xcaef42d212f54c4f3de3fe28c1fd22b3d08fd66e,1,0
0xcdf8095353c73650bb905e1e7a8e1f4432a49765,1,0
0xce9b627fde0cc98f4221ad7b954517389a1c84d0,1,0
0xd000414d96008929578ccdc439d112e14c9f3c27,1,0
0xd50d0f41dd217a0966dca6383e734f409cbc1a94,1,0
0xd7613b407a9eb751f7e391aa2588063ee4e883d1,1,0
0xd8f81e6814b939e1113f16e29286715c6460d9b8,1,0
0xd930ccafdbd00582d271f8c70eb7a6ed9ae59ab6,1,0
0xda47e598caf2c0af87085d34e51fac3c3261ec2a,1,0
0xdaf242e53f5f2688adfaa516318802a2ac27fc3c,1,0
0xdd24aa358280b0f2532342166191225f67a0f2b2,1,0
0xddda78690198398ea24c32faba940ed9582d3681,1,0
0xdec52b06f5136e6ababb022f9ddd5c324ec552f7,1,0
0xe0aab54593d19336d77f460f055211892d5f8876,1,0
0xe0dd2b8196aa0b67a831ef7712b475e4e23ed3cb,1,0
0xe2e98434f0ad95d69d13ca16d3c2cdd86aa88505,1,0
0xe32573a64bc5ff42fd3d3a64b9e51df49715c881,1,0
0xe5c9247628c311db31981eb836685707f2f92388,1,0
0xe5d442f93f38892109c1fc70eb48aa78b73d5b48,1,0
0xe64457d315ae942259fc62e51f3768fb3ab3ad75,1,0
0xe684f1f3116e82790d8461b8b5e037ab0e6a1856,1,0
0xe8ca34d5d5cec7e634391883a9451f10b4223927,1,0
0xea75924c3b708da11482051ce68d5fbeb7547f08,1,0
0xeb0e6ecd0e78b0a84ecd9663a041f453c454a99d,1,0
0xeb1e446eabd6705c9a8bc43882865463e0a92c7d,1,0
0xebe375a15ce8ffc37c817ce2cfdd6b84906b332f,1,0
0xec6c0b4ab93fc2115a2747d562a425948f8c0e68,1,0
0xeccbacefbdde4973a9589ee3b5a8149e525016a3,1,0
0xee928b02f2310af9566b15dcd547b5c53ebf4567,1,0
0xefa1427b8a61e29f15283ad86b40f4b78ebe9a05,1,0
0xefec4da839b4e40a33b5e7fdb85e59d154b4489a,1,0
0xf02a4b241427de98f71098c76e6d43111e4c6e86,1,0
0xf1a766dcbc01e8fcbac053143b59c7d47e8369d4,1,0
0xf1e25b3486b90b46cf0a828ea1c068a951c2c930,1,0
0xf244a3b10569598f0769aef83d45472c4dffe3ef,1,0
0xf24c2aacdd817b9dc752880b0fc52f78619bf9b8,1,0
0xf380a00a96c85ba7d509fda02b583824f9342495,1,0
0xf5760d9da17a3acee0b908d233d4bde08e8d54ba,1,0
0xf674703f604bc6f5e97bf2e773bce4cc60f59da1,1,0
0xf6a0733b14ed663622abe06a64d11e0615d85306,1,0
0xf8938addf94ef38295cd0666b5c1f31e447ed034,1,0
0xf8ddc3e81e318f7d3e271d10fa5747eb1b74fa50,1,0
0xf9f96b68c3f34011006f9961d29e5a631a7ab64e,1,0
0xfbea1765932d0c289abdbc1e164d198146591f2c,1,0
0xfc44421e8641f344ae44f0c22144e053bdc14263,1,0
0x00d330bdcad8c3cf615fd0286e4fce9a3ab5a0a2,1,0
0x027fc636db3ced7342581baed6eee79f7d1123c3,1,0
0x028ac18207dd3f5f05cf82d7a01d1c09048f68fd,1,0
0x04b970b2539e98755438e6da19b204f102dde11e,1,0
0x04c29ed7da6488bb930e158c601aefde1d463ae5,1,0
0x07772435f2379f28050f64171c67e25243051dd4,1,0
0x0779dc1fa76727f3496ed53cc6fb4c3547b08770,1,0
0x08fb8628ef793c70fb00085a6e2ad91e40f0a42e,1,0
0x0cbcabf9ffc5a53976aa63f2bf092166b3727151,1,0
0x0fb9c474bb4f6003eacf006d5171cff7b6f35df8,1,0
0x10910655d1bbd02359ac3530af2cfd6954da13a6,1,0
0x10a301b56ece1259b7aba7a3c5efb3397bae135e,1,0
0x1107de8b5715fb2bfcf25ce5cf0eff88f84da7e7,1,0
0x11724a69cb4d136b1b372389b8d64be1e9e26ade,1,0
0x11ca4a608e830bc13df444ba54ab05df74fa1b7a,1,0
0x12d42e79d07ab6273e1eef2cc19604391d707804,1,0
0x14dd16d788da536a217e47324393e95c9d043099,1,0
0x155d619c69fdbed0733d6f0defc0909998b53b9f,1,0
0x1721ff7e147b8a18f6aa318d005388b9ee3d30af,1,0
0x1789a0fd618b40e9dca42c486d4081f7c8e909f1,1,0
0x197da6348ec7542c3b349292da0a088f6d3dff80,1,0
0x1c77d8be02c34c054202ce8b6db678a20a90fbcd,1,0
0x1d96b3c12b8ad8057a2e47b65cce76818fb64747,1,0
0x1d981567d01645697d28d0c1c6eb7e06ed4a2e39,1,0
0x1dd5fbc5ce3e5e91578045abe5485ded3caf5a49,1,0
0x1e5b35b91c8a3e240cbdac8116e87a5b6d0395ec,1,0
0x1f58623d192ba22b87374f91e66690a3951e7723,1,0
0x20f007f632ee606208ed3d874a7c073b911a6657,1,0
0x216c4673562239ec3e21089862118528938ac8f2,1,0
0x2198c2e6fa4e49a0b53d90ba216a3d3844fdab40,1,0
0x21b30b4b6cdbb15c98b1a19952e880d7e80f9a54,1,0
0x22d2c9e7c66178e33898febf14ab4b33135d0abc,1,0
0x22e6496d12b4f210560bf12ee736db47b378fec9,1,0
0x2371abb87a08f90f77c4ca9c52ad06895d0d9c64,1,0
0x23ee28c2c6dad5e6ec3a938a1126e24b256e30bd,1,0
0x2434a54c54aa6b6d02a03ce931cc407695be61e8,1,0
0x257d74fc229f91de6285a4c7bdd6d5004de9aa31,1,0
0x2756e6ebdbebc3419f355a7c1301d42ae674b4a5,1,0
0x27e2bcaa69acbd94a04f62163a10570b6eb7b443,1,0
0x285725f6af738548ca81757f829df43d6ed03561,1,0
0x2c47f24ae2922cd649406451939ab48c29df136c,1,0
0x2d5ecbb26accb0fe671b0d1975e4dcda998c0f72,1,0
0x2d99ad34038746b528810cd39461baf144795c66,1,0
0x2e169a63157db750b1d99da92c6f19419ecad7e2,1,0
0x3054e1986fe5faa920cfae137f711f66f82cde07,1,0
0x30d5ad7a1b84a52e27871439d20cc53bd4b936fa,1,0
0x320e0856385c4e15e0af30b7cb269b9eeea83199,1,0
0x3326ba6b907b5709d50a178b2052384214bccabe,1,0
0x33ed8475ca95f9820d95a7fc9148b839a134c714,1,0
0x34075dab089eb81b1d58b2d395233c2f212363e9,1,0
0x350b129f39226eb42c739cb90ec79ba087b0049b,1,0
0x3619d688ae1db7e13a285c1c004fafb6fcdc1b6c,1,0
0x395fc9a7b8b2371721aaceba07cf7ae23f55ba14,1,0
0x399cad017c0ee3ea4f41b0ca8e597318f857482a,1,0
0x39a91ecc1adedd3edc54ef3a0d7bd8461bc7c1ab,1,0
0x3a14ca46c6c1a5cd3917e016bbe8373263deb0da,1,0
0x3a3d0eb4c483974427dc4c821e87cc29c93034bf,1,0
0x3dc5298eca01e265694530eb502898e782095bc6,1,0
0x3df5ba668fa69378cee5440a0786e87ba582fbdf,1,0
0x3e8b585d95f5a01bc57ad45f4f1c20d73e7f3c66,1,0
0x3efdee081e807d7a5e4d7c41583effd1ff824d6e,1,0
0x3f08ff0e476ea01e8623d1e3b7617611e7ff7aa3,1,0
0x41f26df3bebc317cc07b43cfd6950e9e1d5bc4d4,1,0
0x42e648cb91632b5fb920e599d7fe65bf7fd4a978,1,0
0x457efc50e8adaafd7f6353ed7d001e17393c54e6,1,0
0x45fb6a9ad7c77b8a8c6035ff69ecaa64b0bb0bb2,1,0
0x49131da41fc88cd9ea6e111111d7b7341bb347d5,1,0
0x492b30e7b576ac749f2a398bc31f08d8436ba504,1,0
0x4a3e3a1798fdab5e4227ecac8f76b7fb273002c0,1,0
0x4dc320571f9c8ef6920e8794ec991294619aff6f,1,0
0x4dc9bfa2a90959111149a2a707c303c1242f6530,1,0
0x4e438b72677004464f01c6bffec46b86617b274a,1,0
0x52b572e36db2d6e07f3d07a88f50695781dafa98,1,0
0x5379414745f63da71c0c3ae79441a27c1759f465,1,0
0x53fd12f4f91846cb0a11c92a33b6980637feaf04,1,0
0x54c4b52c6f0cbfe97eb3e7187d380f9b875b3f1b,1,0
0x5640ac800a464d41c28c1494e554953727423f80,1,0
0x578c502656cfc902133ef24c8b0cbe727087a33f,1,0
0x59847da17725b93313742a2a79ec09d51d205f81,1,0
0x59dfbee34004f7ff37911fe59c04bc78df06c53a,1,0
0x59e36dea945018ce3366edf786225bb71273d4a1,1,0
0x5ade252a7f52b9d1d4c07030d9d4d39f023f521c,1,0
0x5aef06fac75cd3dfee619b9357f58355e824de5f,1,0
0x5b9e8bdd8b6ea310fd16230ebc6c093e6a0fb562,1,0
0x5bc61a5ee2276897a3d60c4387602390cc12e055,1,0
0x5d84aad211a62f00e968ec5da31f27f4d43881ad,1,0
0x5ff04ccf6e7669511880604fe22474a08f5390a6,1,0
0x607b1caa3fd6cbc844d576d7d5d35bb5b72c6a9b,1,0
0x60e11df2f3cac5875c6b7ab3945bcb62ba87319a,1,0
0x61985f9cdcd37bc84eb376b2c8733cfbb7dd457f,1,0
0x61eca06a20a6b7f09efbe78117a9cc632e332227,1,0
0x6272b1e5154d9d2ec3006821ea90faaa318d8199,1,0
0x6281a833c6675459c701df4727cecdcde8e651ee,1,0
0x62ae74fb56545bf7befed4c9e644ff973a6af3ab,1,0
0x6311c8a4f9cca5a8fdfbc7a95fc565225d253c21,1,0
0x6478f84a88950e39cd242df5af9e824e897aa658,1,0
0x6567424b199a202cde000ec426067686f07535e4,1,0
0x66e11575c784643c65e594dcd8d8f4215730c4d0,1,0
0x6710a1a38295a96084fa64821cf97da4cb29cb4c,1,0
0x67283084ea6db3dd49410057990c1237cf529a60,1,0
0x69698912a0759d8f58c7230b7a6d5ead3e8578be,1,0
0x6a422e6d5cd03fc97ee2c802dde7e955bb170198,1,0
0x6b7ecadd2b458f2b77a50557fe231ad20a7c9846,1,0
0x6b81a7d7a31d0069439bd8f91a24de91e956a9c6,1,0
0x6d4f1539ff52e13482918f983dfcdc2054f8ff66,1,0
0x6e6e3b5a753483ed10cc13e2e388e04cfc467071,1,0
0x6fabee780c1af1dc5242860884fe2e83e2ac8efd,1,0
0x70ddc5f682117d61cd994d67021089ef961db827,1,0
0x74a4db35e431a6f8371c0fbabe1dd029cb762bc8,1,0
0x74e963e0e7961c618f7597da18997a02b3027a61,1,0
0x75b2277fc355798e350f2a773a3021159f531c09,1,0
0x77b68a20699c5bb14fa0e6e54ff08f88d8270e66,1,0
0x7a75f78410437cabae564f30fffe8746e0f48180,1,0
0x7b0668142c80d648e5bfb0a7cf9eba654f7ef852,1,0
0x7baaa10815bab5d538bf8ef07a357e70060b9f3d,1,0
0x7bc0ea083f8c2420c9dd962feddda30077e053e4,1,0
0x7bdc03bd427be007bb10a202594077a9bb87f412,1,0
0x7e6a980d67af029e069065f41461be0c72cf84bf,1,0
0x7ec7066364eafbd14de057e42a9691a6f16db9ab,1,0
0x813dc0706bc1b75251abda2f8ffe22161c0c950b,1,0
0x820d05ce4ea7a2a63d20b8e6de93e1572100d656,1,0
0x850b87d03a705cfcbd46b1be9a540ac4f553a032,1,0
0x8597137c1b9daa3a6e37c1e35017d219c15651d8,1,0
0x85f8a9a8f3db32078fc65da06b960ab2a88c92a7,1,0
0x86f0b91baed410ef45e7d85d09a84f96092ec77f,1,0
0x880a5eb7723e9a465b36ec051bbf8037acd02c2f,1,0
0x881fdfc43a5e78c137520abe7c856cb22dff11ad,1,0
0x8955fb9702ca390add25a01d0768b0938d9b89d7,1,0
0x8b961a604d1d06264431d2807d40db880d47905d,1,0
0x8d84d40b1c105ce16bdeb19c47e1cb3748de12e3,1,0
0x8f01784e0bdf50c88cd855a8d7e650d0d960ff99,1,0
0x8f3fb064c9ff4c9a84dc8697b47bcf9db2711adc,1,0
0x947b181e5e531863f3adfa73c738998ce0caf863,1,0
0x94b6b723632c51b79d5c86482448dd5982ac1d82,1,0
0x94b98cad9c97fd35797e4f6db2229233a0b66241,1,0
0x950a0a3532e7ae50136b909e38907a96271eaae7,1,0
0x9516e80ba79b97d5085ea4553df9e35022b1a656,1,0
0x9689ba6245712e09dfb7ea9facda688a6f6afb68,1,0
0x9795fb27985a5df94a61912756913b68b24213b3,1,0
0x984eb408535b2289feddb8ba462e91c989f16e05,1,0
0x99417bc90bea992977ad718ac75e1c92445cd468,1,0
0x99a9f3d6b0775b84920ea83c9bbec1856bea761d,1,0
0x9b4cea38e13dc31dad0a229761baf25822e96c6a,1,0
0x9b6cb5ee13014110211304de0c5cee1d9410a67f,1,0
0x9bd1de01bd17cebc8ae2eac03ddb65c5fc8a5915,1,0
0x9c68ed2ec611ad47b328db63e546453efc0202d4,1,0
0x9ce5ca66e5ff700295f4d89f9dd5816d31b34477,1,0
0x9d3c27faa970280785e40f25274b37e6494a4e9c,1,0
0x9df6ecd37c53c7f7db799c1598d6728304b9976e,1,0
0xa01eb7015ad40ef81c33901d72b63c7e4d6f6d63,1,0
0xa191b2de32dab8b6bbc98d56fa9013197d2a02c5,1,0
0xa557f04397227948db25a3a81ece5285ec538f0e,1,0
0xa57fd6c106a8c401c558a593ab512e3876c3a8f9,1,0
0xa5bd3e7989152cec30526d5627f2d9fcd30aac2f,1,0
0xa6346e9426ea2a093af0bf5b119651dabd536946,1,0
0xa9427797771065a00625fc32e7b0982513446c62,1,0
0xa950aee2cde591f5029891fa2f9971c2a12f2d0b,1,0
0xac4f03f06c0c3b6e628fa58e4a271c50b6ed9857,1,0
0xac7b03cc11292e37905a684db84ac1db031ffd48,1,0
0xb077206e0e5277c5df54c2eda2c47c2d4e66c7dd,1,0
0xb1a9182427fa79e81e9de68bc27c885dc24d12ca,1,0
0xb388233fc7f3391c41392545bccf0909e5cf4b41,1,0
0xb51ee97517b8bd2b6ef6156c1d01d5757a071481,1,0
0xb64cac31b37f4bcfed205befea662b37f5156598,1,0
0xb70c5c71d950037c83ed848c1a1b93879eae8313,1,0
0xb7462cee32aec407a9135f139320a6c162a5ef3d,1,0
0xb8c48a074eecf3528f7f1f4752757c7aa8053c24,1,0
0xb991175200a225f124c7bb820751411144d03552,1,0
0xba23cd29a0d0a50716e613ac4eea49c04c10d6d8,1,0
0xbae9c730f5791658a7823750ebb98e155d90a962,1,0
0xbbc32643aeaec52d9bfa2f3504f59843e45496f4,1,0
0xbbc66353a30a66ae9bd0f0ed02070fa287a2ed41,1,0
0xbcad818f8b4eafcf93b99d57bd5548e23bd5c827,1,0
0xbd7d78d22a3a2a7f679f40c126b297d8b6ed63dd,1,0
0xbd9b1caafdd27166f73af5f9b239c121dcba8d0b,1,0
0xbe5c39d6613d04cf8bdb10a0d302889372d8a2fb,1,0
0xbe672f5e21cdc8a0849212b1ed54d8145a52fcd4,1,0
0xbee9c54a3c7ef8ce0553d1d9485a0733d022564f,1,0
0xbfd06227464559d1cfea3d8551a3846d158f640a,1,0
0xc1b9e7520f7cbed0c177bfb5937a318d8217276f,1,0
0xc1c8552489e5371b8c9bcbb71fb9f37af5180b22,1,0
0xc37239fcfaf54f6d34b7f3f2a5fc30e8d32ebfa5,1,0
0xc3c7dd371ff714d33884f5b7c8d8d4010c278ac0,1,0
0xc46663ce2685fe4ccbc4d50e8f9248a2f09081fb,1,0
0xc49879f2473bdbc72073f4e5fa684973062d8462,1,0
0xc4cafdaf73cec62ac73413282c8c579632be60dc,1,0
0xc61d3da5ee9d5654323141262262460dee301bcd,1,0
0xc6368ffe34e4747c44b3faad7b77823f3b90b112,1,0
0xc8cf09777866522011df9f76c8ca34ca96749608,1,0
0xc908ebd8d0c40546e8e3ca3f3a80dbc1e8fa01e5,1,0
0xc9ed8dff246ec460127b1141c753a41a6f88c292,1,0
0xca575908473bc7c73ecdb45c6779d82497cfdcd7,1,0
0xca84c8e5061d8d79187bf7dfc9ad1cc4a6daef74,1,0
0xcbd265e13fc6cb36d883d4d96e3e07dad180fa4e,1,0
0xccb472cc87b4620a3f6024f1d584e4df2c216512,1,0
0xccd917241ae046cee7e56559dd195d35aea5946e,1,0
0xce5082e185053e5f6d985b1b7dc233d300362320,1,0
0xd002e731b302286009abaafd5e05a9853f5f3002,1,0
0xd077bbdeffb4a3f39bf7a78ab2f50ecba9596b95,1,0
0xd147a4e5b365e3cc56ba22a25f18be06787fa6ec,1,0
0xd1a4ef529b9d6682da7b6dcd8cb2cfe0a856928d,1,0
0xd5671aef6e61a12ea54232797769c5353897f554,1,0
0xd5e0c4bf0074e179de516aa64315f4c4c8d37f41,1,0
0xd70833f39948862234d977771b8e6eaea26a881c,1,0
0xd8d1099447fcc4cee04247d25b5427d5c64c6bb4,1,0
0xd9132e026e784f1b2b42317444ee0c0c81ec11df,1,0
0xd9e1370e4810202e1f38cbd3efc90f9a8dfbeece,1,0
0xda4ecf93f4ff9aa1f868a39c5520d29e1a9f07de,1,0
0xdb3fb73430218383b1ff80183668a6358cccdbb6,1,0
0xdeeb190b8fae9daa258fc277d32f63efec468490,1,0
0xdf83db275a43610b1a987e698250c1aeb57836c6,1,0
0xdfe8771385fad52575abcc7c5ed7e7ebf8700f81,1,0
0xe1fb5ce5af9711931806b7331b998cf6daf50d8c,1,0
0xe31355c58ca850ae0725288528f3a6152125af9b,1,0
0xe3dd67e7a2579e0369ae0d449ef7e4a396000752,1,0
0xe56b74174335a18d2ce4978d2df156c181d06ed0,1,0
0xe6ea0b933d6c2df68d53d74d7af804eb018a918f,1,0
0xe704837297c5050392edde7f081e15c2995fa782,1,0
0xe72afecbd2a624bcbdbe23f22c94626d13bd78fb,1,0
0xe77a5cec86eedc6f90f2abf92fabb0819d6aaffe,1,0
0xe91323d955bb5c7fd482359e81960c6b7eb6d4af,1,0
0xebb40fe8688e6ea01008e00fa2956e61a2ad023d,1,0
0xec0929d782f3a440a00ba6ca3782aa97f72924d8,1,0
0xec48ec785b6bb8f298fe4f4a7868ac4f679e4c39,1,0
0xee48400cb9d58f4432a910245908ba65abc0e2fa,1,0
0xeed558fedbaa8f99a169dfd4defc400e96c00cd6,1,0
0xf05314a12e223aa7b43f5e4e161e8a02f6a2421d,1,0
0xf12bd23f179435169c4bfcce7da2a39f229ce9f0,1,0
0xf13c84abf40c0308d46642fa132e7acfe430b467,1,0
0xf18fb7e6a57e1913fdd75f032ada1dce1e07deb2,1,0
0xf23d2ce9a8dec271d38a99d57292a95c5753918e,1,0
0xf3bb6ab7a066ee0afaa429893948d13fdd479ad8,1,0
0xf47b8faa4f71f00ddd7b06c7c167786d9dfb807b,1,0
0xf4a0260bca9faedaa70bdac4262c6d563c94c48d,1,0
0xf6cf0e4f308f85292f5c1550c12d49cd8ce2ffc2,1,0
0xf9602bbf759829569490239ecff4a24671920ccc,1,0
0xfb7d327de8b2b37053f92c869a7b71282f48d781,1,0
0xfb9f554abf53ef4db93e4f63545baee88c63c6b0,1,0
0xfbb09ed1dd23afd5602b9c22cfe5f722396062f8,1,0
0xfc9ece45e6ce6f40a44e922559ecd55c7ec3358d,1,0
0xfcf7b861b033a88fd9a843db79ff5e5ff8b719c8,1,0
0xfd269ba2a8601799862fa607182ebeea8c9da38a,1,0
0x00000012ec7f8928bd4deb14da43d53184ad6a51,1,0
0x00052bb5bc71dae2d3c6ec23c32134b2ea4d29f5,1,0
0x01766aca86ceff106ed12decc2cb655f8bf87e7d,1,0
0x0186a9aa28b0a0d0466627f267bbffd06ab20cbe,1,0
0x049784a1d1116952a8d31571fa98a14275dda588,1,0
0x05730c9cf00566f10498231ba31ca0889232f2d6,1,0
0x05790ed5045266591e8b1f254e236ed2c83f29e0,1,0
0x057b3631c5d4fac47a9c5447d71bdc13b7b4e052,1,0
0x06fb9b83a74a7cc193c046bf3b6dd6692086f781,1,0
0x07304e520ed62b7f46c7a7b3869f8271bba12ba2,1,0
0x07c388d6545609b1400ab3564bfe6eb617674bcf,1,0
0x084344307735a5178bd5edf8aa4003237f495981,1,0
0x0852373fd4e433e81367e045bcaa1e9a66066643,1,0
0x0884a36c40adfd036eae8b1dae96a1d4f94306bc,1,0
0x0913fffbc33d8bff0dd5ac994f874f03ccb2532a,1,0
0x0996ad606e81418225e03d83a0ab46c33eea6064,1,0
0x09cc76b3b7fcc90a0a6bd88523e4b0c827665fdc,1,0
0x0ad8904dd438e5866addbda56f6f21d145eab32f,1,0
0x0c3dc4ab7c446c8ad448b8037955adf4f76c239a,1,0
0x0cbeb4f8e66527f94ef5dc9856769bb401538739,1,0
0x0cd5e7c7fc12c9fcd2673cf0f7e168e661060a50,1,0
0x0dc2b837705ecaaf54acfa06c6812ebfee112ae4,1,0
0x0e4a66232a6e3d3d49c73d1249e3c21cd65817bf,1,0
0x0ed61a1952f34e762f16a14af603e9832c5af767,1,0
0x0f528960f20dd1655b319ac82d4dd63073c3b6a5,1,0
0x0fcd0a04dde1f62e8d8e34288cf2e8f7cdc5401f,1,0
0x10747a0f3475bbffabee37ee4141c2fc0d977beb,1,0
0x111c86fce5d2695c5ee2bd33a1342160b684f59f,1,0
0x1325d5330b1f217d9ff4bba207d625eafae692cd,1,0
0x1380900653c46436d8f5dc67d00dfe31806a5c17,1,0
0x13980fc61d72ecea6dd7f1f96fd5bfa463bb43b2,1,0
0x13a4b4f78ab4b93ec1cecf963e19f26f4214578e,1,0
0x144ab9e1b2b96050b437ad1d29b7b2da89b42b62,1,0
0x16213eed4a9d4abf0c109d220e7dc1664733310e,1,0
0x1666327cba9f0d7c8974626a83f3447da4793c1e,1,0
0x16db9df3ca7e66d7e1e189676030a5e096731d18,1,0
0x175e61708f1413c396490d2fa8cd1c21be90f69c,1,0
0x17d657b0c02f41493494df751d7b8d475ff1333d,1,0
0x1822c8167d354974b9e7cbde836ec7b83e1a7835,1,0
0x18ed7c97a5ce50e9bac73d0c74c1416127ecf6b5,1,0
0x1927c3956108ce4887f03aac770df22f3838795b,1,0
0x19bc7a8637015c9a987be39d017591a10536a221,1,0
0x19e0bbde26b90bce84b69e383b8ab659e6a55965,1,0
0x1a46e2fd9aa89fb20c45add8152350554932efce,1,0
0x1a7024416ff94e597024068dfcb046422440dd58,1,0
0x1a8d6d5abd8948b647c51bb7b071b718fd90d6ff,1,0
0x1ab6d81143823e3b9bbaac4e7be2c12af130b44a,1,0
0x1b15be8558bf929e66548c0b47d3f72a8131a4b7,1,0
0x1b710cb8ab59caded9b9bf012ebe7a46235338f1,1,0
0x1b93d21f98bef5df766ad1064f2d46d24db18b47,1,0
0x1b9404eb01acfa0dbd22528906798f305c03fa1d,1,0
0x1c23122a0fd3c49940fac1f765f0a3960d035f92,1,0
0x1dfdea1d6a258eab9fd1c1ea65f19f47b41d9b83,1,0
0x1f8c77b69b87a7a8894654ea1112dbb9de45056c,1,0
0x206a464ffed0654203d0a9b151688c7c28c31739,1,0
0x2252d1dd4d18ff69379bb3587cfc5fc56786cfc8,1,0
0x22d927b2819b0e1b48819303915a87580c49037a,1,0
0x23e860b187fc29211fa50d6f4480049a2547253e,1,0
0x2418c7ff88f10b461566a65d5563c22aba85ab2b,1,0
0x24241a6cf72faedb61aa91de214c95f62766fce0,1,0
0x24ea2aeac09ba9016d0a2c6466ad5de963d53be2,1,0
0x259d542b3507404af5dbdd90432a64228639452e,1,0
0x25d4814bc5cacfc3af26487b0d7e91d04530f819,1,0
0x25fbd8592cea8d24370b8cc1af9d838f66fad41f,1,0
0x261e46ebca340f41d4bfa448402dca8757597f93,1,0
0x275b47e023911109e1d71eeb0f42e2e0c90ccd8a,1,0
0x28d1b73dacbb68fe94e7dc766794c7e4aef28c3a,1,0
0x28fdac6ddb21c7f4bf5227e32e002d5a937de5db,1,0
0x28ffad1b9e45f0c95b85eeb401b486d92f220a8c,1,0
0x2929b126f3176d3fa3ff30c4eb7de604192ec840,1,0
0x29dfb7da8d41d0510663f0c70f2bee86e198f724,1,0
0x2adb95ffdf5b5b05e8bfbd1d59f9a42c6515cf69,1,0
0x2c4411256d086367ef092441df96ed513bc6cbb3,1,0
0x2daa27517a25541072de0e0c9a0f9db796fe0ffd,1,0
0x2e6fc5ef2e46596d75b5c5151cf06522594f492e,1,0
0x2ee7292fb420c3b942b86a2f921a3a292a4971bb,1,0
0x2ff70cf77be5e1c07bc254f46be34a4a591fa1cf,1,0
0x301a932d3faba362fd5fe592039f74658dc0945a,1,0
0x30728f4f4d001477190015f7d46e1ee12bb20069,1,0
0x3256074c1319d249350b02451b9068a4a211e36d,1,0
0x3283d872ddac68625cb36e174464828769cdc180,1,0
0x3361663aa4d416b7b71407db78485fa1b2fabe9d,1,0
0x34d29f66663321ca52f4889b3ad3064188da3a3d,1,0
0x354a71fae7bcff635fb86c3301237cde3516f9fa,1,0
0x35c6ff605c3d29c454954ef00854c8ce3b5f5e91,1,0
0x367c4948cb1743485d6df60e53a994b131cabd70,1,0
0x375099cde30c94f972ec47899c32434cd42f2080,1,0
0x37ffd244e0ce46d8264972f68c8e5d2067e1bd91,1,0
0x3ae3d95e1a4ae1c498b038af858a38622cdd7384,1,0
0x3e9a8d8e9ca47e3b4e6d698a198ce5421ad0f60e,1,0
0x3ed2f7698368095268af613c1157c060acf3f31e,1,0
0x3ed8c6f71e67fb0ac858d7d0b1f2987132e900cb,1,0
0x3f69557a41612032f31d5f5abd5d5cd6d17c7b41,1,0
0x4128f1a04767f1856db4f1588f8250f9ed948d12,1,0
0x417fbb839878f6e1fce37d0175bb0cfc8bd2a4ae,1,0
0x41b7f3f69b40b4b764273cda0e68d4b648510df1,1,0
0x41e596aef13e868d8d6861f93af08804d01f272f,1,0
0x423f8610b149e6bf85b877f6c96f2b84cae9f856,1,0
0x42c4edccc8e935a2ead3767d8b465757da71beb7,1,0
0x4393c5511c88d1990ec7f345d52ea08ea631505f,1,0
0x44c25d57982d1f5cb34974614d152eaaaa92ab98,1,0
0x454aab3e4f9f015c0f32850e8ee02ea9966579f4,1,0
0x4575ab97afa4a7b67395aaf3cb306784b0bebe04,1,0
0x462caf88c7091b1e8d73cb3c86908022f2d1e463,1,0
0x4770f67db9d09ca7347c1fccbf3795a464065ecb,1,0
0x47bd68c90b3c89ca419ddc5e4b6a1b4e54df8f86,1,0
0x48126c48f9ea786e44e2da83de614f601abdac2f,1,0
0x4a0145968cc2657fe252f14fbc1f32b89afa0254,1,0
0x4b9bd2ed0fbfc1574bb61db4230c04aab9b7ac6f,1,0
0x4c089a912bb5773dd4461f476a1b375ab2732af4,1,0
0x4c372e3b2744f343ae9365a5bd48aa3d92b8d64e,1,0
0x4db7a5d9068c1c40064171a787f287762987811e,1,0
0x5087dffb1952a4fbe9389c42eef9822de6db22bd,1,0
0x50e31a6898fc9bc858cf9dde55bf760c694a3df1,1,0
0x5229b6167ff09d112d6165d4690369e465cb5b1b,1,0
0x522ddad8a50e25a55b180d3762d505c44f29eb34,1,0
0x561df63e92b02cd71afe90bfac5de08ece99e208,1,0
0x5643f32f5a56f9781c451ee2919be8479db10414,1,0
0x56b43a18072159ac525a407ecfc4489595a7ca30,1,0
0x57af3fecae38b3c0b4ec6fd700e884d58ca3e471,1,0
0x5862f95b1b6ce04554e4f99245009ac7b8eec422,1,0
0x596c6351b29cbd198393f4d0aad7bbeb6d301dec,1,0
0x5a67e7956cbf099ae7f66d7d89a92d9eeb7e9eee,1,0
0x5a943c3dca1ceec822b40d8e6138e928eaf6d278,1,0
0x5c19bd8f90ce3869ee24f5d88897a19afe24cdd4,1,0
0x5d9fbd984b9cec714a4b14c38ea83bbc82d06d69,1,0
0x5db121caada4e0798f7e7220a8129bf71d2cdc04,1,0
0x5dd649c8c1c5381427c70f6b951167f09c7839c2,1,0
0x5de2eecb252a1a768b075a93e82a522cbf3989eb,1,0
0x5ef7b011f35abcca6582d1f01bc8eabec9cddbde,1,0
0x5f5944104192242992420c3f1291822b82800714,1,0
0x60909269a639546040481320220eec6b6b3d4c49,1,0
0x63c43c3fb852739f55095656ad329b41a2d99a75,1,0
0x64f7c019021ac74a68d90d08491ca43b2a632e71,1,0
0x65073d53b72d0ef5032b771f318a40d74ce64dbb,1,0
0x650cd55c3f8e86f8b48cd189381659b2ae1d7c24,1,0
0x654ebc75e7049731a28d7dca5b5df15ce2002cc2,1,0
0x65aa2dc76eefd5948a58842178c9bc152c6727b1,1,0
0x65d726929782e8f86ab8710c94bb4770fa5cbcd2,1,0
0x660888f021bb7da1004869c6a51059ed97d9e7c0,1,0
0x66eb20137b993d4c57ea63f27c1101d78a665b38,1,0
0x6750037e18e516a7f2333314e3fb26b60f185336,1,0
0x685c99e8780e5a7f158617cc2e9acc0e45a66120,1,0
0x69063f2c7325599dd0569e90a9acc53af31d7fa6,1,0
0x6a1f1ca328b82049e5d3cd9effce1e1e1170b4fd,1,0
0x6a5a718f2030ac8dca56b728ba42d192628213bf,1,0
0x6b9d19233cbe527fda3bf03acb45c12eed18bedd,1,0
0x6d58c1630981df50c5c494bbd67524419a1cc1e1,1,0
0x6d630b71f51b22feb6ae9e005ae871a324a69999,1,0
0x6d695ef656ec909bf220d724b1d9f43a7da012c3,1,0
0x6fe870904b0160b5010b30eb73072fd5ddb63ea2,1,0
0x70350a405e6d8fef03661bab88ec3769b0bb0c12,1,0
0x712dfbcfc1e43b64befec4d71ba7b4df9ae460b2,1,0
0x7155d3a20939ef6e5aa38c1db3c073df920c6c7a,1,0
0x7397386b3ca2d46c224c52393eb68f93163d721b,1,0
0x73d98b1b997388ef3b7362993f1a9fd211786440,1,0
0x75a510fd8ea0c43266b224c08fe685c882da4751,1,0
0x77bdd4aa10049b0fdf2fc7b25b6232f77c8c7e10,1,0
0x77dfa7d70106f33eab36eca83e71c51c524a44ff,1,0
0x78055330017ee228320e78ed7e9dc3523c48eff7,1,0
0x78057cc205e6ca872d66d170901bb7cfbcb7dc17,1,0
0x7837aea64650e8c0a0213ddfe6551d0130cfb095,1,0
0x7884468abcd9615d30836dc821694bb8e8acf6b9,1,0
0x7966ed59c549e3de385f8c513d0d8e4d0becb313,1,0
0x7a2d5e6fe4f6818be401b7c5a14088d3243a0e3a,1,0
0x7c5e4e5d60c9c87d597deeb8ad9c0e1a38f22199,1,0
0x7e1b133474cc955eb21a17853a16753083bed686,1,0
0x7fc27be0e2b85dcd46daf1370e37841505837921,1,0
0x8003d38b79757b6c54ef134da4ade76554434dd2,1,0
0x8005efe237bb33f5d91d112375008d7aa796c651,1,0
0x801f74c20ec9de0cdfbd8fe20b767960c9e40f1f,1,0
0x80b452368ae656c1f3ed076072c45c877f8d974f,1,0
0x80dd80cd25785825ae84e53d677b45cc028abaa5,1,0
0x81668f24d4adbac8f714886003c3f4bce5c6bbd2,1,0
0x82b1654b705a5bb5efb1ca0453b22f1ebadd6b65,1,0
0x82c23fc25424f582021387267721be080547bea3,1,0
0x838beb0a6da7b28468413b658b0bae8091d32454,1,0
0x84df26b640239ec5dddade55d53d2279376d10a9,1,0
0x84eb2487716ad5133db87bcc0441f0f19bc33ce3,1,0
0x85f4548a64d71ce46ee06c6c8c759ef2a93e3624,1,0
0x871c5b589826be930602ce4a03980b935bf2c7db,1,0
0x87544d958500f5cf4eb9fc4ec6fe19dd5d825f88,1,0
0x88fcd17f71bd9ce70a4b88d514582b46b845a91c,1,0
0x8902c34b0b1c03b7b678f91f21628e7961f74be3,1,0
0x890a0047f8d573347872cb6c019f86552f2367d6,1,0
0x897e2cab6cc7dc64d39379e0a3b8cc0bd3568875,1,0
0x89c8882bca9d8e9b86a2290a686e5d53f5a265be,1,0
0x89d5a2ca124c13e6628dea79ea81c13eb1a78491,1,0
0x89deb88767bf5c1587174b98c6143fc166a0eb42,1,0
0x8ad0053c88f85e9a9199036465c27fbb4bc758db,1,0
0x8ade934b94bfefb4eb8bcef2792e9e850c4ce6d4,1,0
0x8bc1f9c1321e16050ee43eb96458118f983284ce,1,0
0x8c24e0c8e030785026cfe9cbd4b08c8e40caeade,1,0
0x8c57d1fab10d4b78f49ef5c6abaeb76a63710f61,1,0
0x8c8504f476c184e298a223d4f841a7b4ed514d25,1,0
0x8d02e580ed45631d5c8b53352add7a5154988b3e,1,0
0x8e01311bd3c501e18a015f6bfd9bc0ee88fdde86,1,0
0x8e19c0f2a3ef17ca4b6faf44de87e56105da45d9,1,0
0x8e784aa6b504719752de542034a63978c00b2e4a,1,0
0x90b8f0997cdedd09576dcb9d0895d681a72cbe17,1,0
0x90d12b2be7a256098786c979a7890ee0b1a37246,1,0
0x90f20601b3462c1958f343a5609bc2eaa7111613,1,0
0x91841c28da9d90537da49d8e25a83e64d579cc73,1,0
0x926f069a76c863de736002aa3b485686269be5f2,1,0
0x93547784bde1be7b73878dcab46eedca90b5ba73,1,0
0x93a5efb36c92bf6b853e469d73513050c8fe4f43,1,0
0x94301fba40e04066919c7ad9566f004738410ac4,1,0
0x94cee1ae30639ceed8802b4971eac1f1caa1ce60,1,0
0x950f73860797783999550e5bd34718c1fae88e8d,1,0
0x95776db5accc27f1c0bb26c1412d4218740ab14b,1,0
0x963a89c67115bd00eb5667d0f67692e502f419f0,1,0
0x96fc7c546ce3376a880430a5c78b921dc1a25b3a,1,0
0x979769aafc89506e030cc2bff34503809239bbcc,1,0
0x98621cac2529d8e7e90a7036cd93110f5e5e3e02,1,0
0x990e627a52c28339c7823b4d490b2d56a77919af,1,0
0x9aa2076170567a4d850db468cf31c60592b9457a,1,0
0x9b532cac8b87fdc81e733f9c42068ab8d6b31fcb,1,0
0x9c012c259439b30938a7ff5612a5f4add42b9cff,1,0
0x9c7430afc305b1bde1e40875cc508de0824a0463,1,0
0x9c844d3bb0bdf49d924fe1ab6b7ed0e31a1306d8,1,0
0x9c92c1ef6606396b8de0d0620a4dd37f7c0a7527,1,0
0x9d292255ddc87532974ef5b13cb5d8c44bfcab23,1,0
0x9d5584867fcaf5d86950692e16edca497885c3f9,1,0
0x9dbd160e933e269ea46e1e1194fceee1cace0129,1,0
0x9dc051ce8da00508838d152c35f1fb94de32b6ae,1,0
0x9ee7ab7c9a0a2abd3a5d44cfaf8a9890f0a8efb1,1,0
0x9f2b99d43160b061106a1353943810a096c944ad,1,0
0x9f9517caeb5c17946fdd7b151a3401c49c469c5e,1,0
0x9ffc8a586ed6b46a85fbdb91b0ced41f00c53a80,1,0
0xa09ee279487ff6820884165f941afe6f51d9e8c7,1,0
0xa11ae45a933525d518fcfbad12334c8cac0f0335,1,0
0xa1e86151382ec8b34821444fecc10f7d054ede6e,1,0
0xa22157d45ef1a04adb696401f9f40a09f0eedaf1,1,0
0xa23d2e87ab62eefb3ab49a56fdc6ee8b06d84b44,1,0
0xa3210732753e1c849b9d00402d007a9604ff8e0d,1,0
0xa377855c38b1a5bc6fa513c6bffa29ad2450789e,1,0
0xa54a43a5a423aa413c2664aa4ca7fc88f6d0b1d0,1,0
0xa5741ccad858df547a793edce58ad9a5cd976c29,1,0
0xa776e57162073ade869bc6eaedb344004fa942f9,1,0
0xa7feb46e05723b8a9c82235ac9d19234f9e178fd,1,0
0xa90f966d41c45d7e1b21e123b2bda87fd4367ef3,1,0
0xa9212f04e418835d9a7b8ded083a886e0d36a74e,1,0
0xab6ea7ebea72e2cd0f20e6a32734cc26d8db510d,1,0
0xabc346480d6fa026a94a6f0b375325a1ddc60f6b,1,0
0xaec4890dfb6a7ea8efd47d8c0e2ea103eeb8b647,1,0
0xaf6cb6c8e0c77880cc04872a7022ca6528960e64,1,0
0xb0241bb1a040ba99604002fff03dadc3db472c7a,1,0
0xb1645da9e8ad34ef1a503289992f1d08127e941c,1,0
0xb1d489de3dd0732a51e3159a213465d448e76be9,1,0
0xb277c947a0daaff3479daa0996ad03679f8f3d85,1,0
0xb2e003f7aa8152372611287d02178c667db58151,1,0
0xb3117a19adf8966d38b0c66e117f37497b86f139,1,0
0xb3e3f333ff8a60fca757287eee6fe0fa513e2e5e,1,0
0xb42f11b3bc1049c2e9c160eae378c31390d636d8,1,0
0xb4b977922cb45280c291b55e33bd771b3026d6f4,1,0
0xb6a93e1a81ef0a850b5fc48186817803aed28cdf,1,0
0xb730b4279a80fdec6d0c888d09409f1e40ebf10c,1,0
0xb73bb34bbd42f8c8b6b331219ef522cd861ec23c,1,0
0xb7d8b6f6240571bf7575bd8b7fbf14aade9f32d7,1,0
0xb7ea5af26e57cf224b22a77128ffd8e9e64cced5,1,0
0xb91bdd2fc5a16436371768a58e8cb0d5db384a2b,1,0
0xbb0d7b7bf77700810b399dd20e49db82968a7b64,1,0
0xbb94ae28551b9bdbb25ec77d016bc9ebe9a74974,1,0
0xbbfeb23e76d591fd0b0eaa4a72231f51b48774f4,1,0
0xbe047a44b865854a8e7b108e1bb1b51dea20c796,1,0
0xbf99296cbe17386290e22cc11c58adcd253d37c6,1,0
0xc0040244be4abfbce637d11ad48ddb273521c489,1,0
0xc22c8fcb98a4cf3ab22cb8f246991b81f97c4875,1,0
0xc3a0385d74419e276fd5b2dfda388a6e199c6800,1,0
0xc524f39f8854930b2e5670bf0d7857bfc6cabf1e,1,0
0xc6599c5a7c82b04fcb2b7ef6625653c49426548a,1,0
0xc6a0d3c3d306cbb0915013cb6a7c45b89f804703,1,0
0xc72373d624177a9de24ef6940e9e7c80b2962420,1,0
0xc75a970c9a3f77e2ce9b2156981ec674b179859d,1,0
0xc875775f6900ae6ea4dc7c2f8d9884d793395aab,1,0
0xc8ad7a73632a5aa6deffe72f0afca4df71c6f2f9,1,0
0xcaabb708a58a6cb0157fc6977f43a64f51d3b2e4,1,0
0xcb3dccfdb44d4967fec5b14a9e50b194e2dccab5,1,0
0xcb88f06f0e5f6b8170d9f8a1fb8704e7512e1f55,1,0
0xcc16166853f5f39509a83d2947169b1cb1293a31,1,0
0xcc9b92b8103369fa4a159812433a3a643a02c9b0,1,0
0xccadd9d661bb8a8502a98f65620849a132b9d8bd,1,0
0xcda4b57d6346246d73897be9b3a9f79f7c4475de,1,0
0xcefa072cef7e77fe3529ea765aec683f8ef1f1b8,1,0
0xd24010d625c91938fd581251da3b070a88805aad,1,0
0xd27e2c7dbe412920a69b589c305d26af76736aa1,1,0
0xd399be30635e129350e4e863e916fb63f04c6f23,1,0
0xd401559cadb92012e41d7be7b7b5b56b8a4a0772,1,0
0xd454ed303748bb5a433388f9508433ba5d507030,1,0
0xd47723c6d9864b762541a784a81dbd6e88203065,1,0
0xd494de6f78a832ff1e1232e6ec8fd2a6319c5d39,1,0
0xd505971936a60ddd0180fa83782fa009f6975c15,1,0
0xd50dea90f9bd4b0816dfa5f8b43850d78bf8cd39,1,0
0xd51a2a768157e73f58c0ebe8f98c9619b4962e5f,1,0
0xd57bd4cc3a4cea2c997665fcfce51ff7e97df265,1,0
0xd69e0b48ed2f4d08ece9511ed338210d03cb5891,1,0
0xd761dbb8df1fc2323038107b8b20de562db3d14e,1,0
0xd7974ae1b219a9944ff8571b9bf304f44861c9ca,1,0
0xd83492467209b2fe000db2cbf8eae6a9349bb563,1,0
0xd8b62a57a24d8ba9755fab0def802fab50259c73,1,0
0xd91efdb92b5d7d2f26440950661c23fe574b4e14,1,0
0xd99bf391c25a80f7a571f5d8ad557dbea011f200,1,0
0xda2415150c5fb1c2373f3cd2ad8f6dbe18f56b64,1,0
0xda5b94b6062c408f52d35559c1f8b985a0c8e638,1,0
0xda6637c61706ed6e75f67a08d0f1c4099fab5074,1,0
0xdb12b0a826d10ecca7a783caa1daa508afbd6da9,1,0
0xdb42b073eea15ca070790ec51d0297cbd14c14dc,1,0
0xdb96ab704f1d7b7ccaf004210f8ddef946294ab0,1,0
0xdcbae44538b89d28506ea93b7554f7f9f8a78e3b,1,0
0xde2f7322c44e3bcb2b0b4196165074ce268a2201,1,0
0xde70981bee4dd488f7a1c5741616b19467a0125b,1,0
0xdf6e77ff940d24e862a59a5f76fc483a432e97b0,1,0
0xdf9f94c8976cbaba9b5cf88d7d9e8b38b21e26ae,1,0
0xdfbda1978acee5f3851ecabb16704ce918e06f00,1,0
0xe1e37b3b5fe833c2a56d204b9beccbd55e3d6236,1,0
0xe25b2a3a77712a91aae8b03407145af529a1e224,1,0
0xe30db82000e652ac0737d403fc51446680070bce,1,0
0xe33b681aae583e38e4e010f82598aa68b5cc332b,1,0
0xe39262206f5d086cfcec8df9e08965869f10a3aa,1,0
0xe3b43b615500ad2ad63a3b21c9e649b4e2d81fd1,1,0
0xe3b97d0fb3f5f477ccd0b8f30660254c9101bb39,1,0
0xe4d405dfba629d40673066eb139c63f385c91bad,1,0
0xe622cd7f199909cbe7e6def461bc50b112910fb0,1,0
0xe6b25065a8559d84c8b2e94105efcd6e3f022c81,1,0
0xe8b46e479826d86c0882b499d8bbed027e46ed29,1,0
0xe903ad01d2f2e0fe9ea4805d4da5eaf6ea67d6cf,1,0
0xebab398ebfa3834e664d348742a73431700e0375,1,0
0xebefeb85d5feafd47208c4cecd61b0d9f5621770,1,0
0xec51ef3a781d2f32a3a42bbc49dfeb7a79a871dc,1,0
0xeccd9314a90d4e5c804239feddfbd7e508f03e70,1,0
0xed9ad5b7ee6df3d363a6a9318c5b57369e566155,1,0
0xedb7cf556f295998252dcc159a725061b55d792b,1,0
0xede1e08767bcbb7af8c72da2b17e815d7573157d,1,0
0xeec1405f1cffa78858f3be4370d8f3f5ae91deff,1,0
0xf0854c4dc9d3f1ebd4f0e44eb91587f7fc5bd518,1,0
0xf11010bd73f88460a312b4b6441b1bfcc666a072,1,0
0xf131dd9e4b573b2ff6d2ceddc9a20399a18299ef,1,0
0xf1c8d764ef3a5a0d02943ed94e14cc802eef8a3a,1,0
0xf1e9e314611e9ca53c0a9c4d9c9dc3af422bce5e,1,0
0xf40f5e64bb6be132e2ea11273b01c413b0dece58,1,0
0xf8873c539d9bad56f86a21fa1b27e0c514212303,1,0
0xfa6475ba7cf8a5f216dc92c6c5a6c33ebac3e0df,1,0
0xfad7a1a67d18077a8633749687eb3b5caa0a11c0,1,0
0xfb59cb8e5d050e82ccaaa4cef0a450dd8002faba,1,0
0xfb825eecedf4b45d5fd95552549f793e1a1d255e,1,0
0xfca6735ca9b80732fbb5fa46fe501bf3bdb1f961,1,0
0xfdfd5885f2a8031cac6bb7112abab48e68ef3a8b,1,0
0xfe70187b9bfbc1ea51c816d7606a879bca999770,1,0
0xfe8cc72d95633e3a40cf3d221a609ef0c4807745,1,0
0xff565cb19a7d3f368fb39ceefdc34ecdc60269f6,1,0
0x01546bebc665eb16c6963ae42f1edf311852a8ba,1,0
0x01888ff9106f0675b7e8d2741083343afb713fac,1,0
0x023563271151773241e7364ec3e04082c4a179c0,1,0
0x0263719803c5e948e4957a3fd6f725f003c6ed6d,1,0
0x03168a60058be20c37b3fbe482f3d3f550de7313,1,0
0x04994c1a36690c3f8bab7bf4e0a93ae025bef6ff,1,0
0x04bda39ac7b59301b2cda74eb84b16986f88f884,1,0
0x059b506a01962a1306eb1c407b807d2f62e98f0c,1,0
0x061b8335e1d2042975c4ed849943334bd07fb504,1,0
0x0667ff3021682046b4bb8774712dd631c18b4856,1,0
0x06763a3fa512ef21f6c99f91d132b2b2f5a34860,1,0
0x094e1e9050279a50e9e8861aa54265997ac29457,1,0
0x0a16fc27abda97f1f2de5d6e0336738ef503bc4f,1,0
0x0a8841c8451f59fdefe4a41e17e9e4a0b61c8813,1,0
0x0bc2aaeddb5fa37fdc397d4c00ef3a642c781724,1,0
0x0c152709db94fd55aa28cf6e6ee1e8d98a29ad99,1,0
0x0d0b5be7da17179f8b05a36e557abee5ffe2a566,1,0
0x0d2349e291a9e0bb755bffa4097e6d378a72330b,1,0
0x0d437a1f5c825d1bad9d5a5ef33e652799d4b860,1,0
0x0de5a5d50453e702ad66d3fcf7c986f408019ffd,1,0
0x0e911dec7eda57fcbb0c6401ae6759db400ec227,1,0
0x0f26fd18e49d96560d56f198b0d61157240db6f7,1,0
0x0fccd4f4b1a06f1b7c9a109a59f96145f5b40c7d,1,0
0x11b9dd6d3129eb740011b1a948adcbcb67758a10,1,0
0x14fc5704d086f52f02a4a1455c76f5d5a3c7ce42,1,0
0x1583ace730bf0208708692dafe6bb09a27e17fad,1,0
0x158a4cf04d9d342200e44bbf39bd1bbe1e6bbab3,1,0
0x15b50eac358c41fdf5e4f13497576256e369c757,1,0
0x16b4c671bc4f70e75beb0c6280309e42161dc8a7,1,0
0x17d4f8f4d52a3f665b7d01c4a5b6a4fe35e502d8,1,0
0x182f8723b57ea3caf8b31c38bf5538987506e5ad,1,0
0x18acc7e09e5b4adaf4d51dce21bc2ac616ea9440,1,0
0x193a4deea8b999c0b93267b2af2168c9ec0b8b89,1,0
0x19839daebee7b76b4e38cd7f5127487af695a6f0,1,0
0x198c46f639357ac2b288dafb81ed46f3d745bb31,1,0
0x1a34d89bc4b464ca54b82db2aeb2bfb510b599c2,1,0
0x1ad6a6672e07933d7907c94ecfc58684f1872837,1,0
0x1c13323255659440d50d304ea0eae3cea4f36779,1,0
0x1c9b6b85279d8274a8767300714be90df8b29057,1,0
0x1daa49168fb3dab405e9856e51e7fd8af3f4cfe4,1,0
0x1dc27e071950b7d310af813ddf7e06a4d91f2ca2,1,0
0x1f2ba4e26f612523bbc9d52e1224dc7a0443c237,1,0
0x1facd200d8dc01c01692dd0c222645623fa2d2e2,1,0
0x208740609cdcf22b76a35071189dcd5b5cb78d09,1,0
0x20a981fb72288ef6418cad1e0019d5da84d7958e,1,0
0x216e7a2afc7206a560b1cff735c148aa21df7eb9,1,0
0x23480e1a7a547a2e9e3212df99b267c8ab409780,1,0
0x23745e90a24348cd0c6dd78fed73cb0a049c90b0,1,0
0x237c6bd2c383bfd1b91574bf79517471a3106c9a,1,0
0x24f391d3d059af33ab1fbdb978171f535d5b0f39,1,0
0x24f3b42a46460aff0be24c7bc72c8ca82aa8eec7,1,0
0x2666c323d1ec8b614792c9b0c9c082aedb9d13d5,1,0
0x27dccfe65c8c495495a3a08f2cfb774e2d023854,1,0
0x283bc7af2a631ba2930ed33f3c6006df5f05e9f6,1,0
0x29448af98da1e2e9efdf63cbf6d64f42ccb3055c,1,0
0x29473b336b435d6efffa3a9a75961749df8d83ee,1,0
0x2955e3afaae84579b99d2afca71ba21c68948155,1,0
0x2988d030b060ec8c226eebad66682e5b0c717424,1,0
0x2a6edff6b6b1db072fe1c11c4f21ce1775149dc9,1,0
0x2b10a59bce017170d83537c1d0effdf8a1610645,1,0
0x2b1aef40a181cd7c33c58d6238cd90949794c54b,1,0
0x2c139e1dc81d770c2cd5a369c48a17a5596cdb51,1,0
0x2cdc6951975d22cd90e164c1319acf815edf5f99,1,0
0x2d71246634b8a095714e78d8f1d6be003652485f,1,0
0x2df292af809fd693d94c7d17e36be352e15bb98a,1,0
0x2e3b4ee7ca47ce12bdfa7bea215910947f53d9ea,1,0
0x2e7fe8551847302a76c9c2201b7228fe382d8a82,1,0
0x2f5538be02f43101b5f507e0031c964965466279,1,0
0x2f632c314b3df3a05bf49428de57db703b9fcbf9,1,0
0x30a6e8b4922411a28be644874e022c32fef7e4f9,1,0
0x321ba91c5b0be038cc7af8ef821a76b8656ee3c0,1,0
0x326e26d10ef3426441ede84762695a7c9e512555,1,0
0x33b237d8ea26e8d4f10309878fc105a019410a0d,1,0
0x342430662a6a9205be92d33407f817144ffbe4d4,1,0
0x354b10783337a446703a4b02f9e12b6791a89f54,1,0
0x359501ee3f821d09743a60c89306d08c07c138fe,1,0
0x36ae534f82ea6c6e6ce33830557065c9bc2f2e8c,1,0
0x36ed6de83b6f4bf22241cf17f4e25662302e3e4b,1,0
0x37b270c289a1e348d04860e025e4b53c78729308,1,0
0x37eafb9bdbdc423981ed3075671afdb6fc3d9e74,1,0
0x38e59bf56b28959171f1b629cc834704c547f968,1,0
0x39afe2176de832be2a5164e5fc91e27d1355c88d,1,0
0x39f1b3a0ba7c74bce510f51257acd84b0f766e6c,1,0
0x3a98108b5ae113c9ce6f423c89b37c4c1567ac78,1,0
0x3ae2a1f969c664261707729ec18de489ea3d0a73,1,0
0x3af00711e67b59df07d6e09e3a35449d8f018ed2,1,0
0x3b2de4085e347f36268d5e3fd7449e06c3a66ab0,1,0
0x3bdc0f292fceebd4f816dbbc5084fa590348e566,1,0
0x3cf282cd2df98d8589598fde938eecd1dac9671f,1,0
0x3d6e7bf75011717ee703f64d9fc4e85f03ff617b,1,0
0x3df6837d297688c07575f9c0949b8a76c8c8f671,1,0
0x3f31f23e7de1b9eadcbbb9561348a33f3aaa437c,1,0
0x3fcc01774a04fb358933fdecc86529f55512efde,1,0
0x411dc3377fc169aa0d9b083d932dbcc8deec3d35,1,0
0x4150f2cd0f10e6253c318deb4971463fea87cc93,1,0
0x4227e2581ec746bc91fddb258c7a29f9e06a9316,1,0
0x42a9cf494df977bbb90a1a45233df6d3794a4894,1,0
0x43634d29b94268bad0eb63d54e1c92362048d2dc,1,0
0x43e65d3ce3ff5352cad6fe33fe5c89e6ddc236e8,1,0
0x43f94b2b81fa25d4a352cdf013a33a192c57dad9,1,0
0x44a2b9321f95eb240971ba6aea08464e3d2c3c63,1,0
0x44a9f89a67f5fc14761d1bf43a387124dc1beba7,1,0
0x44cbf98851acb26aeb807c9dd5b8646fca6c7e7f,1,0
0x45883c82222fb0ba5bcefd804ccc455f122e81a3,1,0
0x46360e8af2e7bccdfa2874034e91f5a1fc785912,1,0
0x4699a8c8188020ea03d213654c107c8b940181fd,1,0
0x471a495039ef5c4264b61ae45eac407d3c5214d1,1,0
0x47444db9d70eb322757b87b98110ea0391a3fa8f,1,0
0x47f63c67acb4db27b9373a55bb78761d5d1cd388,1,0
0x480a43f06b821199506ec38f1fcdcf1aef066062,1,0
0x487f9cffb6a1a71cf640126472005fb5565902fe,1,0
0x488a2ea04d077c62315f637b69aad5218e825099,1,0
0x4976040086b1110040471dc1515f91b99033a805,1,0
0x497d18bd3c7461dd3d5af982b83b6179bc4d28d1,1,0
0x4ab48f97288c1bc9f06292f98341d1cd251b30a2,1,0
0x4b32c230a22e73d6fb30395aa88fa51e1b96a19e,1,0
0x4b7b91b9d94b840b0cba019a09b58d1e9d457063,1,0
0x4bb354edd9d88e3d7a028a407287ffafb036bcda,1,0
0x4bea333c61f3a1381b2c854af53a13f1a36a7bc3,1,0
0x4c65d11332f4224628a890d6fa42a996942c2b0f,1,0
0x4c855204c4eed411a03d20ace673d08837a8f5ee,1,0
0x4d32616ca5b50add91017a48d18f79d33bb3cdb8,1,0
0x4decfd08dcdc4ac46c2606f4dcc9cacd99304f14,1,0
0x4e1f8e3c4aa52d77379535392e4f272715255b02,1,0
0x4f4bb7f63af4c9567dceb4fb44a87e237d2849f9,1,0
0x4fec3bde38fa9371da875d4fb9186ab436c9d72f,1,0
0x51df5de5a9e30c14fd88d34013081452ef893aa4,1,0
0x530aef31073a40eff1251f8d5154f2444a29fe3e,1,0
0x534d4e798b2644266e4c431545925aeb2ce764bb,1,0
0x53793adde793224e8e41aa6e2d6b8d91f780d5af,1,0
0x540a0027509b1c9aa0a2c5c65491cc97083e16de,1,0
0x5438222c08c1575437790799b66be9541c4a91ba,1,0
0x5469b14150fa7687df4e02b67c81e7974af08163,1,0
0x55797faee2a76361f41138b7b2b3cce4c9056705,1,0
0x558a2a21fef7e25721def06b663b77dff70ae4b0,1,0
0x561a4d17451df83d44a52a5dae9d41ae5b865c03,1,0
0x58a51f8d274b639101155fe79dd26d16444f9d0d,1,0
0x59139d70ff6908b25c90f07b924ca80c51c43b2d,1,0
0x594c9ad8d38fd59daeae8520ab1e31b2a866c4f2,1,0
0x59b04715cc78831ea7161c602853151a6a60a0d8,1,0
0x5aad1caeae9212fa3264390b68fdb0f257f248c7,1,0
0x5b11dc3778d4920d849124af32c476048d09cdfb,1,0
0x5ba11d263c132c84ca5b7c6ba13e8d68ba798984,1,0
0x5c5aa6b8db076757bad008c7aeccf87e5c66a7a3,1,0
0x5cc7a4ff3713aeb55e64b803cdc7a4db4af9a273,1,0
0x5d8cffba25bbf74736ff6af5d8f43c031c3bcc66,1,0
0x5de79e9574a64f279d387b736adf74421e74c525,1,0
0x5e0863ad9ce1f689cc9b5e10977fe0a04b25ee90,1,0
0x5e7dbb835decd32bd1f265f3caa0444982d0ec3e,1,0
0x5f208f30e025aae88932dc6f15fe31eda0a8c27f,1,0
0x5f512dd0f15738d83756e9ea1019ea8f851c608a,1,0
0x61699c5ec3d44fc557c8754100122622866fd1c4,1,0
0x61b99befc1fae0d593635fd228d71c90de710e35,1,0
0x63026d769f7d45fcbff3862e4a7c47c4defb4e29,1,0
0x635a0c839c184f2c2420630f0828db1f0a72cbc6,1,0
0x6385985737dc927e5d32dec8f755df36731dc143,1,0
0x64fbba30fe50afd4099ae09559c4094f4d50273c,1,0
0x65ab2af69d1d7c96b12e527584e5d457b57206b5,1,0
0x65bd97a7da85a2b727241bd8ae052408d521f3fa,1,0
0x67307c87c3fee76ac8b4b8d5cdb504a92c9c5a88,1,0
0x675a35ad5547eaaa452ad423002d51f42eab2580,1,0
0x67c6deeef68b6a660ff89659a6155d8bb79b0774,1,0
0x67f91c78413a1f782223d9332a327893a0aebb7c,1,0
0x6a2a1cd2ce87baee0b8434a26fc026599b5b07fd,1,0
0x6a8adfb06916682cae1c22aa1bd1df9b00f743b2,1,0
0x6a9c12eea0a6135f6d27cd749e2294a26befc426,1,0
0x6b5d503451510bf3945c541d01da68c981f9c498,1,0
0x6b671cfa2619790c861fd3b4b3cb3ae5a78ee3fc,1,0
0x6c89fc66561fd2f079ba29b1ac34eaea012e34f5,1,0
0x6fc935160b30afc27f38ec1af16e5255742b541c,1,0
0x70f93272e7944bee803f5fa1f3593d61e14ad9a7,1,0
0x716805035706442efb71041eff56f0ab830d00aa,1,0
0x7175118cb683eabffb9e9e957aa2158285355f26,1,0
0x72b545724f5d9cf8076fd2b915d9f8ef14c81db8,1,0
0x738bc852bb890c031fc710008fff60ab0dc25921,1,0
0x757566b1867c370b8a3b571dc7783a12e65e3d14,1,0
0x75b5b86cff536a7a93b5819a393f583bc0f448c9,1,0
0x7628b9d26d016fa8e347bf1f930fc969ffb739c3,1,0
0x77603e70d1547c2e00c68580e8305ab983e1539f,1,0
0x783756a5ef088720d2a3296cdd5336659b2d0e67,1,0
0x78ade0fc66c6c06886f5f3e6e64cb7a5f37c2523,1,0
0x7a13ef5644275c05f007afa2fbed81b49fcc96c3,1,0
0x7c657b4594c0547840c3f790aaccb23db8c07317,1,0
0x7ceb3ee7f7678f04b17c5628e0a790956215ede4,1,0
0x81fb9c474fe49e4dd2d4a47dc29efd330d9dbeca,1,0
0x838aefae59cd57a9c1a474fa3344c285031f0bc5,1,0
0x839435084253cfbcf01b2aa99870586f9aa82449,1,0
0x84f2466d8f4dbf3ba8b14dd8376e128cfdda7e73,1,0
0x854569fdc129f95f34dfed02d6cbad493b10b7ed,1,0
0x87e271c413bc81150cb70bb30430adb4ba7022e9,1,0
0x884da90dd057cf189a4e303975dec52b70758888,1,0
0x8941c5d3eacca31f3ccba0220d55fb7dbdcd0d50,1,0
0x895f5fe9d6aab2109996e67ddd4a5f5af38eaf57,1,0
0x89a082e9ca5db7b0f6b0fe377ed4b831737e2785,1,0
0x8a2c02e1d58607c48005e1144cfe61a8d75fa000,1,0
0x8b139211fd5f39c9f4943d0c2039957e8609e960,1,0
0x8b36ea942aa14d6696ff5e5393c54d9ae6fbb342,1,0
0x8d01c5cb2951265ce3e43b3a39467cd4ca72c0e9,1,0
0x8e52327161b5eab3fe53c0de25629de300abf55f,1,0
0x8e8f19479fe40e945233cc6a8933cb0e8a557114,1,0
0x8f7c1fce298ca9147b0c1e83e6ac97ba0346d19f,1,0
0x90602b9157d1f77947cc7e79e337ead8c503f838,1,0
0x90ec745b0c0c825539c3ca9d1e8305a2ef1b76b2,1,0
0x9125ee7751b94db43109738b39f6e2530c1af4c7,1,0
0x91a298cc69aea0c48a8f24b0bbb760d2a30e4549,1,0
0x9258fd328edc0cb21a5f177233b5f741cbef798e,1,0
0x94f99b4cf236448598a8ccf4a9c60cebd2791bac,1,0
0x95457dae8f364275dda6d96e19146fdecd0fa398,1,0
0x969eac7b257846b1bd905c0ef1e3af91a7f9e100,1,0
0x96e38316343078542214a7a685d0802f63ca756b,1,0
0x97abacf54bad03f0fdb5a9afc6bc48826d2807dd,1,0
0x98ab9921d37a5e3fa51762ac1236047b3434b7b4,1,0
0x9a0f0eff5d1b419bd0ff8034d610854d98f97286,1,0
0x9aaea1c9093fd9524ce54e64aa8dac40c7957c81,1,0
0x9b19bb1fbe8978d8a2454cc3b812dbf1341e03b3,1,0
0x9b1f3494de4034c30b7ffc6916145e801a1c0951,1,0
0x9b372a675ccb011c4c3b4c4b6348053a6a8a095e,1,0
0x9c9293864614e4c7e53173b4b4e693773ead04b8,1,0
0x9c94b9d8e87dc3e9603dfd5f1fc7e006e89a662f,1,0
0x9da623a5d8482d03b243d9830b03829dcdab07c7,1,0
0x9e1cc320d7813364f57ba34ec9c0707e52c2d79e,1,0
0x9f62149c4c1a8feacb58beb2eabc9b22fb942ce3,1,0
0x9fe1381bbf84af2bd3d1c1ee48eed57e475f3f30,1,0
0xa0db55584558a16765a94db4f2cacf5f76836a05,1,0
0xa0e9a5926f24efe682be48c4a3a5979cc744000d,1,0
0xa211ad5a337c1c88f4d1961b20788d548959b4f1,1,0
0xa28b64f6ea801cd4a93ddc729944c76e10a97f34,1,0
0xa2b05eaa443d798df1db742461fa3cb82f31ad7c,1,0
0xa33afe994d3920a9a620c516fc4de20c06dd9bee,1,0
0xa54c60bd2294a6c1c86e57787981afacf9ef86e7,1,0
0xa54d6fd8143af647f49d57f98db806376040868a,1,0
0xa6614e006c2a40ce4933a98e9d57cea09ea47c02,1,0
0xa7016b69bbe205e97547b168aa5189a2767a7c68,1,0
0xa754f28d2fe7fb410b96369b495c666ba0356186,1,0
0xa7e1194aa2ed61e4e7d440b4308322e9fc6925a1,1,0
0xa98d99954feb7bc7c9406f017fa1f611ddf2a100,1,0
0xaa08209fcd6ee8970b2d5f3ada42c1e0f7d0517b,1,0
0xaa7d6ce25912ed228cbd1dadaba27b46a7affa2a,1,0
0xab70bc0361071c806a350048e9626eaad0e678a1,1,0
0xabb99206469e9c21a992f1b572cd810a35893d09,1,0
0xabd25df0f53acbf51e8f9870295960f15c73ced3,1,0
0xac3154a2dad3430c0bcfa4b86fe57a7dd44456c6,1,0
0xac817b3c5577d104420b3fe01b4ac1b7126cb000,1,0
0xacc8fcbf846efa1acfb85f0ee2cb647cfcf5e322,1,0
0xad213da0afca9ca89fece048b152045905193611,1,0
0xad8734d1c29c4c66ab71eeace5e0b3bbee43b2ab,1,0
0xaeec7e4cd18a865ffc4c1d01149c763b149af023,1,0
0xaff0dfe71984b32bb6f042ffe1968ff20fa62b10,1,0
0xb0a15deeac088ab96d5134bb58c4606337801917,1,0
0xb1a522ffe70a50b21e8a081cd49bd70377bb4be1,1,0
0xb29937cc18b22e2bd6caae286be292e18286325a,1,0
0xb2f5395223bea9f4b10bba4aa9421a73d0b2c03c,1,0
0xb3c3490b300f67a6220624ad065f955704964e3e,1,0
0xb6299a33bc143da104d7e2524c783e4ff9f37c27,1,0
0xb6b650c759f3208c6470883624c33f74df0df292,1,0
0xb6c87db551a2dbcb03d16b63ade4ff347b59e210,1,0
0xb7f0be8531b63b3abf7476e5c5c03799b6081696,1,0
0xb8779a64d1a2cb4696c36c4d6204c00ac555ca0d,1,0
0xb92c55db9f5edd46423980fbe7fdb9948faf5b57,1,0
0xba133ba5b4247a8298151bc95218ce45f53ffb3c,1,0
0xba6a9bc127e18deae378779dd04d8e6147600c12,1,0
0xbb11016ea0c86aa0d773ac98516d3219c56bbaaf,1,0
0xbb216c2217afdf79236c980ed5003f2c2c87ca46,1,0
0xbbb4d9785973e25204d0cdb8fa41a857afe611fd,1,0
0xbe1999eb32e74b6371aedefddded9bcfc598d132,1,0
0xbe2d985bbe6cac1fd59d1d2edaf056929f7fbca5,1,0
0xbe8d28757377f6c7c9bbb3b30b782981471a2c43,1,0
0xbf1605f99e7d2e706702994b96c0513bd154d1c7,1,0
0xc2f8a0773581b5e1feabd17d12eb63d71f274b30,1,0
0xc37e2bd8c383e6cbc014aec8c37e316ad0d2a65c,1,0
0xc3a1097a5516d4efe9e93c77643b6301445e0cd2,1,0
0xc49716e2840a057282f913951bcab44af3b62263,1,0
0xc4aee44f37de56204eea0c199ddc73c439799c37,1,0
0xc4f91cdd498a30f8ed1dea3883cba314a7a2a022,1,0
0xc5322462530e46de61e124c3f6a3717934e213ca,1,0
0xc586eb9256c90ed60deb5730ed2bedc0b49dc7a4,1,0
0xc5b720a7353c74ea7af8f6cc1a52b5c7f54c4c94,1,0
0xc60106acb3281f45fd3aec5400741668b41e9f18,1,0
0xc64ab5bcd2bc209c256307a6ee5e2dba52e75c53,1,0
0xc6785fe0a9295b7f89d1e86f01b9b1c949189949,1,0
0xc6ea6f0b5eab2c3f236bf84b9f99651c675c66e9,1,0
0xc933cbac2002c291b3fd68e41709a6731ec569f5,1,0
0xcb22b56779e19e7fe809f10a2e5863ae01b5f257,1,0
0xcbb54eda2048b57d1b0afb19a73948e9d58b6973,1,0
0xcbc8bb3cd671c35a885a90bfa036f747db7cc897,1,0
0xcbda0c9c70f2855bef2f3d1a7b984b1c872419f5,1,0
0xcc5c949b3fecd399fc5c1b4d63d405bbb41f0db4,1,0
0xcd9ed17997e9736d2456c0d8bce9bfb2dbee152b,1,0
0xce74908c1a65aee0e90be86f0d8f836a2141a1b6,1,0
0xce75c2c917f6f9be11c37d10544f7013058ad315,1,0
0xcf0b0b3af997d07e5a911dcc6fbf35acbc062a33,1,0
0xcf826b96c2fb888373a77c3d327b3f19aea01a21,1,0
0xd17937ccb32fd5f67fb62f6ab392cc6cae44dc05,1,0
0xd31e6f5c79353f5541089361c22e47ef32e1a2c4,1,0
0xd4ffe67010756e9bbcb7e1c6b3933a7e4518cf39,1,0
0xd5c12221882e587d0570ad2e00e85759e15d1bcc,1,0
0xd72873bf027c496b1bc328c37bb31369963dde5f,1,0
0xd805111fbcf40c34df8737002ef2906a7ffc027f,1,0
0xd8719f39498158f2db40edc173e9394347872e93,1,0
0xd9106e460d4e7a0fb76916c28bd719db5e0c5004,1,0
0xd97d78bb13469babfd37fc72c80eb2c5d218e93e,1,0
0xda1eaa6d6ba271b1fb9e5d014fdbff6326d26af6,1,0
0xdc52a0b3a02a561c1c6ba44fa263d315a3f36e29,1,0
0xdcd3ab1f725707d26f8c944948efcc42d21b3bdf,1,0
0xddea796a62bd4032d69a37b552219704b50afef9,1,0
0xdeb207e3b1d6dc1a5f3a0645be0af2dc3ff8d242,1,0
0xdfd22cdaf3ad5fea01cdbf2cb92161a16721b28d,1,0
0xe1e70c75349f11baa44afa0df5448b1004b460de,1,0
0xe324c2478a8c2cb019c32609d60691f2fa362f0b,1,0
0xe36d156bf71cfce771095c2a592dcd42bdca7346,1,0
0xe3b4b9906be0baf1e8233493e42326e6d195949f,1,0
0xe53fb3571caf41d84b9d6343c7f2395ef88c55fe,1,0
0xe615e382a28e9fe71dc9d74793f714d617b3a081,1,0
0xe637e4b33e95fe4ef788f779f86ac3901d1ba369,1,0
0xea3e579da60cdb97f3870f862af5db982c0ea08c,1,0
0xeb27c0e2a08e48c6e0aa3c790481df762ce94d42,1,0
0xeb5dfdf0cb8b6c1341021843fccd2eeb704b77c9,1,0
0xeba4f85d1650a6e5772130731a50c77e4cab053b,1,0
0xebd2d5e7c39d5ce585cebe1246148c16abf1ff48,1,0
0xec507775c21ed0765ca6891ede1cd4e3d1bff184,1,0
0xec8251169dd17dd5769c0297cf77ec5bcc89763f,1,0
0xec8b5306fe4b89fadc23e4cd9ffb0600153ddb55,1,0
0xec9146b0d06ff6d504abfdf310ffba49096d3409,1,0
0xecd80553022e97804c85dee2c0dac59c1a5fee22,1,0
0xed17819875df023d7effced04c83d37b77fffc52,1,0
0xed3e6cd6b518a89f6dcde582425e5cb7489178f0,1,0
0xef224f0a4fac6939841990248fffda665f95755c,1,0
0xef8efb6ef07c26f28fd6651e4bc30b4458d50fb2,1,0
0xf2122541d7f10a5bc330deb5ada39581ec4bcee5,1,0
0xf3a6c4ced16c46cccfda2d5fdd89cb00b8f5f94a,1,0
0xf5dfa78573d859ba64522b44ff0f7f970cfc5d78,1,0
0xf7fd2eff10bb18b5bde2809efb28a0ab96340a1c,1,0
0xf82a39d57e0c12e758bff208814a56ed739d4bdf,1,0
0xf870067e1a2dd4a1964761c4438874a9b9bf2d5a,1,0
0xf8eae804c7c38e16c378a9aa35bdf55db9bfba8f,1,0
0xfa23b5da44c4ed29257eec4eef1e5cc53a8a6fee,1,0
0xfaced0760f80fbc76440bddd4a4dee5c29e9c489,1,0
0xfb872617e6690f4ae5ddd699147c4ae7a1ba97d9,1,0
0xfcdb212e7e7588d2dd2cc44c30f6c79fb507db4b,1,0
0xfe1d71886177e7bf8491b8c329028c4fb8b34970,1,0
0xff52bd11d5312a61ec13bc01d038178f01c0e999,1,0
0xff69839179fa19f0e0514b608b4a700277ceaa85,1,0
0xffe07ad010353eab4a3a6ae02a25547063a229e7,1,0
0x0014ea9bbe130c8af7f00c8e61fc07368bdaaf7d,1,0
0x0023c92612563cc2e1e11766f6f5082a94530a12,1,0
0x00b1ebba68f12ec5a3e23211e3bb7bbd0f7fb587,1,0
0x00e527cf1f4fdb4c79744f1e49cbb1ed2b8e63ba,1,0
0x0110ab9c9eb4b282cb33eed49e03c8e44684504b,1,0
0x01d5a4043cb1ac8195ea794efc419421d3c5fa52,1,0
0x0605e8930f6c6a46b8d326f9c10d4aa8a035d812,1,0
0x068748648de1aff79f8045a3e0b74b6f227f5837,1,0
0x06bd69579858a91b38452496815e5991960e22d6,1,0
0x06c26ab5d91aef7ea4e65bddc5d93220a3c3d3f8,1,0
0x070ba7f85e587d0d5b746b5051d1dee8e3a1e015,1,0
0x0722234fbebcfd6c8ab9fb37a3ed247e0a7275c6,1,0
0x0783d9278e6f685274a49c1558b38231ccb3de18,1,0
0x07cb658679f280f5163664630ba76bc23e4aa51d,1,0
0x0883a92cf465f65aef8fbc04db799be6591d2820,1,0
0x0a2d94a6031264d99ac9249efa25ea47fbf62879,1,0
0x0a389c8c7101409831e81c82dcc9cdb13dfb4e39,1,0
0x0b12a8a077768e036a496bce6e8a79bc827d29a7,1,0
0x0b4ea5b0c8d4e102583978b870814cc839730f6b,1,0
0x0b5f6a4c654e08a7ad6bf3a1c31aa4a135e7ae64,1,0
0x0b788a08a79bda86c7b71934f0b3a222d0a7db0e,1,0
0x0bb9b82a955d5f0170a18c44aa0b8a451a59ae04,1,0
0x0c785415675d6bc91119ca200d69ac256f220a50,1,0
0x0cac11a7d29ab8c87d8fedb9cc736146f4fe8e84,1,0
0x0cdeb6e372527f6926b2f3ab846b6e4cd6de8090,1,0
0x0cdf248d763f2c64769070a38d3f59e89dae9c40,1,0
0x0de8f110f3c37eec07e2ffe591eedd9337333e52,1,0
0x0f4117317b8af93ab30a4c76a0a030d91df207ee,1,0
0x0faf663233a6a6939cafe908adc9038727360767,1,0
0x102119bc561938824d153d9478a0d70c4eae0fa1,1,0
0x10a9be5de17889f47e9e81344a6f70fdd49a3acc,1,0
0x11317d8591261d69eef8d227b8f1476d4694d55d,1,0
0x1134691ad5cddb963df4dd7d391f8ef738ccc1f0,1,0
0x117191fd9bfb0c53d7f01e583621dc7498da7232,1,0
0x1298ebfcdc11462ecc4f2d8bb74aa5a566ea9f84,1,0
0x12d4be7b3a9507addaf1b053267ef15e6c8ca3c7,1,0
0x144f1766e8bd2571ec5429676560cdf75a4ad483,1,0
0x1468b997b2b31bd5251842c2e213e954ce0615b4,1,0
0x14d1b0dea877ba00eacc3189369df7c245451922,1,0
0x154efe35371276b280b9ea037979fe6a97b1bb80,1,0
0x156e3dfb146ff7baccffa23b8e83c2b4202949d7,1,0
0x165b81b470726198fa093720ddb6a87f2dc46c7b,1,0
0x168ce6e5db2b8deee5ab1e6ecba6bf3934b3d104,1,0
0x16b3fcef35c432f03814632b472022f5a9089b7e,1,0
0x1702cf42230af35abe39485e5f67ea91c4253c5c,1,0
0x178145835be39ea2b2751d2b335fea866a1b2950,1,0
0x188697f39e2ec9e6e3c5fd5cbb36b8c01c81a53f,1,0
0x1916db2419f06a5e351df2e7eb376caa9c424c7f,1,0
0x19926743e3ff342b37da25dee7e178bb1d55ffd5,1,0
0x1a68452950c420d58f88ff43fb7310445b11acf9,1,0
0x1a741e601b3953c3ead4682ec4d3624b07c27729,1,0
0x1ae79db8d75f7aedb1a98275ec73554f9ddd0728,1,0
0x1b5a051911190272375e31fbe34e3dcece979596,1,0
0x1c651fe0ffb8e191a46c05622be4e2d654f5287b,1,0
0x1d8e07fac23704fa966e414567cbf2cadbfa8e8b,1,0
0x1e57cf8199d36ce05432cd487557b764693b9c8c,1,0
0x1f00e672f22a65f515423c13cbc79ffef03cf4c1,1,0
0x1f564570be654916867683f7ed518c3720659969,1,0
0x1fa38cc88a643164fe59bb2dabdff09d23038c16,1,0
0x1fabc955aa2211b42c2562cac39b1ac2dc8c8c04,1,0
0x1feb52be24e4bc08815f342f7027a02cab0c5dd3,1,0
0x201f5eabba4d62e692356c7c76648799ae0f7fd8,1,0
0x20f88f226d30902cfe9da15d69a66e3ff3cfed00,1,0
0x22014744415b8e85906789e56bd5e78d3dcef059,1,0
0x2330a1fbe921dbb2255419f8c6b2049f7be0b26b,1,0
0x24381906d1c2a461620902fd0c0370cf296083bc,1,0
0x24ccc59077a80ab571bc782ed6d454593e899e5a,1,0
0x25dd171d50b5ea1984c427a878498dd1291678d2,1,0
0x25e58696fbc8eb88301ee06a57f77d9f0715ec97,1,0
0x26d338151193267498b113d9bd77c29b3836ee01,1,0
0x26fd3ce6e4dae7d99ce072fcc2c4d00b049101b0,1,0
0x276bfeefe40ed0ce73e68fe81cd23abd0584d53d,1,0
0x27ba991c6dd812d965d9df70d598e504188b2043,1,0
0x29cd6933055aedfb27343bfc9c2f61043e7d5d52,1,0
0x2a25b529baaa372bfbbd26d57899ac1bc93ab5ac,1,0
0x2a6d4b5dc5198cac78af53124063c50aeb0f380f,1,0
0x2aa0b73fd9a91f0b37ecf10549e2ed40e584b522,1,0
0x2b4589fc38492e45f8b8db5260bbcd66ab07b974,1,0
0x2cee5c6435eb82f173a9a2f8090e4b8c5c037b13,1,0
0x2d50d4bcb459155f6a4e7f6dc3b8634c8ed67ea9,1,0
0x2f927703d66375ded4916e3aecac586faca50c96,1,0
0x2fe64ba5516fc9d3dd562e0550439159eec4e304,1,0
0x31389a630a9f624d2cecdee2ef2e4ee24b8f4f62,1,0
0x3154ee555af9bda21431b99b268bfb419b1e47fe,1,0
0x319c1464880a2a4d5a3c6d626089298710f9b4f6,1,0
0x3223508f64d6c99d12bbf82330c1e97c38515200,1,0
0x32622cb41c18f2a9e63f205ff11d99620d654ebd,1,0
0x32cd5cdb63b6630db482b028462cadec906d5fa0,1,0
0x35355bb8de03667adfc1b658d6fc6d0c9ba51fe4,1,0
0x3594e9dfcafd45da6a6f4c53147324d2f17219f2,1,0
0x35ccec92090f59bb6eaf91b3f0648cedf34001f5,1,0
0x365cf1a6580ee183bb0b8196f239019993ac1e5d,1,0
0x36674e9e5bdcf85a38487609fc150f8ab09be655,1,0
0x3676d68cd9d6c0032c4e2e24b46aeca9d4fd88e5,1,0
0x3828df0c1485a225e2ea0869778cd9e7ebc56e3e,1,0
0x382b831bbe72e93ca55792bec0272a282252b345,1,0
0x3857bcc7071c233fa0cc221b92c794e09d152fd0,1,0
0x388d48c8fda265e3e6dc756c1fe63674ee4bc160,1,0
0x38a372e98101708911675801225554ac6d524b2f,1,0
0x38a43bb89e9abd62dda3f7fd017f4e373920e46e,1,0
0x38af57582117bbaafd06ea1c50108e6b154796f3,1,0
0x38b9252759d577e892f6806ca26655da77899dad,1,0
0x38bc6664a1445d1e6739749bc5cecde6981717a9,1,0
0x3a373310ef774459b7a5bc8b1eff6b445539422a,1,0
0x3a373f0c3526e76cef797df93bdca4a1435a6ea6,1,0
0x3b159b84f3a0e493eccef0d8e0b87259e03f4028,1,0
0x3b82328b4e7c76c1fc05d65565015719cdfb2450,1,0
0x3be7815f8865e3a279bfb303d1f53f6c60cd82f9,1,0
0x3c18f428a89c87fa7cbee32ce2a8e78dbba4410d,1,0
0x3c3402590b3882bae16dc932ac19a7f671c23170,1,0
0x3d0b71b79c38f3964de9ee475601eebb9fa1ec22,1,0
0x3d460ea466b623e1bb0959733135d38a812286d2,1,0
0x3db7012aed96ffa392a9b2e69a8329b3db6fb6eb,1,0
0x3eafdbddaa2e61edf99b4bf7fb256a5e75848321,1,0
0x3f6f8db02b98e504ce8bf90c42cee15be40ca5f0,1,0
0x3fef899b986092bd734c566031984a71face5f9d,1,0
0x40d252aa0aae45e437e4d71489b5df1731c58c10,1,0
0x4260bc13d75b5b301ffd3e53606d8d4f2aa05648,1,0
0x43424e49587aae46066cbc857128b7f5b2138342,1,0
0x43c68918b2a4bc9ccf6c6442c088c73afb3d3235,1,0
0x441d22c37e4a3cf5a70ac38a74fe499a3f24fac2,1,0
0x449931b99feed5378ac985079be4107e595410bf,1,0
0x44b116e6093eaa65386e23179d359cb3ae7ccf61,1,0
0x45752a58eccfc9fe4824ce2b93b0a5a4576b074c,1,0
0x485d1f69d625192f09a6c5732d4b9c56d6f9126b,1,0
0x4890ae58845cee70b04f7b54dd2d4bbfd8b697d4,1,0
0x490132355cb7a7273238e6fe87a0cc31751e816e,1,0
0x492830417229f44be2f16c8dc7dee62c7f09d652,1,0
0x49ef54b64e2528728586ba781b30ae7cd89f16d9,1,0
0x4b4b0ffa940fa2d495d9a158f216bfffa5517c03,1,0
0x4b83c3caf46c82a2c755242732a28fd296a9db4b,1,0
0x4bcaa6d6d8334f84520eea2db79f1a6b0522e302,1,0
0x4bdc01fbd96932c11276700dddc75f9dcd911712,1,0
0x4c448c31b786daad82cdec087cbce5d9bd634b3e,1,0
0x4cfda19f3bb864ffdc7893c743dcdd6a9a03a3f0,1,0
0x4d4ac65513fee380c596ac9edfac588782831bdf,1,0
0x4d9bf20fb13811469081b3ec7fa944c25623791e,1,0
0x4dbc2dc1c9d4caa60be6bb61ae5c5b3086884182,1,0
0x4e2aa7aa2381bf60498c35524d879c0bafd9e7df,1,0
0x4f16bf61743f3b981bd183997cb26baf02102a35,1,0
0x4f4a1471122e44755669d6709968835b03a4aff0,1,0
0x4fb92e7458dd727c83bb632ac8a22e8d3b113ed0,1,0
0x5062b34afa323b0f0e51f5d462441dfe8730ae28,1,0
0x5102e05ea1fcf81263d082729c0004d920828cc0,1,0
0x51e8ee96980c4c13ab225c992e9b8bd69b5c36cc,1,0
0x527dc6dc3241092a9894e3895978f330ca73f746,1,0
0x52e1da1765c8aa7b33486067b3dfc417514d3e13,1,0
0x5350e5826fc7bf672436775049231cc66fdb2e78,1,0
0x53a6f2b291bec4df1d7e9ac4f7a835464ff28c7b,1,0
0x5441823119ed05479f5881ede5527cfb1b611b82,1,0
0x5493b6f78c0bc9039be396e74395cae6d0df5fff,1,0
0x54b501292823223be9d54bc277da819ad754b608,1,0
0x559c85f1d7e7150a21c4b3529b7f8a647516b4ff,1,0
0x5629aea7c12097bb4af9920577dcd5fc33d3f77e,1,0
0x568bb457fd8794f95a807bb945b61f4563f51fd3,1,0
0x568f0d529854265d851276d2466d384ffc2f83df,1,0
0x570005c4c388cf20ed1c16fe35c3052b9d9cdc37,1,0
0x573ee4279e74412cc03d7ec37b131e47c2e5752a,1,0
0x5876df509927c5fd44db179768daf99ecdeab622,1,0
0x58cff28b964d190b87f4b22910ec2fe9da23bff4,1,0
0x59331082736bf8f32f76690e709c396895a841b4,1,0
0x5975d3c8a02c1c42dad4c99249e2965c8f56c0c3,1,0
0x59c74f69849d7fc6b9180980dbf5d6ea91ca04cb,1,0
0x59c7fb8d258d66c44109523d51551c8c2e1edfaa,1,0
0x59cbf2d80dc2ce2303bbbf5280c1de977971bfca,1,0
0x5a682a5af7c62280b34106902ab1fa69d8b15b39,1,0
0x5b62469552ac8060a0f4df5fc1ea6da9285d031b,1,0
0x5b6af25cb53d1b271f79ed989eb82f7c9f3177fa,1,0
0x5b8462dfb2311053792a59d33101128bfcfd83bc,1,0
0x5baf07c13df692185c02ea08e19a82fa066b75d9,1,0
0x5d3e5f6ec1fa80086ac6dde01331093f7598e0cf,1,0
0x5d5118a5bacbbb93846b1b69182e3ecf64c4be2c,1,0
0x5d9129e774505b4d3dc3464d5ce500ff319b1642,1,0
0x5e60b0140f8d37b1b1ea09c9cd8fe2f1f44d5d4c,1,0
0x60d7bbdb557e148b26bafcc193b5690490a0eb3b,1,0
0x6180b90f1b26320a72e3ab88ccf168571aae99de,1,0
0x621a2a6ac129663ee2c4bc6f19b6c196f9c47af1,1,0
0x625fe23d27e9514da3b0d83823b5dc637f6d6109,1,0
0x63969e99b7c3d0b45e5cd03ee8e4cd79d40a3172,1,0
0x646629f7363b26dac072238a77ee5e462e2b0097,1,0
0x6565ce00ec75d7853ce23aae4d1daee8f68c6ddd,1,0
0x6638385c8ad6079c037ab2d37d66b0152f9bd17e,1,0
0x66bde992cef8d987a96398ee3ddaaaa9ed7207c8,1,0
0x66ebd95e538cefa0fa551805800c181f2b4911e1,1,0
0x6704284221179b58aebc7ff940d876b81de094c7,1,0
0x677e3207dca32a33c592eb6c08236d0fe685c818,1,0
0x67dca3a582670ec11b63c8400f3992f914d74625,1,0
0x68090d4b17a250cadb2c6722c701b4868a14019e,1,0
0x687664909a7f5ef6b3b9a68bac1df66fd2cb878f,1,0
0x692c3000233b200ddd4ca88bec69d36d1b41bd0d,1,0
0x69e9af83edf0ea708f6faa57ad1fc8711e1b3125,1,0
0x6a71d1856c923e08faed055e290c2ea67f7b9bbb,1,0
0x6bcc673c5204b05c2bdffd9021e4cc9dabb48b3e,1,0
0x6d5bc3dea91326a0e96fa95ed4c85955001fd8b4,1,0
0x6e0d7c0fc22a524fda8e3a87999dc93a276294c5,1,0
0x6e11cbee1f6f417043818495c4cec5b03bcf19cb,1,0
0x6e41143f8b2c20083e9f7d99c7c719efa7d8c080,1,0
0x6eaa0dc601a4c273856fdfcc51e4e4a6e6c44559,1,0
0x6fc03c7d90858866dbe7cf3dcfaf0948743e39b1,1,0
0x703cf6401d04a06378c6f59dbd9117203ba9892d,1,0
0x71d4c91162cd7de93b4b6a03284f2711f0eb4c1b,1,0
0x720da27c3961bd2fe995840a2c2860e1ba2c4276,1,0
0x72cbae30530dc4af10a0b6ee3bbb85ed482d8967,1,0
0x731a2556891120d2967c7cf9b1392d78a86811ca,1,0
0x7379cc4c70a60f766659186139f4f97487198130,1,0
0x745e77c2542f935fed1f553a703ea723819d3b5d,1,0
0x750d01868cf1052c756e8c55a6677f3ae1596300,1,0
0x751b8b77a7c908af48560586385ed970b19055fd,1,0
0x75be5f0812f9a02b89ec6f5eaf6a112dbc79a563,1,0
0x763e67412021e539eb77b7385d4aea232594d18a,1,0
0x777759de2d8ba6223f1f96d81325e724268c5c96,1,0
0x77b95eacdbd574ac02e1ef11d55e4747868ceb86,1,0
0x78e4e2f63472befb01f6130150ba6613399a6de6,1,0
0x79478d35bd4212bebd14ff2146b377e2ba26df4d,1,0
0x7a727ed56942b7799ad537af356d5c1b23bb8cbf,1,0
0x7ac1944826b4e7b9d79103b1e971c089d880a138,1,0
0x7b4f74d2769697223467b13f965a7d24bb07d537,1,0
0x7bcb9f796583a27bef20215ae9ae8a128ba57565,1,0
0x7c1a7eb599dd78651d0c5ccfc016aeb612da50c5,1,0
0x7ca127088d585de5bd90d7979b96de575b2e4645,1,0
0x7ef38c01b9f72c60625e43a9268dd67c82500975,1,0
0x7f0b2756db98f0e97fb04e37f4e094e3eb4b798e,1,0
0x7f18157dc4fc443a3d33d317946b8b0e2298b081,1,0
0x7f6aa401ade6eea614f1c017d25bee9ea99d6d4c,1,0
0x7fa35a8eef3ce1b42b45d9aba218413ae9547472,1,0
0x803d46e5fac75438a4fdd559479ed0971e92ae81,1,0
0x807dad814218bab2b91020c21dc679fbe1ecfdb5,1,0
0x80f50e0e15354b7485f70bfd195a5d9d2b18a2c6,1,0
0x80f63fb418081df54c1e8e3bf83038dd772f5a9a,1,0
0x81a7020b0bb6c6c80a21c9eb7c357d1ed7c0ab76,1,0
0x81ec467496d528354637a0d2f34bc59b9f5178cc,1,0
0x8241df35bf559b258fc19dd3e3d886b504eea271,1,0
0x8341c0bd8923d5c77f7531a06ac635aca880162b,1,0
0x8440a97b71840c0a1eaa15ba7cc630b2efcde34b,1,0
0x848587c70caee2647caa9fc4d5bfa9e88a392c0b,1,0
0x848f5a674ed4785aa1eadca976b98c699c08babc,1,0
0x84a291ab07165a14221ac745494e82dbe3bcef9c,1,0
0x85523c91f688d64918b6822a04ae8520fff3819d,1,0
0x85dbd93b997d3d126deabfb3840dfcc1a3c07f3a,1,0
0x86cb92f59177dce95eabc10e9f235ac7bc04ab87,1,0
0x873d67cd89824941ff59a752f0c13a84255e3e66,1,0
0x87d6c2df524fae119815f97d29a5e5edd2586e85,1,0
0x88bf17fcaa40f709365e0e9fcd6d6fcfb9be600c,1,0
0x88e49c15b9cbaf3a3ad6c00a1f03420b58b10c19,1,0
0x8920856ff462ecd14b8f41b58bb6abaa90272b66,1,0
0x8920a4842428a4655d536a4927ea12d545fec67d,1,0
0x894dc9711ca2f67b799ce2f616eb960c65caf176,1,0
0x899bb431c006b052c254e060044c41351413019b,1,0
0x8b6deed7bab8de3ceb438e89476331c4ab07f378,1,0
0x8b99a856fcef04bf45349bfd2ad78365de3d7793,1,0
0x8c0f33dacfa40e225c7ada0de2e3ee4d07d0751d,1,0
0x8e48c7ea3a8d09d8db020b20fed292af72b6eff2,1,0
0x8e5dd554117dd930c8de99dda5f0b41d318cd312,1,0
0x8f2017f41fbf2af9e0afd3630f805fe7caf91f2e,1,0
0x90152ccf9ddce50b4ad296e912d3fb0dd929aea7,1,0
0x9038c038e3d282372a78a5906127f03cc6a2f576,1,0
0x91294e33c48160f931aebb380f2a026fc0eb11ba,1,0
0x91f021707f739ba8bbe312995b261540f2d03dc1,1,0
0x91f39779b1f4607f0c7ec17d45932ecbf7a1a8eb,1,0
0x925030586aee5426e5a828c5c1b595727353dada,1,0
0x92c701346bcd9e3fe8983c6a1e72a48a4db2052e,1,0
0x93ec6ec80f25735c7e7d499865f01f72c996e30e,1,0
0x94161abb16ead32253f7238d02837ab19a4eb602,1,0
0x94e154bd54577cb535b25a125393aa93e9ddecae,1,0
0x9574eaab5267607702768f8f239d46cf82d3158c,1,0
0x966cda3dc197ebb63fb688a06069ec1bfc91fb6d,1,0
0x9717a5fed87eb88a215fc34988285c5b159f7541,1,0
0x97e6c4f426c83aa5b3609ab95c6f42be700330cc,1,0
0x982f52ff2f5e55df10f7a863c72b35651de13d12,1,0
0x983b84e8fb12d44cc265e6f306b3fc349bd96b8e,1,0
0x98503b07780f33391ce8adfa387ff0e82e8ddefe,1,0
0x98af15949120b09b7419c3097402423ea373f604,1,0
0x98c3d61d80488e10d637e3a957691b89cb32c729,1,0
0x98e2d4e44ec2139f162f235daa46736b904ada04,1,0
0x995df36084e6381c72dee2adb2952200eea83271,1,0
0x99ef01b5c43d9bad082dd01b8a72a2764f43e19e,1,0
0x9a8c33ee5d68df1efebafa4b73bb7d59b6930536,1,0
0x9ac79ae44c63c664a714c77d9cc1a78c940540bd,1,0
0x9b0e826baa5e93c7eb3057098ea968785551c38f,1,0
0x9b83aaafb316d0b3af9b56949dadac1d54fd2488,1,0
0x9be5a7a1099766e72469221d17b9e20b510480fe,1,0
0x9ccdea4ba56e04f7ebe95831fcebf9f717c7fc7e,1,0
0x9d3976c25f4defe584ed80bae5a7cef59ba07aa5,1,0
0x9dd8c03bf5cf0836dff700ec874856c402c49c89,1,0
0x9df0ea1d6f4b6f05b6fe804ec5a590d9b6161fca,1,0
0x9e0cc6c5033f55dd10266bc0875b11f52df8bdc1,1,0
0x9e850424d1e41cbddd6550bc38075495e33e8e83,1,0
0x9f2df89bf3c85dec49e6c5b0b009aabe78bfde82,1,0
0x9f7876ea3965ae7336e28186b6e51584a589a5fc,1,0
0xa128feb423e0637238c6e483712416de2e214770,1,0
0xa17445ef0723f6f400f7ab7bfbe13628954ace9b,1,0
0xa17a18df92d5bd8317ff9f388df29f884ebfeef0,1,0
0xa1967ed5e0e841ef26800e55a6b4749363116a6a,1,0
0xa1f23b511063618b291e10782283380f842e057c,1,0
0xa21b23c5fa3fa813480a6f6eb34c7377823a3f8a,1,0
0xa2b1b5ea59e2114655a133b3f08691f24f33f615,1,0
0xa2f0d02ae920b787a5c461dfb274a31399a4cad2,1,0
0xa32ccf2e59944e8982feac20805b2c35b0ffe5d9,1,0
0xa449c959920eeb7ce6fb87e72d298a43a07e786b,1,0
0xa4ed9c3dc3eb4a6163a8a1b598a87c8342390460,1,0
0xa556a18b74753d106cb3b194fb0d9ad169b26b01,1,0
0xa5944ea0a39f4a1167d491d673e673c54d6dd89c,1,0
0xa5b37c491302f7eda068173746468b9286305378,1,0
0xa60f492f5d52e0461b55d37ba4ce95c9d5eff62b,1,0
0xa657c9292208320cc27ff2cee72388e9d7afad4a,1,0
0xa7527cb5deb5db5400133afa28223e862946d3d9,1,0
0xa781c3c4cee66653e0b0ce9eb2f9062c9ea36e8d,1,0
0xa79108c542b3f3bb27d8d64253b426c55c15cf88,1,0
0xa7c4566d91dbc6605cd8e0e786e97824788bbd01,1,0
0xa83c69b0b3aaad808802085a1651bcd62274ecf2,1,0
0xa867012fbbb4f632d8013ed5096c7eba90b83ac9,1,0
0xa88d5c6e624f3d166e0e72647e36250c8e82296a,1,0
0xa907e98df2e4a7319b8cc641a5993705f57e2d0f,1,0
0xa93b3d35de8a1c74560673636dd4e3bdc53b4abb,1,0
0xa976c4b1a11e91f88dae32ed22e48699f2c5f3da,1,0
0xa9c0db78e26e5cb102a949e73f036ca7e5f92ad9,1,0
0xa9f971ce3e2dbbff57b4709c01f1c1132b8294ed,1,0
0xaa72f4879c9a3e7900ea1f9cb7b174d9d9bea043,1,0
0xab58368030b5ccdab8ee94d5f1e626e75f546a3f,1,0
0xab7eba703dc607a3f1040fe53167f2798847687a,1,0
0xabc1ea1229079e34f984cd3d3352efa8a0760c56,1,0
0xac74ad637e9174ffbede7a828f1cc1fa4d51abc0,1,0
0xace2f489e1354f5a595a6bd23d5627bb1c86ca39,1,0
0xad489d049fd0130a7df54de35102e6cbc83cf47e,1,0
0xad7f7bbf62394a8f3e93096a87c3eed947d765e4,1,0
0xadcc4b1424baa396393e55b1b5c5549eb4a75a6a,1,0
0xae0b89dcf2b00ed1c8f2a95bf4c1a7fd1f2f3501,1,0
0xaf7018949329da2b09a273e1268d9f38615f92a5,1,0
0xaf70f4c6d7b9635de6bfef762b94efb9fdad97cf,1,0
0xaf72a454d6945532441341e917669462b88c5f08,1,0
0xb0f5604099655c7bc3e5ce44110963edc4ad93d9,1,0
0xb23da1d502daf0dd1688831f5f0f8d050378777a,1,0
0xb270f34e23dba6b438df605a1a463bdd5be8386b,1,0
0xb459834334602829bb1d18610339df29e3a0a7cf,1,0
0xb53eb0fa9d01550be9755b703bae23a7f08305c3,1,0
0xb546642df44de54081d41370fbc5a3b16e6a44f2,1,0
0xb5621158e13134210f0ba2de8c88dc4785da6684,1,0
0xb7415976739e24cc923d9bb00de9b1a22fae59cd,1,0
0xb7c4d7bda7118f5a238fd979a8869f58fd4ecaf3,1,0
0xb87073e70e0c4d6ee228d8a920ebdf5500c3a89e,1,0
0xb91b3dec63690356bdfc2d664cdae19b3d96e5a1,1,0
0xbaef4b2e47194852e127627ea1a69ef5e58e4adc,1,0
0xbc7b8bd8739f7b98417572ab82c7ea2f4ffce5d6,1,0
0xbd237d79218d2b2e7369e19b41c2b19078c85e84,1,0
0xbe354bd0ed58c5ea6b5ba75c313d6e5ff284c5e3,1,0
0xbe519970889ce4b0e8a943546b3d2ca9d0ffcab0,1,0
0xbf9f1b90066f43d59e4f4d061fc838e4fddcfe31,1,0
0xc02230f20dfa84e8ea2102fd1be5f20f22089bc9,1,0
0xc0f73b9d9c1f5e5d2f0e43e5af8a8e9a6a154129,1,0
0xc35613c17dadaa5559b79007473e16ec8b4708bd,1,0
0xc3b9194f879c370041967c67c19ac9eec9af739d,1,0
0xc3be1583772305b6cb802189ae0043d1ad5587d9,1,0
0xc408dd8cfef5d8050a8afa826b4b45cef4344a79,1,0
0xc4e7ce4fec7ed61af11adf32ba06d1c5a1a85749,1,0
0xc5d6de3500fec79abdfded39b0cffbc08de9247c,1,0
0xc64d93b7918617bb3549d6357f3f9aad6a0688f1,1,0
0xc7d2dbb084bf1e9a9c049f37309f6f19056360d6,1,0
0xc7d607b77af577fab47ce552a7036e1e2a44f703,1,0
0xc9059a5befd60d4f2bf1dc0e198b866d2ed96334,1,0
0xc973f3c57a7d30d987d38ed022138598b94b7155,1,0
0xc97e6cb7d8a4a20ea56a7c5de0f807a7fea06e23,1,0
0xc99a108448cb2f972f80a2d146122d3ec8ac04fa,1,0
0xc9ac69ae15798368cc717eacdb45764707317f69,1,0
0xca7a6a53d5576102765a0281c723f863d881dc96,1,0
0xcadba22a0605de203e8fbee48439d4fad9ea1d61,1,0
0xcbafe58804277c9c2b27378b34faf597ac4c156f,1,0
0xcbbd0c13d6fafa95e7243c66c7ac3174f63c7576,1,0
0xcbe4b982f71e8b0eb05442df964d1ec00a01876c,1,0
0xcc0b736110daf05112f50700e7b5ff17b66049ee,1,0
0xcc0dc98ce0db0b73d27f9c496119c02d34f145b3,1,0
0xcc968c49b1865c414972d57008742e7b87990075,1,0
0xccf3a450ed05fceaf68a799d3726e4ff142b10b6,1,0
0xcd56ed1eea0ddc8a4d3c8680f51adf5b5ec455d4,1,0
0xce3a579ca0c159adfc0381b3aa8c6c70b040ed53,1,0
0xce81cba64112eb616694c377e2d2046c33be2ebf,1,0
0xcedba11d1c9d408172a34004da3a0d06312c1f16,1,0
0xcf449f6c68e12f45d2ccbdc1e263dc73346b0e13,1,0
0xcf8191993a2e53409e79e7a9d1c3c30d5fb62eb2,1,0
0xcfe99e4daddcf2c3d0666e7b23ffa0766b1a4c84,1,0
0xd06af541903ea822885accaa9aa05690a5bd4928,1,0
0xd0c29c489c2ce0c94ca3823a0e3252498d6882ef,1,0
0xd1232cdddab7ab3af6ec63fa5883f7b3ad7c6fbb,1,0
0xd4875e425fe09533e85e1076b86411d8a8ea8cde,1,0
0xd520db895305f369d893fa55083fd5adea356f1f,1,0
0xd540706950fc3ab213aea69195661e7e241101eb,1,0
0xd589fc3ca2bb34c78eafab14743bf51b19f19841,1,0
0xd64b0cb3b632cf67438f5fcfa398acf5dc82a679,1,0
0xd699f9770fe9a2e9e78d668cd520852ce40b5398,1,0
0xd7227473bd7afcbbaacf6fd4772bca607ebd3e0a,1,0
0xd76525f863c30a505b188f33c6126162ec753d70,1,0
0xd7bf743f87f3e8142f50b1675ecd5199772db488,1,0
0xd8c57efe9fc8996c8915c5d4cf3e58462f8989d8,1,0
0xd8cd1403b306c53d3fd2a129228ef37e2f5af98a,1,0
0xd91bf3f4d1f9925bc8ccf7db7120e6ce5017a07c,1,0
0xd9ce1fae3b9e0400398c9cac385ec40cc0fb5a98,1,0
0xda68fb5234702fa4552157dad8d3f83d0c82bf65,1,0
0xdaa9e69e1081697f2265aadaea89a2becd61ea4f,1,0
0xdadb9c7e200d6064dfc47e57a7580714be454e7e,1,0
0xdbd025c767ddbd97b661bf911d1ea6f774ccb738,1,0
0xdc2bbe1ec9dd004350aac5f9166e7d69c6b150a2,1,0
0xdc5dbfe019c876195a4e316731a3131ef2e49881,1,0
0xdc80c48ef7ac1f2f5c7fb763d4b912b48bfbf6cc,1,0
0xdc9771f04827baa056a0117080916439ebfc518b,1,0
0xdcc007ea39aee93f9aba70423e1b3e0e87aaa216,1,0
0xde4c2871b49c50cb5ac21ecb4c812d21bf7666ac,1,0
0xdf7689d09efc54b9cc666a421623ed7abe1a51b0,1,0
0xdfc0ddf4a51fcf802c78b861d77b0e5e36552ca0,1,0
0xe017262ee5895e62281e5e2f22d0216d10d1bf5e,1,0
0xe0b53bf26807716f9d61c314261d6cfcc57bfe74,1,0
0xe0de4b70602a25deeb24abe6978737d33ea8ce16,1,0
0xe161f3b3a8c817f78de0821e442df837e21f782b,1,0
0xe1856920f3e45b35d812afdfa37c2c0fbc30fbd3,1,0
0xe22f3d5d2c14dc68be85356359600d74d7bd40dc,1,0
0xe28450aadd2494b2953daa17453685f4a2a56f8a,1,0
0xe298eb3e99d52a4006ae32b6bc8dc6c6000a025c,1,0
0xe345f6c694c63c70fdc7450d0002c38c6e40dced,1,0
0xe37c1579814ddf9947b82481513cda58cfbfb00b,1,0
0xe3cbcee3f411a7807b6c0d192dc44e1cc2350565,1,0
0xe4a38c59d5d922ee49037d0930928a2a638ff56b,1,0
0xe4c736735d70bda2d9873cc29fccd1b2f2b59307,1,0
0xe5a9e0f3035ca408f6b30f72dc8431877a812dc8,1,0
0xe6f9a58cbbfdeef7ad08f8697fc09a8c91ae7011,1,0
0xe8b1ef36473ae17b2f9236f1c19f99739bd969d1,1,0
0xe94b1ac0a825b14506425871a1b5f299da015b9f,1,0
0xe9d77fd00ced4bda71ba9db1094a70a97a4e01db,1,0
0xec79140087949d8ec55799a730a863137d50b42b,1,0
0xece9d67bf2f01c8031638196ea57ada86c12ca9b,1,0
0xed7808af76321ce5aeef83cc74515c59968a7996,1,0
0xefbfc35bc70754ed8311af2eeb6831f2ad9eede2,1,0
0xf0fa01501bb9ec23abdafd69dca839dd5bb545df,1,0
0xf13d5bb2965e5d082e0a4fc44a52210e97471ca7,1,0
0xf1fefe26ae6077653dfe24991df6be08261f5df9,1,0
0xf218aaf632a696963393f75747f2ff8e8462bfde,1,0
0xf3902d46ffa3730f4733b19e5fca5acd8057316a,1,0
0xf4437940170c416413f732cb055cace88dce78b3,1,0
0xf482bf5de41f14eb5332ac3ea2d9f00cfda7dcc8,1,0
0xf539f61a6703b1fe927ec67e129146aa1aae1aa3,1,0
0xf5e9a2d58fc138bfbe1d99a326a5d760aa9ea5aa,1,0
0xf631f45e0786a1f3e074fa1063de48d001dbaa9a,1,0
0xf7e0b8bd85bae0ceaefb53bf30d9a25777faf72a,1,0
0xf825c91ee69d5d0432bc08b125c6c6be637f4943,1,0
0xf86bfbc6f9dffe28b2ae6c51b1e1c2363251e053,1,0
0xf9ba42a9296fa8896d4bad05a686e8f97c659734,1,0
0xfa67cb8adcff8fe0c023828e85a1aab7d86968de,1,0
0xfaa45c738c2626473b8cbfff86b64838eb04d96f,1,0
0xfaaed7d4ce2ffa63b5f0c7eabb6a71907fdb8b93,1,0
0xfad4116d67dbc7ae64aff0aaca74382afe37569a,1,0
0xfb262b5ff993d653ce61531b396a7a86c370d3dd,1,0
0xfb6611d7c1dcef30db6420ea52d501d74c7c0db8,1,0
0xfbd08fd2b2c7148b4e38624158c3155b5b49f886,1,0
0xff1a1aa3f81986ce934f42be48488a6fddb38874,1,0
0xff31fbf52ad90e8203dcd0d0ec49905c5af96f6f,1,0
0xff9fcceefc48ff7679b8653fa59d685a1b60c85d,1,0
0xffd44d9326098a5dca0adb44af2a4f6ecc7e4c8f,1,0
0x0010cd83e07bbecb67ba554be8b796c47d72c4ab,1,0
0x003c690228a3a177b9fa8a660e1e23bc93eb2968,1,0
0x0064f043786e8c597d6565fcbf4f0989bdd0f9a3,1,0
0x006f5fd0339ed11311500a31839559a063147472,1,0
0x019ed608dd806b80193942f2a960e7ac8abb2ee3,1,0
0x01cbb8b4b95a1fbb83d83ab2a5c587265e3e3a7d,1,0
0x024ffb38a5345cb904bbd1204d756d75db36f5c2,1,0
0x02d431ad915b71a0eb15c8601319523c8bd7772b,1,0
0x03d30d0ed8aacbf86512b2aa4091ddbc7d5a0b5a,1,0
0x03fcf04d75e1c92e072ea70342891e1d52e98888,1,0
0x04886cf4baf62a9cbbaaa8467c411e94b0457ac1,1,0
0x04bd7cd97c3b2245870c7bc49a79ce9ef5c7dfdf,1,0
0x04f517ac9a47df1ad0e8a6e9b59bfdb9c0ef2e70,1,0
0x0503628b2ddf7b33abb94e1322218c4619de6e7e,1,0
0x05541b7f7054e0e40762b851e0591717293bfe09,1,0
0x061c1db36b5957db1b4053c73507acfccd6c0839,1,0
0x065e25216c3d40b6fcf752d0bd56cc1a33409f97,1,0
0x06b5dabfd996796ee2c7b934c8080ff07f7168a3,1,0
0x06f889fc585a5190a4cd6b54345b5737acca6a3e,1,0
0x07ce00144f052c330f42de8dcff4241dab741f96,1,0
0x08074ea1c1d223f96e173cd230e3b0c21c5fc0d8,1,0
0x082e4ac6f1bcfa6b31f4525fdfe30c685df759ed,1,0
0x093152e67698d20b45bb7966440306033c7b142b,1,0
0x0968b716afd09230f3fdeb151a4b69909569c39b,1,0
0x09c1caabc298a9a550d929909638e79d306f6f36,1,0
0x09f213953d92f865b949b3e39b9dcfae687d4966,1,0
0x09f52e6ae1649551a7aad0e089e04ac0d622d486,1,0
0x0adb6a6afc6dd8e6ed1f533ba9b5cdedfa800699,1,0
0x0b044f147d51e52452e0f3687ca41170fee730ea,1,0
0x0b28ae2a667c57054b16f7b86f7b463ccf9e2638,1,0
0x0b954316dae976ace03382bd7a81c62ead656c1b,1,0
0x0beaef07bd599a28058454fd93a004d0a39a21a4,1,0
0x0c0c0f538c1d869a9682d94d26fb973f1a8c192e,1,0
0x0cc91cbcaf13bc068825179a90c94183138519e8,1,0
0x0d0c83d2492fdd00a66dc644ea463152c697b03e,1,0
0x0d3b55c5e9a6ebd86d4004d9437dae088f2ad4cb,1,0
0x0d400ee16f063e9419a18585ed87df6d88382483,1,0
0x0dd027fd843bc5cef2d4d6eb472b9393835d30db,1,0
0x0e697e81096041cee2258ee70edd455def344a8d,1,0
0x0e7bab6e018ff44e2795d7624b8435744e8f7428,1,0
0x0f5615e7eab0094b244f5502164e863bcb9eccca,1,0
0x0f70e054df8142a1528d489aa8524bf14b021d52,1,0
0x0fbe7bdc2929e7b35bbf4e3d57583930645778ca,1,0
0x0fc3245def97d1d42eab98e6e4b108d0d6ab7b20,1,0
0x0fd80afa18ef747d1b19d5d643c6b7c314bd489c,1,0
0x102f479312f69157df8b804905a20fe5025881a5,1,0
0x109897647d2f813f21912444e918504c1be4d4fa,1,0
0x118ad5da97c75d7a875fa3d3366d871bed5d5a71,1,0
0x118cf81fbae2ece35fbd6bbc7e2d9cb513df1cc3,1,0
0x11fb1e14bd349a61a93d5e05d7c6267e26d82d30,1,0
0x1234c7506e84335c0e5761a7a6ff368cdd94ca37,1,0
0x125dadb11bb7d0c6e947bdc67292de4d032a30a5,1,0
0x128e50f8a4f1d9a53a7a0201243fcb72e6161bce,1,0
0x131ac19efa37a8a52bf5535d2892720f712fccb4,1,0
0x132af0452a9b8b61777421bf77c41fbbabf8527a,1,0
0x133822b32ed93933621ef20cad9fc5795bfc9daa,1,0
0x147d129d3915ebfb7370423c66473ec747425bee,1,0
0x149624f7a502de2eb2f83269d4721d167df715b3,1,0
0x152e90aea9d36de108954cc757f5125eae1539f3,1,0
0x154d3175f1226e8156cc7c59da0e38a0b61c730a,1,0
0x15a1c072c4e286da08066a0bd78aa0c00d03f4f4,1,0
0x15bb0c94dc1c4ac73a777bf4786e811ef868d478,1,0
0x16a912e699f89b730958ec435f65949388bf5cc7,1,0
0x16ca1a4ee38a7547a5e5498d1410c5808b4d7ac8,1,0
0x17612592c24b532e12cb465f6cd65c516b9b6513,1,0
0x17cd0e55f99da1f9091077c681ed848608d06336,1,0
0x1818ec021ab41c0ca81232a121793ea0d964082e,1,0
0x195c892bb162cde41a1bcdb6ea8450d44e955dfc,1,0
0x1a7eed1588b2dc9d72c8f3e2447d07e304cbbf9c,1,0
0x1af80806768540ff322f32a58baa71d5876310a3,1,0
0x1b206d14ff5ca5570a8310e93ebfc3322b212f22,1,0
0x1b5ec1b56f1044c017c7f1a9cef236c6e6771afc,1,0
0x1ba7c949b058e927e069e7ca0dab2b62cd119743,1,0
0x1c29cfe129bd7fc2d2c3b359b4d3376ecd666b62,1,0
0x1c368801a0dd6b4c6a158bc9647e2903ba6265da,1,0
0x1c6c42c54d8f095c9be99c188c1e3d28e2361854,1,0
0x1cd889f7ee3b10d7d5a7bf686f44fcab821fd08b,1,0
0x1ce45ab88165e6e27444df5ec442b2f2ae2e8342,1,0
0x1d034d7d5e1779eae313f6b7ceb4db7e9be043bf,1,0
0x1d2438e800a2df9e51982d8065c8d0aadc78d86f,1,0
0x1d376cd3706471ea8b47cb6a1402cce852bf0d09,1,0
0x1df5b9a359ee2809e453d0501aabe39c478a13c9,1,0
0x1e0221d18bf5849c6e62b695afb1d69c7ce39850,1,0
0x1e09abfaa453a663df3eba885f9e14c99bcd5156,1,0
0x1e15a7eaa8f6f7248b7e339aaa2257e7e9ed5862,1,0
0x1f1863d68531de89da2c163fd63eadca73d47980,1,0
0x1f6e39ae412d7b981f28696eb99853c906584f32,1,0
0x1fa9a0a079ac9e7cf4ef74c10d663116b5c360cd,1,0
0x20639a722e4da0f49e76c64ba5f0426141f1bef4,1,0
0x2071420f9b284650207307781a9321d3e96bb7a9,1,0
0x20e845e70db93d81544e598af49ace817a04ff20,1,0
0x218a4a8ada50e4f9b070be2b6f9c8d809f3605dc,1,0
0x21963dad120d5b70443096468009b33815ee3dfa,1,0
0x21c6f8efe20eeb8a733c6d35164c467a886cca0f,1,0
0x21db0727e48da10fa7103ea6c90459f187642145,1,0
0x221f02d845cc22d53fc9ad07f8587c02410ce371,1,0
0x23a6b7be86ea17b9f001a5e02c14be35a1fd788e,1,0
0x23d4cfee90deff7a86023ea4adf2566e1a92ec2c,1,0
0x23f23aff085d4915dc88f6475ac7e80e56237d37,1,0
0x23f7013a09214fd6f73746d226d4ccfd015ff0e4,1,0
0x245a74a2bf88bbcf7607d0966487c3ed39f22864,1,0
0x248d087e078d7c2fd76a37fe67e53964125c3f42,1,0
0x25dc2c873078edffa965ffd9762db87f8bab0094,1,0
0x2611987767aee554dc5bbd9c8d0622739a433804,1,0
0x26322f63c607b3f74b51ebf5cf1890c25c77cc64,1,0
0x2666df3c104533a81bc7fdd5448abe85e7a35013,1,0
0x26ac24fc7722dea3996296e5437e9dae398806ab,1,0
0x26b2f9499cfa831b53e9d856e3ff8fc8c6083cca,1,0
0x27dee0791881dee7c4e2a5f49fdc6ed4cf7ddf7d,1,0
0x29054af0bc244f8801a6f073c56aa7d926511efe,1,0
0x2985457e8e625f7ebf08b0abbad785233550aa8a,1,0
0x29b5605052d1ed4e497353eb8ccc25a9d9173dbf,1,0
0x29fa5247183ff403c2ba19a435f401c5707f2d3c,1,0
0x2a49a75503eee3ff91a3aad90b32fe99bb0275b8,1,0
0x2a5a9da096f9a246fef6f838132460f5ee8cbe6a,1,0
0x2afa26e29d139a8497b609918cc4048a7b1589c9,1,0
0x2b27890228babbe0475f7218161acc4d4047c67a,1,0
0x2b362720c3a22fe7d8f09d648d0c32e743a2faa4,1,0
0x2b8793469bc863feec113531fe12a6c2a82b1d7e,1,0
0x2bcc40f38167ddb80c3721c5f7bf63ea73286447,1,0
0x2e626e203c38ab28a84f835af2cc55dd1f4c5c30,1,0
0x2e7699a42488e20ff5df09f60c65d3808a69e0d8,1,0
0x2ed7ef6fa65cdac11c9abdaf14859590a5c6dd8b,1,0
0x2f3e00533a9acd85508fd24745c06ef053c6197c,1,0
0x305e30c4138edafe666355d68b532c8ed79ea736,1,0
0x309156fcb6d32e6a117e578553df76b326b62e28,1,0
0x311007cd364f606064e3a7379a98cfaa2736ca14,1,0
0x312f1f29870185a81b3b9d127537475f49a273c6,1,0
0x31a4b516e7b12caf87311aa67e1f3d2162e26cf2,1,0
0x31b89d3b6ccf297bf97054e07849274abefe99b7,1,0
0x31cf4812c1a0f61c987c65df9d3407bd5f5d30a1,1,0
0x32d48b465f51045fdcec0ba03a52eaf0df31b829,1,0
0x33a9637a06e36bf39458548267aec9c8facc4982,1,0
0x33adc935f3bd9a2e89b51315802bd81ecc01e820,1,0
0x348ec19d87f5ad9cb5aa7e3f135e0219d5d1747d,1,0
0x34901ccdf1ffd93bede395ed99fa28c001d6f896,1,0
0x359261b771ea43f5c50d134581aa8864ab2edc1e,1,0
0x3605ceccbf2eaaf3eaa150e4f94c0f1b76e63860,1,0
0x36954f068b019fca40f1d771fd56c5c03d5244ef,1,0
0x36b56490032889a13ead401e0c1e4e995cb7e14b,1,0
0x375634a511cb09597c17bc4a583f303ad069c76e,1,0
0x378970bd5ad0b4ce8ba0505bfe09548fefe4d41c,1,0
0x3791b33b16d2ff4ea4692fb6afc6c70117bdeaa6,1,0
0x37f1cc1f79bac5e40ad3ab9db0f8c1d1e9ddbf1b,1,0
0x38536f0b994f5661ce6ed7e4affb2ac6a666b198,1,0
0x395483fcadd86b0e5a9d45745a101f44a7dd934b,1,0
0x39e45aecdd99444405aab7d520a4e33d23a9c33f,1,0
0x3a5911d10448043950934bedb718dc366670cff0,1,0
0x3add462bdd08527bbaecd2826772b746aeaea900,1,0
0x3b657bd7e3e545a4e8b6e575473211cb996b2dc0,1,0
0x3b6faab8ee64860e1d62692f6d5489694d08e934,1,0
0x3bd3bce90be4ee5417ac2563cbb0c434cc526038,1,0
0x3be761ee2ff48242992e985963bb21ddecb055fe,1,0
0x3bf21ce44349f2a4efb8141e7459c77d4adbe4e9,1,0
0x3c3ab8cb4c1ea278df42db733c63f1f8867f118c,1,0
0x3c839df83f71edf4a316eff0cf11bb628fb79b07,1,0
0x3c880e1e863f23a2e4c422cd014cee29d7476e0c,1,0
0x3d46d859d14441f649c4c6c5406b5921fc44ed25,1,0
0x3d7d0284e16be34dbbe37b9ed579fe1ca5afaf6c,1,0
0x3e095e811c83a42e841f5ffe3a63c36ad05c2c96,1,0
0x3f09cb22f148384d1e0ebae560c6828a3c154d51,1,0
0x3f1400195f346d9bab487bec8219ff2bc646f1f9,1,0
0x3f546a68e32b720e437e6135db8b7fa31c0a47c0,1,0
0x40499a39e78369a1d0a1a915f7e2a327d551b309,1,0
0x40a0086369bc0c4a8d8aaed28b327fb8a4f6cb45,1,0
0x419de07e4238b496a4b2a2674e05acce2fdfdd44,1,0
0x42918766472728fbc91d253bcf80636e7eb5ca78,1,0
0x42aa588695825b20f6e337a093454421005eaefa,1,0
0x433fdea9a18428f70b2b3f6e96488d68b53e1645,1,0
0x4378b003147abe2b528766a487e06f0df93038ff,1,0
0x43e5f9ce17b98912ef34fbf126284c1272809aeb,1,0
0x43fb426d9a283640e0ccb890fec75cf152bfef33,1,0
0x444424e95d2bf2126a56d3dc509f4385aac514ff,1,0
0x449d72606c50fcbf5b8f0f99a21cc772af623152,1,0
0x44ddc71059da9474ee79b3b5de22af796fe42627,1,0
0x450153fc0c3a3bd7ffc968d91e7756b00d3d9411,1,0
0x4505d0549b02e77c413b371cc118d1d68a17e6e9,1,0
0x45d8240e6c47a44e5244fbc0e1b3607f6fbff774,1,0
0x45da0ef5fde7ef3dea2d4dbde6ef7a074a34310b,1,0
0x462a7fad8d7483405154c8afbc0c76430991ee9b,1,0
0x4687d6a3ff59e7d2ef3b7a20ffa93bd995b45e24,1,0
0x47055abe8a33c2f3015fd4c95ee77c7b0df69aa3,1,0
0x477089d57e81367376d7e7e985543a8df9c2aba1,1,0
0x4797de95895688fe5e080e39c44e7653c4f4d562,1,0
0x4807908cabd02e7c5036ec2b1f5be64dc1709e6b,1,0
0x487dc7a04868311a44202e727e5aa9c8ca1a26d4,1,0
0x4884fce8b8c7cadffb83b34ff975f799d86eba27,1,0
0x48bec44fb0b9dbf4319f799b58c7f03c34020bfd,1,0
0x4941164adfaed789c6a00de3e0093668127ffd64,1,0
0x4947ff81301ef197eed96a9b2dae240ba3df5b70,1,0
0x49956d70636204db0de422cf5e031da5a360a220,1,0
0x4abe666901147c4a98c3c36162c2d26940200c85,1,0
0x4acc5f8efbabc3def49522c89771300d9352be9c,1,0
0x4b88cd33abbce6cdc839311f1d79fa43e00cc789,1,0
0x4bc17ef750faf30643a1d17e31d35ded59ec086f,1,0
0x4d03969b7288e611a391ea09ce7061fd91c2fd64,1,0
0x4d96b4bddbb8b392516342e9f0a70177cbb06904,1,0
0x4dfea11838f03a7e011065d4c130d412af48354c,1,0
0x4e62076a244c43e4a68ef4f51eaed7f3d11b5bc6,1,0
0x4ef1024eb12f8e3ba89e8512c9cc96772b490266,1,0
0x4ef84b8d289a63db7125868287c7a739dc2ff8cb,1,0
0x4f06fd857f8d4c6172aaa3f6a96a645b6940aacc,1,0
0x4f90023166bc869d742dc3eb545d28c6e8485792,1,0
0x5009d2dcb5c808b5c636085b5ae90a1c9adc27af,1,0
0x502b604a0dba1ffdad83bd38308425fb11e1ef93,1,0
0x508602c1e7eff71b954daafdec3a7e1c10dcf909,1,0
0x5112996d3ae99f0b5360cea1a620ffcd78e8ff83,1,0
0x515859a25f2b4f2a129b77c95712461b8bffd288,1,0
0x52c58e22781009be2d1f91f8a22e0fcd7a902a58,1,0
0x52cbeee1bc92ec3f246deb1c4c47c2c14221a20a,1,0
0x53543c4bae560a6c31f87b6ed072e8140feee539,1,0
0x53668cd0fac1b86fb70c0da103babef0c604afbb,1,0
0x5386c155c78d2562581bcbce99653d21efca5f55,1,0
0x540e1dd1895e7bac9115ff262004e0fe6d6ce2ce,1,0
0x544a40955ba1c7e56e161a59e1319e3313c25251,1,0
0x55dff0ef8431162dbf8554e7b279f98744e0b36f,1,0
0x55efd4e4c0334edec9205990dbbd08704bd1cc8d,1,0
0x56063c205244aec9e420367d831cea8a310851f4,1,0
0x5629e37d0fb4cb68c42c2e125d2227aab0e1b244,1,0
0x562c66a423846f4d37fe5f9ce856c0fd19bb28ca,1,0
0x56a0d0e1fc379d07a5eafebf86427f4d45fa1b62,1,0
0x56e57dc18b69a2d987fd171d148a1b7582badc4e,1,0
0x5743789957849a7b3d00690726d0f7d89583008f,1,0
0x58715527209d73f7645c99d2c6fa1b8e9c0de27e,1,0
0x58922237e90d79a3f103eb9c79dd5b646174474c,1,0
0x58c771b054edba5cf7d771c0291261ae50736513,1,0
0x58e4c94c2848b57b95fb15ed21a35b9ded443e0b,1,0
0x59326d6b101a2fa9fd6d45372d5344c36853d444,1,0
0x595d420a5e2ced1cbda1d45b4b0e0d2448713b01,1,0
0x59fabbc97e3c8d48ab65c16cba074108009d6672,1,0
0x5a4c7b15f901fb6c60a685230f9d584400795236,1,0
0x5ae732e5b615e8639d855bbbc110f028a2855087,1,0
0x5b17654e3de26e52419b7c3f0c1332ffd3039451,1,0
0x5b596147ffd8e0a61b1f25c1936aca72fc43d28d,1,0
0x5c1c4d9a24d2620fcca9317b39d99bcbf75cca58,1,0
0x5c2260103ba960d23603a7b824c80a24eae159b9,1,0
0x5c23ec7cb614fa503066478c4d0529dc6dfe68e3,1,0
0x5c3438dc2f55c0967530df07c990919e0b546702,1,0
0x5c814b67112e55153d251b4c1a83a66148e4baa9,1,0
0x5de394c5753588e3b88f0f913266dfd8d831aa9b,1,0
0x5ec8cd4881eba87279f5f243eb89ea9383e677c6,1,0
0x5ecc25d1f658af69d9b59fcaedb2d9ee38254036,1,0
0x5fe58db3fb96991ca5a0b853c5f39d150532ac0e,1,0
0x5fe9c1dc216eb6f92e2a6f6c8f8138013ebc5755,1,0
0x6029bfd00e0b53b848e85f1ed5649dca71e0e8b7,1,0
0x602c27a7c09ed4278556c332ccc6467d35821058,1,0
0x60bc35b0dc6a6b12510510efcb3c481c6e154553,1,0
0x6158a9ffe6404eef6a2bdf331feba141f1723587,1,0
0x617b0c72fec2f425be32bdc71421c4632ee3fec4,1,0
0x621bfb2f8642bbb09d2208c71feecb8d45c1cccc,1,0
0x622fffe61d52ca3cd9df1416c553e511e48eaeca,1,0
0x6239ab13c270ed3f39bc02e43f13c2b6523617a6,1,0
0x624e8245b1928a33f215941555433f7f3e234e74,1,0
0x63c3253ad72ca5f9f8d47f259a11c460b3da1d5c,1,0
0x63dc9ce8413b7c30a9dd25dc21b48f255e036dc2,1,0
0x63e6ea13ce6ad2d1beb9460b61501be1ddc47051,1,0
0x64dd7f27705da314d27fe16a6b565ed06023d89f,1,0
0x65f4c36ab8f0bbe2f4e1368b91ddad0bc0eacbad,1,0
0x66487aff258f4641d4895960b10b5c8b5a058afb,1,0
0x665ccd8aa9ff0695f0177414f12d7568ea754de4,1,0
0x676c4f2c77f2ed2cf046f92747af654a1b40aabe,1,0
0x67d423dc4408b76b7e4b5ca162217b256bd7c12f,1,0
0x68351dbaa918eb713b8cbbe99ff720b6ca7f21bf,1,0
0x683614474d33668def3a3462874710ba128e503b,1,0
0x69321535b7206d8cdfc2022c107a683859ff4edf,1,0
0x693a1e95a22788d9da52b4b359d5580859a3b13b,1,0
0x69cd8259d2c75fd09f5250e07ac91f25060f8f90,1,0
0x6aca3ff9f34498d4d9d34fb5ad203c441069735e,1,0
0x6ae481f1797f13b3e154381acd6b69ad1b3c9dea,1,0
0x6b09754eb84e0c92555303ee474381c44c84afd0,1,0
0x6b199281e56acfe0a5bbad48a9334b4d143b2e5d,1,0
0x6b69446d901b6fb8e062b96e24a9b985c96a58fd,1,0
0x6bbba51c055dc0824a468b5f21a9b86dc3ecb38b,1,0
0x6bd7d3af5e6558f792cdb9f7f616d95b29972bde,1,0
0x6c15714d307a93676690c355cdb29ca95894ac60,1,0
0x6c5f439f14188a22b1aab1701c20419d5dfbe48e,1,0
0x6cc4bc5c029da8b718fd4b3f1a465ecffc382b75,1,0
0x6cddbcb720f037a3b4abdd7a39ca5244eca2220e,1,0
0x6cdf68c9f08e79ec5f8834b183308a7781ce8ef1,1,0
0x6cf118edd483119cb8448ee3692e20e30e8a30c3,1,0
0x6cfba969a424bac0f18d1ca674f34b8b2907bb5f,1,0
0x6d16098b6f533ed03ec8d39e13b0f388d6638973,1,0
0x6d5f566ad116bcf9c69d1984ca1485e1344eecd0,1,0
0x6d949fdfd3c42d38133d5f39e6fbaf74d63bf666,1,0
0x6e0b75a93b38319ad14c8ea51ba6b4ac864f03ec,1,0
0x6e2544692a8b41c88d1f91ba4f0c6a1867f7036a,1,0
0x6ea116073bc4fbbb95b6efed2002fa9c8919db85,1,0
0x6ef0242456287f8d02015e95169148e5bbd6eeb0,1,0
0x6f040983527fcddaeb5520d6de6571e164cd81e0,1,0
0x6f652543f7a4d518dcf24f256ed5a53932d4047d,1,0
0x6f99d20127dbe42d7cdadb5c5403ecc03e095cb6,1,0
0x6fa80c7e16b512914773a3d458bd52eff0b569b8,1,0
0x6fabdc3ba12433cd5eec8a8eaa998649f2f03abf,1,0
0x6fad485ee4104e2036485890270ad77178992bd4,1,0
0x6fe149c40ef47669712eab893e3f76b7f2a5049c,1,0
0x6fe49ac54f6a1f37c728419d3f4dbf0906e104a6,1,0
0x72a7cdf94036cd7cbd1fefca47a5d3f7da6a1046,1,0
0x73696e08dd2758f99c5191528e01ec3e2444a21c,1,0
0x7375237dcef733d17409e25dcc4da5e0f71ba199,1,0
0x7380fe2045ade48f86ffdc70347103d8f3619b99,1,0
0x73e2eeaff5619d56fbca39b7abc4011a14063d4a,1,0
0x748c889e2e74f04464107237cd918e3486daaa58,1,0
0x74d1675bafffe23dd71a2d2346a2bcedff22f1c8,1,0
0x751caed9a3112bfd0e7dee2cb6ca8efe04dfd5cc,1,0
0x75605220069b66059956b59b49529af10f74804a,1,0
0x757f644152a25074835a4d7f9b5ae621a21c5267,1,0
0x75b26746dc40a0f5ba71a11e4b240d88c27ed720,1,0
0x761e8f5374c61fe2c3885dd8a76ff68d9ce951e0,1,0
0x76921615041fe0bf3e3fe837f77d4a57310710c0,1,0
0x76df801eeac48daddeeb324bf7180d3daaa33cbd,1,0
0x772060a04ef46e273bec777b7f6e9e5182d834b5,1,0
0x77b232334f0f92ec261b103e792e5d06b8046922,1,0
0x77cf27635a867b95d616ca1621bcc34256fd916e,1,0
0x77f56c2a49863f7f15077d20b93553e8da187b87,1,0
0x782dc0a2b1d73930141cdfa73d3b88331a58477e,1,0
0x784b7abf6992176f8bb1a260a96fb3ae3b601fa1,1,0
0x78b5a648928ded7a9ed0e123a18b81b26918fd0c,1,0
0x790ff44266b1900a4ae03d3c0fe9697e04be917e,1,0
0x7971d990927cee5874a5b1546820b1c00ddfade1,1,0
0x797e7b77099a31aaee74f796952dc16c1661c597,1,0
0x79a05d86f98f172cdc9297cd60f943f1d0390f03,1,0
0x79de94f7db2800b4d8a56fd8a5becef416bbd02b,1,0
0x79f053cdce7ea6d09db763115b8952ec808301c3,1,0
0x79fdb57147b7959a581595ed750715ec4eda157e,1,0
0x7b952b9909b26fe9f0b27131d588224b991ce111,1,0
0x7bdde34c844ddfc4a0ef70c1d4ed7a9a7c201495,1,0
0x7bead70f783b2418cb4af65df90026d632cf5077,1,0
0x7c0fe7e457147ac4c9c808f0dde1bdb684462af5,1,0
0x7c6ce15cdd806ae7742831cdff49f2b7a8722450,1,0
0x7ca90a393b5850de4603a517ef900e61169ad485,1,0
0x7ea385ff7a5c5f2bb04c518771c2c458c4fdb446,1,0
0x7f11922bd377f35ca565f0a9356d47e8917dffa0,1,0
0x7f4253e68ce3b52f410d953793f15f119bd53230,1,0
0x7f9b04fd81cdce9497cdc2302933e65f42d92f28,1,0
0x7fb00ee7463a9d5d8f1e9cc80c43eb2b53ff5193,1,0
0x7fcd8f1feca72f8abaf9487f1623002fd0bb24fd,1,0
0x7fe0639b003536014466e7f5f137733479932126,1,0
0x801609380c6b84e834204b0160ec659af1226b09,1,0
0x80c10ba7bf8755963a4c6afbfd80ef51bb78b3a7,1,0
0x8163cfe5dc895cecdb7beb9786c87afa8b76d876,1,0
0x81876c483df7169deef0dc77308cf1592fc48185,1,0
0x81a9871770414df0f2ba24c962ea0491e1029260,1,0
0x82039931ca494af330bded36ae5074ebbe75d45d,1,0
0x82c4a107d4a77242036f6a40d8021f1793de3af4,1,0
0x82f35049642a9c4d6652992f4f9a41e069fe0962,1,0
0x831b58916e9b8905098a0d12a8dc1018bc9f0c11,1,0
0x83412753e54768f8bed921e5556680e7a3e19108,1,0
0x83714712dc52f63a6ee16b1ba213913e4016f7ea,1,0
0x840230a50217edb160c8df67699eaa02d33cda23,1,0
0x84423a56d831d2f90314ebc019846d452dbbd857,1,0
0x8444e01d2dcecb25692ca5bd2fa06ef08fc072f6,1,0
0x846e40a60755ff6bbcb1a74bc2c04ad8128fb860,1,0
0x8497477ec808e70c028e06c7a5b425dcb04dd087,1,0
0x849c5e5e8851c8409c6ffc54e26cad303b236921,1,0
0x84ec4edffc95f29f493d0a091d1b167806f53c0c,1,0
0x8525befa281b665e62d7e47d0b465472611048dc,1,0
0x856731bb5d81d6030f33d8222a9d93b6b102e56e,1,0
0x85d8feee505766f5227e2d62e09cea1fd0051152,1,0
0x85debd9b9faa0f4036ffc4811f67d962e5a8e11c,1,0
0x860408c9008a89a91b776631c690f4c664267092,1,0
0x86c888577ddc1b7b06d8d2b1d111c55553c446bd,1,0
0x86da630341a5a34ded8c26096dce6e64166b8a0e,1,0
0x86e6b55bb954e1cfab567f9582e0fa580bb0290d,1,0
0x874ea272d3c15b2feda25ed443a0e2e7c5a2153f,1,0
0x875294677448308fe6eaac12b25b19c323e1e0c4,1,0
0x8835ca99eb3a964301863efed8f6b97e914f3a51,1,0
0x88f9f205d61b928e8cc6f1e490fb47eff52431bc,1,0
0x8937e78c29c0b7f64961c163f0602754a3e66f28,1,0
0x896369f90c302d5c565dd3b5d0587120cb5ecee7,1,0
0x89b1830a35c01e100ba937c3d20bb58ed7a79abc,1,0
0x8a1113023472f8b4b3af3bc317eb19a5a115fc4c,1,0
0x8a7401b7c1edf1cae4bd3cd3ae8156f3d156c44c,1,0
0x8a7520dc908bcc9d9e8465b3f5a9b1afb009bf4f,1,0
0x8b6f05df3cf4384f4b5af4d595f41bc8c25edf3f,1,0
0x8b8362978dc46289b4b930d0c152089e09e5bebe,1,0
0x8b8ef5e26c5aea6abb0f0d2714cbd34c68cf3e5a,1,0
0x8c059fcc72e92cc682c81c12fc90ae43aee6be14,1,0
0x8d53b5d03d0c4d9d9ea5d7da9d6235010cbf4c97,1,0
0x8d604b950c35845f9fcdc1eaf4471edb04a86b65,1,0
0x8dde8e388db5de35d3cc18809ec5fa945f4a82f5,1,0
0x8ed82972d1dd8b22b7136800111867a2eb9866e3,1,0
0x8eee59e87f13cbe3eb6e454025408a93edae6612,1,0
0x8f7795fa7e1046223f3fa0563e749462a3ccf2fc,1,0
0x8fab414992c5f8b9ce12610fc54883e4d1820be8,1,0
0x8fc4258bbabc0abe273574835996e77148b7c9c9,1,0
0x9089d8cdd01bb5f95a7bcde81a5b72a2ee82d0eb,1,0
0x9097ab56b709c79b173b849d02cfb67fab11b46d,1,0
0x90a7cc5095e005fe7ff7b7c66c694033799f77fb,1,0
0x90b2ab94ebdb2760339c2af9484d76df769041a5,1,0
0x90da53595f0083cea140228f73f338e3aed9e704,1,0
0x91873da1097fbf2e404855e78bdfe38ddfc2d292,1,0
0x91a9b7d82acfb7c6af6e2626e9bc8e1a59a7012d,1,0
0x91d13b7b4c0f8a292a2eaf302fc6be7c2740194a,1,0
0x91f98312e0e24ec6d1b66091a3d9bb7377c4e241,1,0
0x925d58db9ffcb07989eba13511c3095041a3a201,1,0
0x92f1f713f9264a59fa5aa012ea0414d19c607faf,1,0
0x930c6335006026428afd3924f117b1ef20e0a34d,1,0
0x9403185dc3ef307871b5bc834578031b920a4d70,1,0
0x9421e4ef70daf31191986a91a3641cacce925e86,1,0
0x9508fd315e95d526a57d1ee4b7be60390431fc2b,1,0
0x957e127a1d299e775b6e4e3cfb061c4b1407ee14,1,0
0x9666883e0fc0a247d975dd8912ef0f00a3215ab2,1,0
0x96aee4744ad5163d948247c71f885e5b901cf85f,1,0
0x977b0310ba4322d5ec0f1eba948a0f8d26553209,1,0
0x979c4dde790cff09935b8e00709dda753c9fc598,1,0
0x98d6716059fe3e1b8a0808d85fe6b9c5795b2e7c,1,0
0x98df8f57deaceb3cda505c1682af669453b6bdae,1,0
0x990520c6d91ef8b2a0bfd9911aec37fe7687bde3,1,0
0x998c166fea8ee9d314b13f224f927efdcde46065,1,0
0x9a09f5caca82b67edd330cdd8d50b218a82cfac3,1,0
0x9a1bf8baf7242b83fdb057565f5c77fa9c6b48b0,1,0
0x9c6882667d819f1a7f4599409432f64ac2e6634f,1,0
0x9d0c93d9cec711e8b6cff85e3dfd5c85caca4dc1,1,0
0x9d458da0df8cf32e105344c47821a62e89903d35,1,0
0x9dc2f75622b8c3c2552b948e5da38112488f9b0f,1,0
0x9dcd54ced2da809235015cc57ee2921fc687e354,1,0
0x9dd652937d5d8c11effaf85401271dd11727f1cf,1,0
0x9e708138350ec4b51771f0d5ab4151f5f82e8a57,1,0
0x9fb33d84ea29dca94f92133727b5b1d53603fdda,1,0
0xa0524bc1c9a1ad9c9ecd9aee4fab7cd9b6f27ed3,1,0
0xa1b2224199188538012d6777a8377fbd646438ca,1,0
0xa27037dfa9092c34c7679a4dbba2f41ea10970cc,1,0
0xa2d7331525720762a17a42771bcc41d8fb847bee,1,0
0xa2de9daae58ea02a10b148315ddde6769ca6924d,1,0
0xa3dea292e87c40e7c1e75a511b2ec5b47c1c2e20,1,0
0xa48719dd5bbd27338d84ec8efa38903b14a3b4b8,1,0
0xa4cfa13a96fa8f3d0d9fa6194003bc9fb11a309e,1,0
0xa4d7da6e6cd9ea981ce36bd62b5a895164fd2de8,1,0
0xa504910481ee5309293a4b0c424511c55a678553,1,0
0xa51a9ace1a36d25c7d0860ca2ec663e3e04bcc9f,1,0
0xa58ea5aa17dd38f210a4e0d3c9cb0e8c969ea49f,1,0
0xa5ef659c4b193dd474794772ccf25076cc620883,1,0
0xa6f67217a9011e1e41fd64360862d3b54340fcc5,1,0
0xa79d3b28a109f0e3e4919c9715748db6d88f313f,1,0
0xa99febffc3c8d5648d93841e6232dd9dc21009c4,1,0
0xa9dac4e6f534b1ae2cbe8b5f0c607317e613fd60,1,0
0xa9f51db4725f0eaf9d530bae8db0fd858d505547,1,0
0xaa72ee279017afeace81b3b91da3fa4c974f3885,1,0
0xaaddacd64c52e9db1da8883961ae5b08833d4762,1,0
0xab50c6decaa4ba1930ccf26407d58d530538c007,1,0
0xadab4df3d8fb2927f59487c2fd90df17a3ae20ce,1,0
0xadcfbc9c898ec737dda5bf6e580301d0afe37939,1,0
0xade961a6fe7daa7013a82f7f3356bd8507fbb550,1,0
0xaef9f096eb5da06d44cc8d11e02817b1c39119af,1,0
0xb06f2c21147d6c2402f5d1580c0703329112d850,1,0
0xb09aacabf6a9608a6bea310f408049031d4eb593,1,0
0xb0c244f1fb6cab9c6e580857d5f8594ff5f5b914,1,0
0xb122cc8b0f4648cbd2bd74ba8c78485a75a50d45,1,0
0xb18b3aadb0efd6e14c2bea58acce94d1d991a283,1,0
0xb1fba78da54ea383d3558f458d9cfc75b656111e,1,0
0xb2e6294f935821c49840a0acffc200993b1b6fe9,1,0
0xb2f311888ebf8c5b8d7ef439d3b00f1f0a2eebb7,1,0
0xb3313b023e68cda95d7b625200e1b0fe6335a0c2,1,0
0xb365f1bbf34a698955fd6f3009b3f9740a596998,1,0
0xb37669bdd012a1a27f81bfe1454ef118e225cd59,1,0
0xb38b0f20f1a3ac4289db19a462ed658360969305,1,0
0xb3aee9e08c333d59406e56959cd63727cb5aae5f,1,0
0xb3d8bfee35c6272095db789b6eaa45ac2fb571b1,1,0
0xb407f29d00e0b824bcc28bd2dcecc7df0664532c,1,0
0xb443f2a86ec9fe63e4796ad84a11ddaa2f91162a,1,0
0xb4a57da6703179fa80ccfbd1c5725f2d23d4aad0,1,0
0xb58d4c855c1d6bed10bcde82080d0d2f6b1adfec,1,0
0xb5b66b80f1cd90fbd08318eca02c0aa1664b1aa4,1,0
0xb611c6fc932bff9acd4d0e3b551b56f3f83e155b,1,0
0xb64e792ef1f6f4b0beead433eda70eb1e60fdc52,1,0
0xb65981328f9f10e2d98bf8b5478a14cc1d2ecbf5,1,0
0xb65a214d634c139c26910d142bdd2a358c7865a5,1,0
0xb723a3dcf1825e53336684660f884a276be40034,1,0
0xb735938b2baacd62bb4d1dc1f54e83b81e8adc7b,1,0
0xb78dc2b3b38853e7c3dfce4b961712ec37b7e0e0,1,0
0xb82350ddfcd525966ed87cf4d710952bfdbdd588,1,0
0xb869cc2aff5e04939a5795768389f8af6130f04f,1,0
0xb8d0eb57514a9473615b62dc55f603a1d286ab1f,1,0
0xb91056b0eb34609245e43ffc9a3373203eeee0d2,1,0
0xb96d4bf1f71c3376f4f895466196e2428bd52943,1,0
0xb9bc19b7cc8d2b22727e677a4fce55e456f04a84,1,0
0xba605d436b35c68ea96e0453072db975d6278e7c,1,0
0xbb0761fccdceefff1f53b56c082a8ed8979fd0c6,1,0
0xbb7fea355a1cdda937346d39019f0505f4a2d945,1,0
0xbcc8a26e45cdfd72d0053f6aec6409dbe037ff9e,1,0
0xbd2a95d30761333cb573be00e4c76a0995c7d07a,1,0
0xbdb7b491ae763de59229c4a057f5b1adbc7b60d7,1,0
0xbe034254fcf3241d6f1103169a0670420c75a1e2,1,0
0xbe1a5e8a7d50eafe07cc95a5a6dd47b7694f9baf,1,0
0xbe3ef752e84b15ead560cd69ad855684cb41b667,1,0
0xbfd38d0da76f1037f23f02cbd7237b8f7080a002,1,0
0xc10d8f1207d77a2307391a8d692bd32c863afe33,1,0
0xc170f74bc20617e8c6ace83fb937a559746d1772,1,0
0xc22c63ecbb0f6185ed5d0a364a964170e3884504,1,0
0xc25483f066f83859a78bed6ee59d53ee65ed1783,1,0
0xc263a57cacf168d8d839b9ff3104d6b2e45976ae,1,0
0xc2babe0ad3daa699c92284119875c36290674441,1,0
0xc2d3da4360d9f49a16b39a9c5ec2fac7263ccfe6,1,0
0xc2e5cc4af6ff40d74b6d94f0109da0e21a7744c1,1,0
0xc3435a9bc9849aa2787f9d7412453a9005e7be26,1,0
0xc363b653143894a025c01c8b1da9c16033093654,1,0
0xc38430c52ae5a0f43bd69c3445f72f21beb023cf,1,0
0xc474f0bcdd6cb9fbba6c4ed27701ece83a88936c,1,0
0xc4adf429888790457f7253ca00c8a6dd48fd1c63,1,0
0xc530d2720b72ab28fc6ee52b37161b2e647e43c2,1,0
0xc5fb2c14eb78fffc0ea186a13fb33bb3095c419b,1,0
0xc65ba88ae7da587ac745a18ed3a35f2534d5babf,1,0
0xc68fbd401b47122a23e868fa191195db7a67ccee,1,0
0xc6efdb57b3e5e3958e40362fac8dff6d7895093c,1,0
0xc77b259dab6132c0f5110d8cebdf7c4f445ee9eb,1,0
0xc89301860cfcf99049b15d94a4785abebacc7681,1,0
0xc8943a16bcadc15432dc47bde30a7c173e7129db,1,0
0xc8de501e627d1c7d30ecf4f969c5b1a90dd467a6,1,0
0xc91ccf7c133d3d7e997fdde3adb03648c78482bf,1,0
0xc99eadd0e6d215c3a688e09375f479d690b423fb,1,0
0xc9d5bde60b3111bb43a63f60fa56993da2ac3629,1,0
0xca034d4438719391b5e7589242a36ec535ed6836,1,0
0xca6868f11a099295fe7f3bdd705d2d7a1c2214b7,1,0
0xcaa6fa7d6edb68eccd07f81910b7bcfefc14e87a,1,0
0xcab7bef82f2a10e70aa39b51883c37ebe55ba2d0,1,0
0xcb0c48009f344244a440cbd1cd864e69b9e451c1,1,0
0xcb0f8eeef1f0b3417902c35def31ae219224ac07,1,0
0xcb3e7f2a43a21f6b243253b89d65685e1f570659,1,0
0xcb533693513ffb76af21d7ad551c7bc3f26fa46a,1,0
0xcb859ee31684cb02730f5cdb865d27f431a651b2,1,0
0xcb88f19cf8a39a8a06e4e312884b25ee01ef570e,1,0
0xcb9c2ddb66a9b39ad3012c489caf311cf35c9af9,1,0
0xcc60afb100392cccfac5e8b4167b262bd8566f27,1,0
0xcd025f3ceeed649df79af81bda04ac8073faa6c7,1,0
0xcd0e6e1286eaee1e76b66d723f7836250d312f11,1,0
0xcd46d5193fd3fa2b16230541a723acd4b05c0887,1,0
0xce4a41fce5df4cb141b71b2cd978563659529f96,1,0
0xce4e346d7e0b0c93a832ddab0d6b9753aae75219,1,0
0xcfb855c47b1d3e713afa559c838a1759fbd50cf1,1,0
0xd022ceb255574f5a05cfbbac0ee3e00bf23c293d,1,0
0xd13235475579f98a4387b725423575c3e1c9b643,1,0
0xd14175f0d653a5da9194dbd88c00bf65b4b2f0ad,1,0
0xd1483c9fc4037075f4e80471a84a921dfea4634a,1,0
0xd18c503c8085a0e7ef7fd03266eff9b03437e804,1,0
0xd249ffe4b0a13bb4e94c8451df1998561a8a8249,1,0
0xd24fc892c227ec2f1a9acc782f7583501d479d4f,1,0
0xd2ee27c1f2eb1175b45d24fb0f91304f017c49c3,1,0
0xd32820e093df01d8c2643b6a5b187b8c2b8644bc,1,0
0xd448777940dfabf65fd259fa8a9903e60e1ff178,1,0
0xd498d9ec4a7a418263e8729b09448e18a8ec863e,1,0
0xd4ab8575a6f4b10d837569e6477e2364a3cabed7,1,0
0xd51031d483c3a46d7aef56ea551b8f0d71c55ed9,1,0
0xd5402d76eaa36f90614e99f42a65670d824e91aa,1,0
0xd57bd8fabf6c53599329f8aa0275fe40bcdaef83,1,0
0xd5d6d60df1121cae32fb2e793c8aa7377e04c72b,1,0
0xd62f14e239fbb155dbbc4171d8411d5a0da92363,1,0
0xd6c0522db033690034916de5596fb5393d95bbbc,1,0
0xd6ef442dfe4ad0910bd469dae62bd5d6f74e1436,1,0
0xd73b4d093e3d8be30eb69c7ab0f1eed9f82aac01,1,0
0xd97a421c2bdd8cd392c5fb6ff9f309cff5aa7b8f,1,0
0xd9aee33795f242a12bb9e687e1533f44ac5bb11c,1,0
0xd9e14562e65f5b19af0f3d79fe17217c688b4265,1,0
0xdaa69cc3acebe24ab4bf37fe186490b444b56c6c,1,0
0xdb0300c73b44460362eb4042c5bb699d0e976eb9,1,0
0xdc9c5e34959ec3643af1e1d34a83d6b251aab1ef,1,0
0xdcf2bb916175d4b9bf8a8f2ac394befe4821a17e,1,0
0xdd1c8008e110554ddc5d6f31422567629040a667,1,0
0xddaf19114d4de9281c50f4cca25b5c8d9a5bb4da,1,0
0xde64766d4868c6699bdd0672ba99234c84f0bddf,1,0
0xdea3290e65536be3be84c8bfa925a57e0234fa22,1,0
0xdf14ff2ee4fe893a7ae2047fe9fc78add8a9861b,1,0
0xdf377beb9cf4a2eaacfcc6015991bcd83f52a391,1,0
0xdf5f4a2a5fc188c9c71a125d36015d972286d67c,1,0
0xdf6919547bea0be823a07d9df794cb628475bcb7,1,0
0xdf8846bb8176ea12d02afd73d73207adabac1545,1,0
0xdfcc76471faa8b5bf9921cae130d7b42305e5321,1,0
0xe038d45c83467b33a30bd73ad596316ef65296b2,1,0
0xe078bd5da7995987aca5109b36307afb7b7256c9,1,0
0xe0b600879497eae70c39fe02c38182c7f92ddae9,1,0
0xe1567c252b11a0ad37a5a82278b0188b6d382628,1,0
0xe1dbd5a302132a7238c83450c17a52f127d0594d,1,0
0xe267ab2b5f2b4ac4f101553ba6d2936daaf73456,1,0
0xe2a3459c4fd6f176ba6f23f373e41d835022f3ed,1,0
0xe2eac76e36639dd165ee81fcf49bd25c429d92e6,1,0
0xe3b0733c0ba2a166ed77a88355b8a98ca0d1eca6,1,0
0xe3fbf14c2290ef555f749cf272ffcd8e846d1baa,1,0
0xe66b9e64dc6d6f202c02506d1359fff0566c499c,1,0
0xe6a14f3eea9b607c53cf044fc6845f3f759a7746,1,0
0xe6fd5279b43eef01c197b9197dcbdbe54999471e,1,0
0xe752b17afc2630d0462e5111e8f8d9239f1b3fe0,1,0
0xe793cc6ede6b85f2e07ccbf7165bc94adc5658b0,1,0
0xe79c804ed2a09cfc949e46dac8cbe9cbbad8dc5c,1,0
0xe876084b9e0266dba674ebd367ba0363341e6dda,1,0
0xe8812e46b0dd6c6cf1871de6b42abd1e481bc733,1,0
0xe948a4a770d330cc23b1447720cbd72d483c5ab3,1,0
0xe967023c02d7e8003b3c6f49c64b6e5740c4fe0f,1,0
0xe98fb6f1f2fe01245d31071207a277e1a3157c6b,1,0
0xebe07bde449374e49b130b1a1d0913ad59ed2fd8,1,0
0xed1cb7309894b86fd8bc7a602e27635977429a03,1,0
0xed2ec53e6da58a3546e0399baa56f3c2b549551b,1,0
0xed80d5a03e833d05bf190e116f22e5e447b8e39a,1,0
0xeddf8716a2436b8f3f578d876ce2a16f25b15589,1,0
0xee51ef1aad863ea31508ae2c07fe1766368375a3,1,0
0xee6c95d1215fad6e7db0f46fcdaa76d9164b9d46,1,0
0xee9ca24fb62bfc021e1a46e09e1c1cbecd3341b5,1,0
0xeed84995afa48d69d886a8cf2b8cddeb0cbf1be5,1,0
0xef111e0b94b305c1cf64d0197becb65639ad8d26,1,0
0xef71c9749d7b27196c8beea4d9b638e708958ccc,1,0
0xf02245bd823da35aa3a5c661e9174dfbabc2fa3f,1,0
0xf043d7686fc73955418ddcfc649ecd5d2305df2e,1,0
0xf060d8b3bd759e96723250fe0b4870401912f9c7,1,0
0xf062a331ef74c963941d766af18c20d415bd4a83,1,0
0xf069c2d10411e636a83be9a4e312e35a84fa0f1e,1,0
0xf072dc5cd262e475d0cc77e637c4ba719a8ede0b,1,0
0xf0b8268195728bd6bf64dcb53ff6623fb7b39015,1,0
0xf0c4e6135e93c4cf6cb9e9f363c193b054c26294,1,0
0xf0dbe0fadb224d90f7020a8b8096301a5f050535,1,0
0xf18a958adc6e7675027cfe55770683aa9176f42a,1,0
0xf19f3620bdeb193cbf71a4015027ce1e885613cb,1,0
0xf1aabd8ceba898d84e2f74ea58b81f4d6cc1a10d,1,0
0xf2470c413b00de975918007fa96b56a6d373243d,1,0
0xf26caa9e8a5c7d809181487201e16fddc5728543,1,0
0xf2c2c59788c13373e987948dbf54401239866b2d,1,0
0xf2dc721205e2703e0ede8891819c26e95d162075,1,0
0xf39f35f3ed43b2c2525c28ea17b7b6aacaf1272a,1,0
0xf4a37965fa259d4e87d7b81c561af02b0eab4b5c,1,0
0xf7bb99a5c1a4d09d209092ec9907628cdf7d3472,1,0
0xf8615d4cada14f33362de6cc6244f8743ee43b72,1,0
0xf894146032b50e8a6f40e778fee1415d9d4e54b2,1,0
0xf9496be6e73bd01ab40af220d3ea23503ea6c6c9,1,0
0xfa38e71eabff3eb66e531f13c12a817ad7ecde77,1,0
0xfa566392477d8d842a0e9389029f05d090970b1a,1,0
0xfb0f1d94641672a3a7263f32bdb701f051fe4cf3,1,0
0xfbbfdbefbcbc957a3a0e97cdf4b9556bd178cc79,1,0
0xfbd6803a7a0fe2b8c2a4e3790095b394fdf95b5a,1,0
0xfbfb32584acbc1a1f38073ac657446f55df347a1,1,0
0xfc5c5ab8042e416869ea4d8b35a6182c9bf14f15,1,0
0xfcf02564051ed8527b4dc9c7cdb00db847ece74b,1,0
0xfd17320dd3be9e3833747f0c015831098ca2deda,1,0
0xfdec78207f7181783f6ee6f3db598f43c445a3fc,1,0
0xfed27be6ed266c8ad46fd9d2c3c0c91471e60a1b,1,0
0xff21ed6f6eab83526bb335171ccc91d8b7bd7ac0,1,0
0xffd60de56d579ea3390feb1c4710b29d3f1d4d43,1,0
0x003868ae30cb528e9a30d865979b0c2d3615e8d8,1,0
0x00a4ac8f3b72076c4f77e46f9a905b96a8204974,1,0
0x012da243f97b8d2249bc72235217d189dc874b6a,1,0
0x0160980d802f5941c3a6ceadc7f89b9dfb61ef87,1,0
0x01b55f3c53163bc8f5e0f5988ede6c738878a7d6,1,0
0x01c2b2756d35e8db931698007985a5ab7fc419d5,1,0
0x01dbc628608a33f0c285a8ac6ea62df8930bab95,1,0
0x023a6b45fad163368bd8d9925c957d1e3ee17329,1,0
0x024052640bf9fa1f340cadc55b53602eb381d816,1,0
0x0256222e1e0b81c740fec234fd18b40674109f0c,1,0
0x027880f03e5a663832887375daaca696c1b73942,1,0
0x02bcb0f0e4a0f60e69cad575a57f482c48d80b57,1,0
0x02c8635a31cffb1ab7959d8e483d8869a97ef7eb,1,0
0x02c866e451332eace3aad4bd0c90a8c9e7a99465,1,0
0x035037266f251710912c657ba95e66820c33aa2b,1,0
0x035ca627cd838f2ca515f95ca09b6af675b9d0d5,1,0
0x0361e2d1c6f4cb16d4d9d9222a6f4c0403067a33,1,0
0x037ce04ccbfce2afa2af5562a98b79712d8e57de,1,0
0x03acd900fb026cf81c9785203b6b3fa851ed15be,1,0
0x043bb7b03b6dfd2d9e7c104a7dc97e14f2e4ca90,1,0
0x046b22842fe80f6f7b9bbf174e831d0d79ab00a3,1,0
0x050064ef5f7920c31f85c95d49715d4a01176e48,1,0
0x054ae83075e69e31f665857ff78bf2a9a6c07b57,1,0
0x057b788bf545ecc09b9a391cf7a242d747e18251,1,0
0x05a8bba22f4ae00ec5416ea80b145d1b3da397ec,1,0
0x068844d93e287ed47a8848bd891f3e265fedcd78,1,0
0x06886cfea5844435514af6c1cdcb34f574cca431,1,0
0x06aea3aea0226e41da414210542e3b47fbc6a542,1,0
0x06d87440351b8ae7ebf8c526a50afa22750678b1,1,0
0x07022938e17988d2df8fac3bc3bb44422a8afafe,1,0
0x0785019bea72c62efd53fb5c3f8433429130d1cc,1,0
0x07af7dd4e8fcb3f9de13cc7b6aaa01fad793b649,1,0
0x07de715db3383f52929e743ab8381d766c3508d6,1,0
0x0869b16973a7215755ca87c17645ad87d07422a9,1,0
0x08721b89a070801ce29917f4d3548ad188181d5d,1,0
0x089b42092b06348b2cc2241012ba24dd3058921c,1,0
0x08f09176704a65c00aa7b17d90af302fdc2b16a8,1,0
0x0910ff6e9c5ffe94e02d5eb31e31d0373bb4964d,1,0
0x092e7471a55c416f12d3340c6cce1a4bcc373089,1,0
0x0a5c25709ca4ffaa3fd53bef01a03f5e333b0e58,1,0
0x0aa0815e9da4f44a034760040e7e7316f50298f6,1,0
0x0ad716cb0955069f0b9ea579f6280cb774b91b6f,1,0
0x0b1fcf5b447e6836cf39feeb93182969c37da970,1,0
0x0b5280d289a1f124af40416bcedcfd3ba5720562,1,0
0x0b8bac7adb5d7235055733b9c7b028662f473ee6,1,0
0x0b9511815e1b3c3d9d5488a7f5370e3e86921541,1,0
0x0b9de495fa777e5c2aa2cda364883738c052ccba,1,0
0x0ba93e63948eb7863b83edfc075d92f8e9241d7d,1,0
0x0bcfa77f1e1042dc67b288ddbfd217428448480c,1,0
0x0bf244405a7ee10d1f1f8c67e64d810fa1402860,1,0
0x0cc866e838a18cc0ac86e487219b35834e2835ab,1,0
0x0d29654dabe39c651a18e45cead7243a258793f4,1,0
0x0de4e3e46e59ecf90272e3626f213988357292f1,1,0
0x0dff98053ef265671fcfcf1d71dfdc17001454eb,1,0
0x0e6511cea173ac9ab52884255ea69efdc8f300fc,1,0
0x0e7f4cd84f7c29f34bc3d22fcb0a0f1c57301e16,1,0
0x0ed723523d4c0f8ec7629997342f3b9ecedf9079,1,0
0x0f9d6c0b9c5df15f43c1347a48e6153df4c6a6cb,1,0
0x0fab1e91272ef605f6ad98091648ca1c6b1588c0,1,0
0x0fbad6112d036596d24802a8038e77bc6c9efe6e,1,0
0x0fffd77c9b18e4f6415c93d089fc35dcad90526e,1,0
0x100c55dd9007e0229476ed30f36900eed8010f06,1,0
0x103b99ca473c458aedfce5166df4c9c675170eac,1,0
0x105f21fbd0b146fb11621a33e57bed066ce2c4cd,1,0
0x107a7e46ac3ca3fe36fe9f8e006d1a4c0bcfd7d3,1,0
0x1086fced6720bcf7dd1d17198cb6b3b7f0adf334,1,0
0x109b8bd48d9636d459dcb29b9172e29b9aba02c2,1,0
0x10b5a169ad027c79812f41b0b506ddc25506738a,1,0
0x10c2ee8cb5573f2ed30865059dfc60478bf2a1cd,1,0
0x12b3d75778cf33d1838ad1fa3cc0f7f05f02915a,1,0
0x1340d89952a0df0c2df97f4d132ca33193b04393,1,0
0x1396f95f68977acd7e7db5a8292852c5e67f89f0,1,0
0x147a18595f617f200bcd578b5abde46f4de9526d,1,0
0x147f445f332cc5de637e2b30a02bf3dcde1d23bf,1,0
0x1486813778379ebf82dabb0dfcf1895fe4c1cfdb,1,0
0x149cb8dc7a151269e294208a166896714223f968,1,0
0x150c3e5671eb9233b085991aff56a2fb85479ab9,1,0
0x1559abb26c2eaed0d52cfcdd6dca3ef8dc4dbeb6,1,0
0x158871771bb3fa450bc954c1c2bff7716c4a4baf,1,0
0x15bcc179d2fa1c0c1ea687e0570c22b2f2193306,1,0
0x15deb04d12b4f730b91fbdf814e9820bf8c19f83,1,0
0x16336b88fba32a0a7cef0b6fac5210d5ae97da32,1,0
0x16504b3a9390c57bfa8cc7fe55f0c8cc33200d0f,1,0
0x1725c2d74a3dcd73200e078d0ca8063998371be0,1,0
0x172f86ac7711f5dc024934649353bf864af5055c,1,0
0x1740cf6d6d4f4cac03d8e2916849c1af26a51157,1,0
0x178173627aa2f703e1a4adb549791acee019b283,1,0
0x17b8313d6edd403619ac5fe41c48c866ded6f72d,1,0
0x17e6946f933039e30318c6f50874fe657b34d222,1,0
0x181a81e54da038370a88b95f5b6e352c27c5bdac,1,0
0x181ca9c58c4cb86af61eae7e809519a2c06e0ee6,1,0
0x1834414c46e7efed6f6899f52e8e9e2eca0d2ff7,1,0
0x18b0f2630dbee3c95e3dbf94a386017d7e32bc51,1,0
0x18ebaf2bb0df99f9290b18d494090516b7b60bb4,1,0
0x196e08cc3d42c9974d2c7136bf3f2fa1d6dde76e,1,0
0x1a2fb10ee439734dda473c2dadb2e32e06479b8a,1,0
0x1a40f946fa2fc5d0cd2a38eadab7c512cc729e9a,1,0
0x1a5473fb8f2f6bf1915df19892bc526e8ae3ee99,1,0
0x1a584e8789be03770092c17bf066f3489cbf37a4,1,0
0x1a5981545d558ff8a70e6c17a13e7d8838909e77,1,0
0x1a903fe2f732f96baa7292a05f4121766dd7e07a,1,0
0x1aad6f6e2f05f770090f7ed1aea2f2f1cac3b2b7,1,0
0x1af2572a0e800c2955aa5052fac5ed745ba38c01,1,0
0x1b38dc237d25bf4e0f823b4826ec0786236f7824,1,0
0x1b4723b3b7e777f559989050c519eaa3fb9cef51,1,0
0x1b6359a3e9c4c11ddb0631e300da1cf227ac6830,1,0
0x1ba9907e3c0322fd056d2056de9b22073c45b87f,1,0
0x1c06f059b3021a3fce48a3a1749b7da5c6da1080,1,0
0x1c428bdcae3b4152b392801b6629ee942ad854c6,1,0
0x1cf7298270dd13cf6397caa5d08060242e5f12a8,1,0
0x1d2dd0387c963e4c0a357fc4a27de2298f4f4c3c,1,0
0x1d6962101b79fdc38de0d5839acd2fc6623045bc,1,0
0x1dbcd4c721e32e92945629f9efd69de883bb207c,1,0
0x1de8092725c485f99faf4cd6627dd65455212bc0,1,0
0x1e51b8949cc1c8e809788aaf9121328f2edc2e54,1,0
0x1e67d7bbec2636cc7bd71f3fe4f388180f689599,1,0
0x1ecaf759cdeb2b9ffaf8c1298616cb7828b8f681,1,0
0x1ed71c3c29b9916ee96df89e1084e6fc3bfe9b1a,1,0
0x1f3d5e28e10edfd5264b3db1d837b03a7686d524,1,0
0x205725e5d75fd06442294894cf5a37a3c83330ad,1,0
0x2194abaacd382adbca5404e65f247029faef726a,1,0
0x21a44fb5a150639589e1cefd065745e0809a5ee1,1,0
0x21d59c4c838c30c77efbe59921f2639b758d4bd0,1,0
0x21e298405039fb678b1d46c0a358ffdff37d4f71,1,0
0x21f027c024a717dd8dc3c8b10f6ed60b3fb5bc28,1,0
0x224388d19498c051732811558e4c7e50853728b3,1,0
0x22537fb545ea8bb30375091cfa0e8f926316914c,1,0
0x2315d0a83b48d4d928578bf81fe83844494f4200,1,0
0x2395253d851cf19c2a72167cd104eacafd9d74fc,1,0
0x23b7ac76707503a79accdc8e045b4cb9cf277a87,1,0
0x24c1e6c0b220edfec24490529c153dcb0e2277df,1,0
0x259f6a23df7ab0663c0a4bd7dffb84106a3d21a9,1,0
0x265447af1a6ca83d0df35fa981e0253887e4d9fc,1,0
0x26d38f8d2b1611ee5d9fa8f67a083cce0df00e1b,1,0
0x277bd787a22a66b2ab2ab6dc55ee9ab4325fc211,1,0
0x277ecd47f421bca500779c9c1d1c1bdfdd4156b2,1,0
0x282cbe7e4ed3f7b5fd2cb4307e95875fb4120613,1,0
0x289086d32568e8676a7d890cc73f66dac0b0249e,1,0
0x28f67819d2dd454722a33388afadfbf970af8903,1,0
0x28fb18c03d7c0dac8ce353f35163b289151f176d,1,0
0x2938a1f4b4b01d09bb1d86bddb16d341172ced38,1,0
0x2967ca89c96792e938d8475d81fc66c8180490e0,1,0
0x2a174829070482e38a9a43d8a1a4531906002b41,1,0
0x2a4e45485468fdc831fefa11525b159c698fa8e3,1,0
0x2a76c6e3820a3e1cd0db02aa7aef750c125bb5c2,1,0
0x2b0646cb3f7b64afe17e32ed9adceb543dfed649,1,0
0x2ba87a5135e7cd392001a0a51a8d8d7ca5a9559a,1,0
0x2bc12061c8912505978472c21d4a23db43af62aa,1,0
0x2c62abe58dad094fa886180551f8221fd691b643,1,0
0x2c853bdc11451f8f974be455c8f6e79292d8ddf6,1,0
0x2d0c230b33cc80956b2958215aa07b3ceee68ed9,1,0
0x2d4e37ecb3433b5eb88fc20b93f674d695ddd791,1,0
0x2e0cb09df4fde4c45e489ff0f50f3a58edcf36ff,1,0
0x2e7dc5f20a7e3e6e37fbd77d1fbfaae77fad9b8d,1,0
0x2eba0a5d03b07af80e4e4ace3bbffe3a7d956bcb,1,0
0x2ee1d4e49a4ed29138c28a1985b70369ea81987e,1,0
0x2ef315bd59a0d0848109c3ad9ca49462e22c74fc,1,0
0x2f0e21dbd58a396e71ad70253280613967c90f72,1,0
0x2f39129760b5dd568561a619191499a1f4a353ac,1,0
0x2fb33b10113b8ce4c2c1f3c253d8af48ea2d336f,1,0
0x311ae8d14a54899f35d89ac8209b2f215fba4ddf,1,0
0x313054efd705e947033b0f217c73994ad85ad6cc,1,0
0x3152be66d85e155cb185e2030fa5e8f712ce520e,1,0
0x31a406efbd18897c85a028ca2ad9bbf06febaa2c,1,0
0x31e958d241486226ecc3ba0e63d68e02f4db0ddd,1,0
0x32b46557621ada3a597b67f4fd9849778c48d4e8,1,0
0x33106a9dac26517edb4c5bd17764cfbdaf2ff82e,1,0
0x33274687439c14a88b1d88fe99f02fb09987478c,1,0
0x334be96056f60f99f1161404112a29bbf6ee30d8,1,0
0x33904488fa75bfc65e8404a4f1c33bad725b03e7,1,0
0x33b88ce0d6e2cf5c1d50f47cc75725bab4c27a43,1,0
0x33d17718ba1fffc16026c228f3fc93c6b809a5e7,1,0
0x33ea9cd120bd15b91da747b199dc78e35f5cc0c4,1,0
0x33f2f0d2e8098a675dcd5e66b9c6e8a648d0bd65,1,0
0x33f68721804c97bc4733fe5396eaa37264d347d1,1,0
0x33fca7a3ced426be8b44f0b45e963d2060248896,1,0
0x344e079ff65b5b875739dc957b14b96b432f285a,1,0
0x3492415c22be14c56f3645a0cff5ce87337c81d9,1,0
0x34a591d8359a49ed6c2016191ac01ef8254abdb6,1,0
0x34c756d8850d15c78d9d70d623d9b3a24db0f8a1,1,0
0x34f3753b1e5cecaf636529181c115f242db4f8bc,1,0
0x35423104db3ba774922d5b5e93006b68ef2d4cb0,1,0
0x3543249627b6670e9e7c09c5be9d4d5792af6772,1,0
0x358b665a42bfcc6aaea687114823f9df14e812b0,1,0
0x359b499fb88560d14a391198f7d093408b238e55,1,0
0x35b65c93f307ebff0a2554030645dbd5f9240784,1,0
0x3624654e58a3b513e218dd66d1cd9ec6f852108e,1,0
0x3661553ad6762d26a63dcada53fd53224b56e8e9,1,0
0x36dd77f64a2cd3605f47fde256db39062ee23420,1,0
0x36e767f0882a9d7df867d9fddb11a6faf4fabffc,1,0
0x36fb4ccb110cdbab635940b39447ddbfbf6ef2bb,1,0
0x38057f371c0956b2c3fa7388055553cd887c9e35,1,0
0x38297e21d084ffdb93cb260162f12b510ce723c6,1,0
0x382c0c076f36609e5939e6e5f5198a1b844720f4,1,0
0x38543f3b47937774631990c776d5ad9da1c2d266,1,0
0x38591a388bafabcd80ecb0d39eb901c1ad2bc67b,1,0
0x385c1bb53b62c8a740838c1d90f39d8063f9248f,1,0
0x38c343aca5025e50910b646d94dc7cb27188d70c,1,0
0x38ed3b1b95435b8d3060e67447a126b7fd8fb585,1,0
0x3929a03b762bb15f1afc1608df887323f6552e25,1,0
0x398e32c108cc33374a551758c18178c53de7c06b,1,0
0x3a068c63080677cbff26084d1e66d4841a908c38,1,0
0x3a459536d3879c4804d598e811177cf714a15a29,1,0
0x3aaa04091f137232acf1cb79fdff1adeb2512d17,1,0
0x3bc025302b76d86e6c7f966fe200d6aa2b4ef4ca,1,0
0x3c06dbcc19d238080b3d0910c115a28ea3fed1c7,1,0
0x3c59e40c992a7d7c0c38bee17cd8462da6c53561,1,0
0x3cd72c9433b55160a7f07369eb421820da87d38e,1,0
0x3d1ba346234429187cd017bfb8fda8e3dc5adfdf,1,0
0x3d35b8c9bffa479dc1854ff7283f88087f79660b,1,0
0x3e55ce9d9e2bca212ec4d8ce05aeb59384c9d392,1,0
0x3e96eb0c812d0275364864e01752bdf7c5935012,1,0
0x3eab9293af2dbfa912e1177c3ff47b39263ffed3,1,0
0x3eef4129bab65ecf338ed4616475fc0afe8c79a3,1,0
0x3f3532d0da205e69c79c05f18352c528d1a5c05d,1,0
0x3f43a69faa3cdd69cf0148627d130e4329d55c3d,1,0
0x3f53adeea32bf7a4e8cb196e97401a6fff1eb937,1,0
0x3f5a958716e107f1858a57ddff42c5b495c8c1e1,1,0
0x3f647ea7c4a7f641d5f801cbe475d0ea140d7397,1,0
0x3ff52c5cde1fd69783c56fb8f29e888dfca5f11f,1,0
0x40253c074a4a65793a01fad4b7d765720b4c0032,1,0
0x40291a67aa3854255a01238acd3451ecca2748d1,1,0
0x404d77ee0051d51822ba8ac84e817b7ef08daf72,1,0
0x4057013047353aaad92af42e8101173d2487dcb1,1,0
0x40bea8f177dc85edb9be1e2638249b37d3a2385c,1,0
0x4117f8ed506d3ad85a0a3676b6ad29e94fed8626,1,0
0x4166687a150dba40f5b3e489d3728e16a111b7e0,1,0
0x419c1810367a5fcf955fa8df790db9f1cc3e071e,1,0
0x41ac9562790e5498b66256ebac5c6d7dac3312d9,1,0
0x4307ee45c1413e29b745b9dc063354a5ddc41716,1,0
0x430bfc681cb28940ce124c87f1218ebebd8c6580,1,0
0x4321d4f676f87a0b453cfd60d265086a09204bdc,1,0
0x43faa5d7812265b2b5651eb4335b2684656cf6bf,1,0
0x44aa01f70aba65e60d8cb82227a38e14405a5d23,1,0
0x44cb2b3bb69259516832439c310cf540aa1852eb,1,0
0x452c41a9c8c6520169310f5146bcd9e84361d651,1,0
0x4530f87b4f8f3a18309431fd3e14af8c42aeb744,1,0
0x463544c83bd14aad88db07ac3642aabb0de1ddda,1,0
0x467739f5115941512d1ab1629aef97a082efc627,1,0
0x468dd72bfeb8dcb7812336b6bbbcb87ccc032db9,1,0
0x47022a77b74532c58b322e16210c544117b55ce3,1,0
0x471cf60fa49c75a7fca632aacd79c511be30b1f4,1,0
0x473ea0f0d7148635e1f9061618f9ba148ca8160e,1,0
0x475dc6f320f7b73f72a270816eae33ecb6897395,1,0
0x4768304f067ccb88c246610bec9dad3ed7798ce5,1,0
0x47edfbb499b3ebf62ef6a1c116e780716ef697fb,1,0
0x47f714b1d846b0bf4af5204263186889e98e62c6,1,0
0x48344ab4df2cccacab46183520cc74ccc481b873,1,0
0x48f0cc23bb6b649a9e95fc2f70e1b3f2ed4cfccc,1,0
0x4947000b243e489a51f373799b7db3a4fe32f00b,1,0
0x494c7fdb753c15b69fea2293e1b76567ca94462d,1,0
0x497cb67e04b5542a068de83b14ee29fb6ccb4267,1,0
0x4a83436e571896d93bdac456c8f856c73255ff7b,1,0
0x4adc711051e4a0aa49c07f4a5928a773539c5746,1,0
0x4b0163c213f02be6f954e1ae1122d1dd7cb8ed8c,1,0
0x4b04882c4ada83ea6d567996af7642ee71abd7fc,1,0
0x4b4de935ffc5095da62cfdd7f278ad21938c51c4,1,0
0x4b9c044445456daa8f62a688d10ae3c7d6c6eeaf,1,0
0x4c44a745872edb5dc1243436ca4dbef301879a7e,1,0
0x4c5ad82efa307a8095cd4da02ffbbbbe5a1d18ea,1,0
0x4c769d020c348e659ebc879357c7165110380a05,1,0
0x4c7c79fa8e5eaeab0564ba35d47e3e1089a1c0bc,1,0
0x4caebaf8dfa2bed212a40555f5bf31709391f272,1,0
0x4cc95278bb8c169b418c34fbec40b0354dfa523c,1,0
0x4ce421cc282faa22fa039f76e0de7cb4d4457e5c,1,0
0x4cf8ae103279eba5495ecf192e01f91e62ad0247,1,0
0x4d7995a75c50384e4037aca34b1f5107a4976d97,1,0
0x4da9c4eebc44a91dd1c91f2e6c0b89f88376f82c,1,0
0x4df69b260228af22832e373d3dd00af09ebeca7e,1,0
0x4e2bd42cc10e8e6081e86b55c9f57e6e9c42524b,1,0
0x4e61a45e16df402a73ddf967644104d9969a6bf2,1,0
0x4e736d46462edaf103b733b58b747fad5d644467,1,0
0x4e8ba6747f20009163e51ff1b5d3edd3ef7c6c90,1,0
0x4e905fdfe44182c3ab8513a005a9fe8513ac0d0b,1,0
0x4ee92460c6dce7be5b91fff0005eae8ea7d27044,1,0
0x4f1beff4109d6fba11c0c572d37b9bb4274a138b,1,0
0x4fc69e1da6d52057e7e5e8d4411ca5d77aab8830,1,0
0x500f1b3d4d5f65770bd6d20fef88a86279811ba8,1,0
0x502c8039f777c1002e97a358ebb4fc15d8d18288,1,0
0x50c516ad3b9720d2fcbda68037050d6ac55eac40,1,0
0x51273e4678aacc5fb5d1c1ce1bc6c6de869c1a22,1,0
0x51f58d4ea357e6e024fa23febdd8e5b2042ddf6f,1,0
0x5261eeaa65c25f1b32509677c94f7f564276d7ba,1,0
0x526d98b28f9e64957ffb0328543ed6c7a03c3c49,1,0
0x529f786b6cc026ce88ee866a0de859283c216e50,1,0
0x52a08b2441c16716753bf3e829c09360c456fbe5,1,0
0x52b5810ae411a513f2649b56d8f85b7fcd09220e,1,0
0x5478f669a3cf9472cf3b75e1b1fd4ab8c568a86b,1,0
0x54a1529d60b384a9383b54a715e17978e0e1d77c,1,0
0x54c5b90c199778740dfaf67cd858f12f94169657,1,0
0x54d070fcc99b5fafc892a3ee42babb981aff758a,1,0
0x54f28be9281497ba74a8f774e5f5f34530dc4484,1,0
0x55f653048cafe1d634328c50aacb1c395e46698a,1,0
0x567744fd5a1f15952c0e31f90ea7c83520679b90,1,0
0x56a66db48564dee5cb7ab7f32da4477273ef27bc,1,0
0x56e1648397d7aff451a73704fc32d8790b3a2945,1,0
0x56fbb7fdb85e156752ba09534a3808cb407c7d4d,1,0
0x57cfe855b6047d8a751c2e92f460293731234ade,1,0
0x57d9f565ee542639e6d3ed2d9018cc581f36846e,1,0
0x58247243618bfb73c8635ccda9aec172a3684d26,1,0
0x58dd97355876affc191454aa4cbf319361a62f51,1,0
0x58ed03d02594782164cc3c38568cff07a07bc217,1,0
0x5912b098dd35419e0f7cc9c2c74a61906af87627,1,0
0x59611bd27e5e21d56008eb05a9fbeff47c84f337,1,0
0x5962c7a1e9eb468c1f95d90c967e8bc78a39c260,1,0
0x5aa200c384ba3675b13646e0d8729709e6671114,1,0
0x5b12e8b2f0673376179170648255724aa34dc680,1,0
0x5b3fe5b83917e301c0b69097ff8f507d1fd1122c,1,0
0x5b4315a68a75927774dab9c51539d0adb4794f1e,1,0
0x5b68f545836991354dd6408d28bde37584bc69eb,1,0
0x5b6de4e00789527570722dd47abd0df1f3af3e7b,1,0
0x5b86c33451448033b044fdde5b86979c602e4bfe,1,0
0x5b8b87331e484afb35138da956aa30be26c1f22f,1,0
0x5bb0435fa8b3b2e1fc62d25dfd0b95bba74b732b,1,0
0x5bb8a50aeb36efd77d1f66ca72bfe7169a2b3980,1,0
0x5be30ae55266fdf57a71401dbc33cb7f720c6aea,1,0
0x5c20ff3e5304c900b5da4284a2f11d74f85e276f,1,0
0x5c295454933ececb26398303bc436ce1023b98b7,1,0
0x5c2fa9933efaba80caec61dd4f82e9db778852fb,1,0
0x5c4dc28e797fbc035383888780e4961d6df1737a,1,0
0x5cc7bce85d687b9e499678e2ef7173aa51ce8a10,1,0
0x5d08d27157f5022605e44817d1eea8858da3e055,1,0
0x5d1984c9deea8f66039c0ed0138dcc100b66ffdc,1,0
0x5dd59feba77d9842a0bcd71f63578fb94dae9768,1,0
0x5ddf30e27482692366b0cd029cca6f7a641241f1,1,0
0x5de04e38c6592d7adc879fcc62b00e894969f996,1,0
0x5e40eac11e2e8ebb312ad35692d1891675007115,1,0
0x5e679faec2cb2fffca09062f58446fd2ea63e395,1,0
0x5efc4d342e04d9cc9631bee71e94be414112e36c,1,0
0x5f0103a64e8ce145a038e414cef953490b0abe73,1,0
0x5f1ec9ec5ca03e50e56d950053701bcf9ca7f92a,1,0
0x5f3bd70f8ad324ec7baa856fea9c74ba8fb56ed6,1,0
0x5f564a34fb5b985bbbafe98d3e494c90e2fd84b4,1,0
0x5f6158a82c4fa54c3fb15266304b10df209c0e23,1,0
0x5fbc9aa6cfb5dfcd7744e1defb22099ef73b5866,1,0
0x5fee7e3e71a748927e2142451eebc889b4a72bb1,1,0
0x6022b9550cb1a27b9e6cd1b9e4301356b889dc1a,1,0
0x60bf9b6395e5582c52dfb9867c286828d2f846b4,1,0
0x60ebf7d7cc96f4bd162b76db8d1dcf17eae38ce2,1,0
0x610947c46170183f64db62d99e4ab88d022246ae,1,0
0x6118a13704ecd561b77fe95c2a2d7ef88cc6ddbf,1,0
0x613e4e2ed624a304f7bee20ce4874213646762a3,1,0
0x61a755071478ef83ad2498b9700b52e37f6db82b,1,0
0x620030f4b17948d5fb6d24f04f90944dad359b7d,1,0
0x626902b74cad96299a0aa1fdc728b73ef3166ba6,1,0
0x62830f7e6de6ca5d84ff0429ad32496b656d19fb,1,0
0x62f40a87466a4865e53c517c083c4137827ee257,1,0
0x63767dcdd9aa30cc74e1f5406559fb4dd2da0b36,1,0
0x645444a363c00d5acb46729a51aa55ff01ad4938,1,0
0x647e6093804060534857d1751d3d31542aed7275,1,0
0x64fc8e64aa7a99d435c85e0ea6ec00d055dd5a25,1,0
0x656b0aacd35712aa614de4f59dfce59eec56c61c,1,0
0x656f03b028cfb417796ce475720ac97fe503b945,1,0
0x65a09aea086e3f2c1b0624476f39c3563c7fbb1d,1,0
0x6675f935cf1a06e6ed123759b82643359011ba24,1,0
0x66a4d2a65324c106f6495bc8505005dfe4da7fe9,1,0
0x66bb682ae3ec5f47a8d73bc83171a4b5dc6bcc07,1,0
0x66f6c60a76fb3b6daf51163236c4b8e68bdc9b94,1,0
0x66f9e6ce4f9e2c4cae8fd9196e01c0d903ef3ec8,1,0
0x6729053de6c2834b0187bd6327920405d3ef46f4,1,0
0x676cf365a00e7134e938fa729daa9ef67fc72131,1,0
0x678446468a710a8dc0d7d13cb537886aa69ae62a,1,0
0x678ef3fc90bec0309314b5b20c29ac2da8400160,1,0
0x67f2620c4b8c2a538e34b93523d02c1f95690374,1,0
0x6869dde30697f0eba87af065d7791226330027b7,1,0
0x68a6dd6783045c9dfd811f86709c6360dd3b09de,1,0
0x68d6128e23c25c9fcb7d1920f7c8d19916ac4d18,1,0
0x68e9542cba05711773e03a63ab5fe2654c089a44,1,0
0x691bb46cd93709dda7b921df6d3b61c4d8ba6480,1,0
0x69ccbee373c00fd100e8e12cace9bb882b0a8f7b,1,0
0x6a00b6fb59809e2515612af627ea0757f622bebd,1,0
0x6ad28cfb274d8061d0bf28e59fe9b5c4c7a17627,1,0
0x6ad9970e111a6babd1e17bb913afc4c6335b339c,1,0
0x6ae23ea4bb3ec33e00fdcadd109e90a3c8c6ae22,1,0
0x6b183ba7a8f0a6890841bbe609390988f6bfff23,1,0
0x6bb3b985ddb1899164aa567e88a82c079b6579ad,1,0
0x6bf02d6bd30916ed1c06aa7c733aece50f66c490,1,0
0x6c69144cf6ecfe3ad94b8eef0e200bace1151e70,1,0
0x6cd032468fb278941582566a5dfc5cc6a7a09a82,1,0
0x6ceac7dce241942a69f033750a743d4b2f49ea80,1,0
0x6d2e5ebae7cbe41fd2fb41a21cad1123f7995c5a,1,0
0x6d57c4f7b0c902c37dc495f173c886d0b5ac9752,1,0
0x6d7d7e0fc0594010aa302fa1a8c18d654e4b4c38,1,0
0x6ead5b1eaddc3f2b72116228f66ca0347962fc87,1,0
0x6eee650606637165a3f42f8267747bbfd4376b45,1,0
0x6f1f41a449623297d829e2b23e5f9019c878d172,1,0
0x6f445f0cd3101b433ef46aed080e9db1f0c05ef7,1,0
0x6f4cacd5ceb27f318124aa21ed414c69b292ae81,1,0
0x6f8ceb284daf956d03dfc8696ceb41cdd234f175,1,0
0x6fc0fbe211f03894937462881c48d19f2d26e8ff,1,0
0x701ee129a45c7e3a6178eb828d2ede32fb57be7a,1,0
0x7065bb6e4df160d59bed7c952130790e8876a2a4,1,0
0x707e0c6e37bb0e9655511d0994eef9bdae8c906c,1,0
0x7087132889650d4e609567829a0945b67b81ae78,1,0
0x70875ac30b86246b29abb7fcffa3ebd0a3ebf84b,1,0
0x70cae72dfa8469460cd0b443de9e6298df3f420d,1,0
0x717262416bee5bd7ee83974ce4d8bcf17f09a117,1,0
0x71b94252bdf4d0fd117da9820c1b840ee8d663d2,1,0
0x71d8a249d60a2c79640d9c3cf3416373e0256293,1,0
0x71ddf9acf07d4b10d6e6318a913f2f9ea4a0353e,1,0
0x7226ebfa9cb3faf1f3747526d6acdcccd062fc03,1,0
0x72c67144ffd9c10376fb4fe6adab8b79bebbbe7e,1,0
0x736a51f06b80726e9790ce397d8a4dd9f3d32515,1,0
0x739a4b3ddefc42c069565d0668bf29fb5bf7e01e,1,0
0x73e21c836c4a0a3f776438a30970f24934c1cef2,1,0
0x73ed491e706e6db7c9d35d8f115aacacce0e3b70,1,0
0x73fb912c092ba5b840bb539d4de1a6acab79fac0,1,0
0x747b8d61cd110cfffd8c6dd5eb2976436fa354f0,1,0
0x756464b971b049868bf68322143d716d08b6bf29,1,0
0x7631440207d223a55c55e41c8f8ee28569f959c6,1,0
0x7652fa2f83c7681b33f397f96d9569d4add38270,1,0
0x767695c7c413e0d73bcd5b817b01a2d6ef511736,1,0
0x76b84ca637c37d28521b8a7a8f93e14cafe4a755,1,0
0x7744268236b5ea409e3a4d76ae0ffc66185926a0,1,0
0x77fdef6a5179b27c21426bd11f2ea7fcd4c8406f,1,0
0x78a14fdcb6381f0c89809f26b80a42a30d88623a,1,0
0x79046b6c7022024870e8b41f49a2d532a48e91ae,1,0
0x7914d8f0f3ad213e8ad1d7916f73b0b8aa071624,1,0
0x79318d2a32f6405124ca97ec3618992758183f00,1,0
0x794bdc63454f6ab96090be76e75e102ef268bd4f,1,0
0x797f392d21e9fd0710cedd5298bb19cc4390a4c4,1,0
0x79a60015635c57e9622e7a8519dd3f984bfc658a,1,0
0x7a4fd7644b7259a3886a6480f148f3a2f76ba7f8,1,0
0x7a6d03f84cb018a8555d4da4ee61b02413367803,1,0
0x7a936a6a4f3e77b91be70e5c34cc9a13066b4343,1,0
0x7ae18c248f8fb05e6b2f77831c5cdf807a535a5f,1,0
0x7afef3edd0e9221b8221e307c8d403babf316389,1,0
0x7b4b7ed62b23846ceafa9ca3f0925e6b9555a8df,1,0
0x7bf37622cb9ad79270abeba417d0b0481eee7e21,1,0
0x7c0e7a5d8b69ba50a3bd0427e562e002ef060cd1,1,0
0x7c29b11325d8d46e96efc1c270c243e3038ee2e7,1,0
0x7c53d458f1186730c056f1275250fa4fc1253da6,1,0
0x7c63ba32c1a367f7708f1f90011d5fecc18d1101,1,0
0x7c9819d46b6be7303b49b6b6db7f70e847d90d9b,1,0
0x7cbfcdb2c24723fedc6cb318e7bf69dabe00794d,1,0
0x7ce8b6f479c9c8d75c815c91b9acb1c3ace54906,1,0
0x7d0cae2df68c8a69acb853cd5aa530a91a3dc56a,1,0
0x7d6ef2887f795210fdb4df7eddbd35d08c7450e0,1,0
0x7d714810106960a0fc275d007b6d73dc6c3d15b9,1,0
0x7e688bd1db86d833b645ea45d8d543e58f87b1df,1,0
0x7ec69080a88a42f4b0753cb0c806c70c99c1b365,1,0
0x7ed9b5a8b4013afcfeb3065be4ad2344dbddccdf,1,0
0x7edb497fab70d1fe96c01ad272c4d90cd6545b8f,1,0
0x7f2ce0b4991b5d345a3e8d1fd75318c1ddbe8d6d,1,0
0x8009bf2f9cd0911d2c4d08ec9ff8cae41e97359a,1,0
0x8056a51e6b3af207c223f432f620d39f3918cc21,1,0
0x806a85871d14d20aca63e587380baa62b9360d13,1,0
0x81360fb7e99352246f96ff7a50115ce852e7934f,1,0
0x813e372eb82008b31503027aaacddbd5bd228f89,1,0
0x81bfb0740d7e70611d67a8a98f6b4287a9221e78,1,0
0x81f10d99464d604ea1e9242dc71733a506e95b4e,1,0
0x8214d8b890f8016b7a4b125fc4a7c58b9c1d6ff4,1,0
0x828faa0f650ad786d3ba7aaa071597d3de4c68b9,1,0
0x829a9dbba3f258b45a1714e303d6b8697bd4ceba,1,0
0x8342ce0375cb9d9a46ee6256ef21f3f9a36396b9,1,0
0x83671f6682ee8f55df2ed1ea78ac10a4398ab9d5,1,0
0x83e047ae4acc0566be52e012d8273eb9d522ba33,1,0
0x845a7478403ef16b9ad68ff54448e9748143cb6a,1,0
0x84cc303c791c41088f207693bb43ab75c0f601e5,1,0
0x850e1ac4142ecfb5d3b271f7059cff48fbd57f43,1,0
0x850ffe453d4c6689b7932b405bf6cd435456ce77,1,0
0x851230d49e11b2ea1f878e9c21d3a0c622236787,1,0
0x85312aaa5e7c35535379e52a2e6362f0da153297,1,0
0x86515e78e4300f46af86d9b204170d51aee6ad91,1,0
0x867dbf4ba263d47276c1966a410c5a6a0315048d,1,0
0x86db2ce307ef5449bc820b0493cf7a6a865f0771,1,0
0x873de45cb8453144a8bc76c2916dd9c52a9bdb34,1,0
0x87acdc012f29d5ba0fe96187294086a5c113212b,1,0
0x88111883a3ce38927f829bdbd18ad82504b1af10,1,0
0x88483f6ac6a29d6314fada20881af919a13f6a9b,1,0
0x88fa79f387fe8210a2a386004c76ab5da2e24088,1,0
0x8903d75bcae14ddf29a6f080f83aa66d45b730a8,1,0
0x897089db1353b871efdbd3107b2e6369f662d712,1,0
0x89757f7d6e3ccd2226647cd619e22eb86a88b5c9,1,0
0x89df50822555c513bb45d51bbfdc617f685ae2c2,1,0
0x8a8ec1b4417edec4f4a7b8ce31f2b0e1fa00c24e,1,0
0x8ae027585a8f0fcfb9dd1fc5f9591cf83386ecb8,1,0
0x8af5c44678ca19803d99751520a99ffcb8352543,1,0
0x8b66acf19dcedd05a6ed38bb0835b60baf27c3db,1,0
0x8bd747f044aaa2de4f090b9dcb16c0bfdf333b96,1,0
0x8bdec53cf82238464419d1976cc66d5b8b69828f,1,0
0x8c7a64a8b3fdf64e7dcd4a44611e8edb4214f27f,1,0
0x8ce1b83028c9111c2797ce30fe434472e189bbd9,1,0
0x8ce7fbd006b45db66b6e71db72f9247294c558c3,1,0
0x8d3fcf0fd9fb1c21eaec09b7f19f6003f2d344f1,1,0
0x8d5b104975311c38167020967db158d2a7281cef,1,0
0x8d776f896ec442a813dc7d2032c75334043e4e26,1,0
0x8f9127cacaf2727004b47b81ea7f77fd75294a8f,1,0
0x8fc8add6bc0c6cf8698b549f043ce25cda115f26,1,0
0x8fd251cdf35c7877b45bc4817c89fbfc5c81e3c0,1,0
0x8fde8b0a4e534b04612120fceafc82fe06bfa39a,1,0
0x913050889c8b600d61ebcc2875080a9703fb6337,1,0
0x918b5f647ce20624cfea38b1c06bd108c4bbed05,1,0
0x91926c34415ccfd70b5c1a11016830f3ce08234f,1,0
0x92014509697903c668e4ca81a85c2038cc2b64b4,1,0
0x92616db33b534e8f2c5281396cb9c1dd88470365,1,0
0x927b4a3f7408f378bcf70b096aeedc97f5cd9df7,1,0
0x927edb11d2f609b4d9c5852cec63ad525c685358,1,0
0x92c28198f6e00911c1642e350814cd53262760f4,1,0
0x92e15be89b86f34020c5edc3578bad82d284b595,1,0
0x93025da6baf8c3dbcd1f83d93a5cd8a739c24bc4,1,0
0x935b1a0d3202eecf74c3e2614743a08fed8c06a2,1,0
0x936383548e7d64f3e83432905a99e8bebaa533ce,1,0
0x93b5c7e577fc94321659ef5ade6718c1cbb9b01c,1,0
0x93f750191d0f4c6595af6ab64f48030d836627ee,1,0
0x942adb69be217922af0e3d946f4aed3fcc0ae157,1,0
0x9489c5bdfc224d9e9b7f0967312e93c32dbb10d0,1,0
0x948af66f3ceae5f2b4dee03d4213f946e580f1e0,1,0
0x949c0066d5cf2206a6a7c8727b0f0b7771e51c96,1,0
0x94a6025fe1240fed0f0f0144e8d4e214e2ef893e,1,0
0x94c9e30475b524987bb19e21f43e9f7463f985d3,1,0
0x950d74d893df6068abe2ed2cd8e9030425a1031a,1,0
0x953063638aea9a271759861af2c35bddc88c17ae,1,0
0x95888496c439f2978ba0a2c09dd3e3f97f583afc,1,0
0x962f383ebfcb85831e46a7fadd4485dfdc5c045a,1,0
0x9669fb43e08fd2afefdeac4b205cf40e61deb7b7,1,0
0x9680c2c3050d45cbd2f47f988d0290588dc89791,1,0
0x969e89649066d1dd0ab21cd1cdde8f2a0595490e,1,0
0x96b235aaa8f4318261e95ba83f6defca6dd37f6c,1,0
0x971dd94561d75a8a4389bd6360535949abe17698,1,0
0x971f6fae7a0427aecb3bca14782f55ebaae6dad0,1,0
0x9735e408133e43c52edd3cc0136adf485858b830,1,0
0x978058de0897ecec407107415a6fea5562407fa0,1,0
0x97a6d010f35962f6f448c1b3f453a71dccb60f1f,1,0
0x97bd3196fbe6032ce03d4d5520389b9131d1d7a1,1,0
0x98c81933673745d1844b9bb987b50413dca9cc66,1,0
0x98e3057cc2d7558e0cb8608b986da30e831c4fdf,1,0
0x99d20d52838ab39269cd7878718d4f062d1a22ff,1,0
0x99d84fe94f93a82c806f05c6bf59f6b1f7fd28dd,1,0
0x9a018e5dfbbf40f6102ac0d707f8b68166bd5685,1,0
0x9a7b516585f2438f662f811bff86e95c52a31816,1,0
0x9aa6fdd648b7e387c524ca41f9d2a244f47e084b,1,0
0x9b48907574a48dfbf555ef2462fc6e17cbc37c17,1,0
0x9b9d813768a507003c5dde12fef9f065d58dfa1f,1,0
0x9bc5feca165d5be3b15fddb043bca6752ff9f4d3,1,0
0x9bf58996624c098bff153e3b90301efc54ccb2ed,1,0
0x9c122488dca7b576c5c844b8c5237950b4458bfc,1,0
0x9c81b6503919a5a9cd99cd084ea1e4c3d663c7ac,1,0
0x9cb8c6a36d082374ef7112093893319949e05fd0,1,0
0x9cd68f9ff145221d3d8f15d660fe5e9482b79a87,1,0
0x9d59244be28d0257eb081c94fb9369321dbcaeb4,1,0
0x9d9d32b5515b04e77a63de159da07ce218e0a12e,1,0
0x9e038560d1a002490d32fc0d68be5f4a9c75f858,1,0
0x9e614be0349cb81bea9af1bbaede2ca06e8cbb66,1,0
0x9e73d79c55dedc3687ff3e271f0dcfe1fa05ef67,1,0
0x9eab4d853fb8e81a41cf62bfb9a70ebbe0520f02,1,0
0x9f14e1c7f42fa4c2fcf3f34cdfab8f6c893eb340,1,0
0x9f1dafe36786701b22caefc3dab70dd8ab8082d8,1,0
0x9f4f2534821eabbb31d6a718e6251671f4f23973,1,0
0x9f712bc590d030afefb71a8b4682bf7fbbae8b55,1,0
0x9fec38489dbef60331053795a82531afd60e7bdf,1,0
0xa01e8b200bb96e9fa246bc66f6b4fdf54089735b,1,0
0xa024fd0c004a12e98431b0361afe12bb61871738,1,0
0xa02b02f67fd45784f37ac6375b882d585a892722,1,0
0xa060538cb7f29e69e69305050bab6775338127f7,1,0
0xa07e6426639e2ad76b66278c768215edf81dba6e,1,0
0xa0c2cec83d3c3148a28959db90d5927958594ac6,1,0
0xa0da72d83fe53a2d4d84941f67419c0e70f4d95d,1,0
0xa0f0756e2a283ac834d77aec9de1dfacb9a5985d,1,0
0xa12acabfa8d5cc48a27838cbb16a6c07229fb1e5,1,0
0xa14061a857fab9d579bb0742f0d402192da63979,1,0
0xa1a4334ca555e9785b6c6642be9ab3f36e2b3475,1,0
0xa1be35c56ff3ddc681496dc45855b3c942575a0b,1,0
0xa1e35ccc60db75497b98c575e81594f83f850ab4,1,0
0xa22567f3f7cc10b413309506e7db9ada59422d31,1,0
0xa233e073d88c82158d944c196f2189fd4b6870aa,1,0
0xa2498cc7ee9d825349e463e84bdb9714d08c45ad,1,0
0xa254c39d75c7788e61854d1185db85fd32658dc9,1,0
0xa303d614d7aa577760b25a2ae78b65103611ff12,1,0
0xa3e092f8b5c86a83a463c1a68710b99dc953ea9e,1,0
0xa3e99d3f442f77d9a8f0c6d279152707e7abda5b,1,0
0xa3efc6fb6b56e41dcdbdc62687608d82d42f49f7,1,0
0xa40206d7890ed78c434d7e662e990fbe89216706,1,0
0xa4936c1f255280d1a0516bf5d0df8d4dc1fba7b6,1,0
0xa5e4e50aa844ea48253b38ee993f9a52a2887eb5,1,0
0xa672a5a997c00152c00fbcaf333380e07bb893cc,1,0
0xa7170ec47114d395b1ca46e74e13e151ee297ba1,1,0
0xa76e9d45fe8e4ab7f9172adef1ede3a7e13917f4,1,0
0xa7c2e90aeddcdffc9c8aa951355b12c323defc44,1,0
0xa7ce58492e72621bb8ad44e5a85150ac6adb0678,1,0
0xa8d03658dbb00c71ac9aa347e933301f02ebfaa7,1,0
0xa8d4555b869e5bf7c0e779e6a8383fa49249872d,1,0
0xa91cd0061e66587a15b7876a82fc67202231b818,1,0
0xa950fff6cc84675bcfa5d8905f5fa6620431088e,1,0
0xaa215dd888ff90774ee577068f6195385aeb4da0,1,0
0xaa705948664389893078e9d69bf90ebc399cd237,1,0
0xab014ad2f7580cf9ea441932910ad9d9bf20b136,1,0
0xab15aabc986de6eb29f3efeb7cc911c966d37755,1,0
0xab17a4d36cf851b66a52f47eaed028642d4ae6bf,1,0
0xab20e4bdd82bb7b63b3921b0ffc6d3b30ae79fcf,1,0
0xabe4d6778ad2dde953636a7cac105bf37c35416b,1,0
0xac5c4d86a9a37e8d77730e1ac86a62d02dbd8bd8,1,0
0xacd2ac03ad7e0c89103083be640d911ed076d53e,1,0
0xad1329080628d717d8fe440dba12c364c0cc6c91,1,0
0xad33b1e59b07e3dc52fbbc8a1821598296ee7894,1,0
0xadbd893405d42ce6172e81fe18b1c0064eacf122,1,0
0xadc1858c588c5f3d6f9e2576b2364fb60c0933b4,1,0
0xadde0bd081b435bd90ad4da1515c86146a1e65cd,1,0
0xae4db8933bc129d67ddfbe801c7f8306f58388f4,1,0
0xaee75712870746e700782294c793773b56e1103a,1,0
0xb0b5c94e324e7970d1ce2917ab5f756e73eb8ddd,1,0
0xb13f625c5781a62788e9dfafdc917449a40c3420,1,0
0xb17231b64c1cb5935df15a33d4a13a019e063735,1,0
0xb1ae0c97cdd9b0d5018a0740bffb07edff77c968,1,0
0xb222626e4e0783aa5095ee28e6cd4f7ff3398e76,1,0
0xb27692ab696f8ca3fc79e0616806ea2c99c37d83,1,0
0xb2d3fddce0d7734d9add268e1addb25de8bf1c48,1,0
0xb2d7f194298e72f28fcf90964aa3cb98207abdd0,1,0
0xb2e1365a043830ad61afd34ad35a5c1124c5f2c9,1,0
0xb2f9b85b8ad7e2ba37c076501b03b842c1409878,1,0
0xb34349eef79c833c8b6314a3c8318b4dd74c101d,1,0
0xb390785da4de8f6bf1e9ac6ae30e24c3b88bcbb6,1,0
0xb41b06a92d2a37a86eb741d5c531c9f667786d5b,1,0
0xb42768bd9e585920176d4c806c8d85b0b4d4a3a8,1,0
0xb453b9c6963f79627bff772912f09dfc40f51f3d,1,0
0xb47ebd2b4b534db35ffd0205c4050c5734e8ae36,1,0
0xb5006cf67dc8883037617657032a93b4cf238fa2,1,0
0xb533153fce970075a830ea12251fc602448f851b,1,0
0xb6a5fed504df5c3a61b5bf83fb01e5eb1a7f3dbc,1,0
0xb71aaef3aaf3b25d1c4e5da1f3b9916f0545fd85,1,0
0xb72b20ea6a59508840ad772a089dc2bed8ac9078,1,0
0xb7396d65ac352471dbbeffc94baf8ef3a7251a6b,1,0
0xb7789b2f17fb004acb451b4a0adbc5f17ce913d5,1,0
0xb78aa93f75030675c79e12611241745c3701db20,1,0
0xb8732071ee124deee82a2d64a6665b722769d51e,1,0
0xb90e5455bbb7e0a4e6c82e2cdfde0f241aac491c,1,0
0xb964cdd293993af60cd67c3780ac3038581cccac,1,0
0xba01a3edf3d250bcb764f2cbb195f11747c63fe3,1,0
0xba314c68984b94c90531c031a4caf9afa3148010,1,0
0xbab948e2087f86187b0e9522eb1e090eb7a60ef3,1,0
0xbacd1ab20668c343fba19a004e16d2d80f4f932e,1,0
0xbb20bf40b72b7721dac1045aa0d51ab5b29e0793,1,0
0xbb2b85a3626de39a30d67780bf037ce3c41c08bf,1,0
0xbb2c1cd1509e28170168e1d47ba116c654d44852,1,0
0xbc525c94d5edd2aba3d5fbf64b5039e795b8d00f,1,0
0xbc98dcca2bb06245ef32e7b041bd36b32767fdfc,1,0
0xbcb9351fdc3c51b6999e2c6ebd52ff61922d8cd9,1,0
0xbd0f43868181d1c399fc7405fbc46725b2f7ab17,1,0
0xbd67fae48fa1fec615dba16bb727aa94fa347a25,1,0
0xbdc669008b2e5a9056af5de810bb76fb12b3e499,1,0
0xbdc87c5270058b74552f0ea3b1ef4013b5449081,1,0
0xbe3f02875ca54ff5c62c4ad05af9ec33b7523eeb,1,0
0xbe6a5c5fa47aeafba9fd8dfe3f989cdc0f89de9f,1,0
0xbea51908f7c3c6cae03a3724ad43f8d03399b876,1,0
0xbefc10a874f8b45c3a91ab01d67aa9adbb06b923,1,0
0xbf4afc1b4c81286eef14f9e0fa41db5516ae94ce,1,0
0xbf7afb3d3df3f10ee919d1cc99720cbc0a045221,1,0
0xc08687b0d485d769c9e173c221f3404e0f7f9760,1,0
0xc0b4841e4a09c4462570ffecd32b22f48c47fa47,1,0
0xc0ca54ccf497dc1219ab8a9e62c8ae0d72f7d9e7,1,0
0xc1ac1e7ca86ba2110f569a3c2501787e0642aa74,1,0
0xc20a7c6b9b6ea4d06c6a01ece9efcd1d51fe177d,1,0
0xc25687cf9c5fdcad9ca418c9be09540b11d2ef46,1,0
0xc2812325cad4c4c782cbbc1164e9373371d31db2,1,0
0xc3071e6e19907f7238174bafac20c5b5e34c81f1,1,0
0xc343b65ec11dfb5dbe0f1d3af4b1a201fbe7de9b,1,0
0xc3ab2c2eb604f159c842d9cadabba2d6254c43d5,1,0
0xc5013e29a6a76eb0b0d2b0ceac8e1e3c5053a121,1,0
0xc50e99126940f1b9e78e1a6e17dad4cabcf8ce8c,1,0
0xc5155f8fb34319e1cbc592fc2bea7832cfee6aac,1,0
0xc52ea157a7fb3e25a069d47df0428ac70cd656b1,1,0
0xc5401e5e45cbcf64e2de358067243910f39a5f47,1,0
0xc55b8da10e52e9f7bf464f4c85a59f686dd7d772,1,0
0xc5764322968e0471770429df2e56d21ba36dd182,1,0
0xc5bbd077a8bce8a0e0ba13053139fc1b1adb8b55,1,0
0xc6f3c61bb337e3470f81c881aa3516c4ad7eddd5,1,0
0xc6fdc7156cdfd4f487f62b9438b0ab634d2165de,1,0
0xc725e4c3d29c31152c5df27ec778d0359681e156,1,0
0xc7aa54c4b71f8e71f36e9f73af45e82814138764,1,0
0xc7d8adc8a112c0d554da6ba95c6048e884191050,1,0
0xc7e04cc69d97910eb38073655f4c2fbde89e5b67,1,0
0xc81e135eff5e125751f5f4f7bb0c95f62bb92896,1,0
0xc836029299a295e722ce03f3fa7f393360bb8910,1,0
0xc8380010475ed1fa3ecd79d7384d7181f6e4091a,1,0
0xc997da5e34f8b692fa79f9bfa8f0d1e94c2054ad,1,0
0xca4085ca1c6c87e370864a0db0f8924c94bfac27,1,0
0xca60f3487a31e7be52e4440260e643ebccb28b5b,1,0
0xcb04843cb6a230884739b103819845ed8f0174fc,1,0
0xcbc924183bc32d02746fa8d38843b5ce08662eb4,1,0
0xcbd568cb62285bb7fb74b58abab6ed114c71b6f1,1,0
0xcbe96b50bbfee0652a95a3fa97c08eaad6383633,1,0
0xccdbd456616b2d46b8078e939a4162b2210c26c9,1,0
0xccfe5b6b93f60d2834c75a75f13b862a85c5ecc3,1,0
0xcd5fd906ce5bc4a79d983bd3151c2a9147eb19e7,1,0
0xcdf0fb143cf3d43cfe8972da079d007ae3f88f65,1,0
0xce567342549d149e71cfce924303af0e366c3c0c,1,0
0xce60ef89f740a87039f3490a783dd6dc2f581e5b,1,0
0xcf3564751923c911f79597e3150db464e150d661,1,0
0xcf76a2d9ace648245a320c36da98a4ebfd56109a,1,0
0xcfb6a4556227685d4c0399d75da2e12550717533,1,0
0xcfc26e6aed9bbb46af38d6f60f60db3bfe2a5544,1,0
0xd030c8cfa324ddaff9d38000f1e8a28e1d53d354,1,0
0xd05398e0c3ab0c34cb4ba1af643212791b1aa449,1,0
0xd0e18b178ed14f2ced650653582610e0f3fd7e2f,1,0
0xd0f065a4792119ce48d889952fd1e5224e8857b7,1,0
0xd0f95af499475e56f9ebd1f7a58cc7b18d9cd410,1,0
0xd11538812f51384f483dfc3563ab7f2dfd644a6c,1,0
0xd1cd16e06006c91309d47e3dc1da8ce860e9878c,1,0
0xd3f943a58556a6fbcbc43c4412e5fea93fe616dd,1,0
0xd43d3a87562c96e0397f15a4de9bee8012bd5bd3,1,0
0xd453bbfabcdb562b12dcc2b74d4a722b1bd03cd4,1,0
0xd48793ea781c3d46df5cc0a423cc7425f04f2128,1,0
0xd54da03af0fd56f57820f94f4245f51ed349493f,1,0
0xd57dcb52b93dfd5133084779a4cbc57cbb9b6c32,1,0
0xd5d74a57e0e633ecfa671a47c059f07d856ff766,1,0
0xd627675cfa739a63e818f1c70f99431d3088f6c6,1,0
0xd68c818faea6a6b11f01291e52890f5699cf5b1d,1,0
0xd74e4ef1b2ed751162bb6ce4ae35978af4003553,1,0
0xd7af4277ae5ccae64aa5bf1911a90e02fc90503e,1,0
0xd7f187b8da334edac963f12fe3fc4c3612582545,1,0
0xd8b1cc11c258481709719ceafdc08c5fa4c3c652,1,0
0xd93fb2c3dd884e83ac93bb9c2932cb958d9d3ae0,1,0
0xd94792c3eebeff533aa6406ef4d10198b7318e37,1,0
0xd9b102f70cc6133c2416c6b48234eb19ffc1df3c,1,0
0xd9d1c77faf926e115d42e50839aa59cb451e633f,1,0
0xda56c728b2d8e64d85b6a58a1d05aa7897a95ad1,1,0
0xdb3d0dfa0832658eddb7850f0eeabb999bd1f8b4,1,0
0xdb61695ea306a8a3046ffdc12fe681bd5e0ca6c3,1,0
0xdc1540a9c1e113f2ab1270f9bbf1337670b28f8c,1,0
0xdc39135f3bfb028222902c2e7c0c9b950bb57641,1,0
0xdc56593d218b5d5abea0a10a351f38d27112e9a2,1,0
0xdcb5acd9940fdcc528b133b136671a41ac7f9b40,1,0
0xdd8f2ac1c0ed45f1ac78e0f098f711ed1ff80479,1,0
0xdda88e9e0a7a819c8ad989b9113d2a57c78e276e,1,0
0xdddd764cb5b0662d0d1c7cc4689c0e1a437b9b8e,1,0
0xde3578c6411c6c44e90bdb4db4d6ee2ce631c35a,1,0
0xde527bad820124e5ecfe4d1ddce3d67a9473604e,1,0
0xde61cf9793e3bc808bdc9c0189f3e5306720b142,1,0
0xdebc352684b30fb699fa234b30b060ee96122145,1,0
0xdf5943397271e782fd88f06a23c721e5c1729130,1,0
0xdf6159aca77e89fb6ff28efd11e4401e765237d0,1,0
0xdfc2aa7816e614b07301524edba04364ea145ac1,1,0
0xe07867de534301bc3743ec4c8773ce8e6554689e,1,0
0xe0f08770abcf136e07fd9b805df395905752d24d,1,0
0xe1e11fe5feb7277d46bdfcc79fffcb6ff258349e,1,0
0xe225a5ca6deb3e62afd3d7b4ff9e98e2b2823c63,1,0
0xe23227829acd86c0928419da6eb13edca0628cd3,1,0
0xe3124d58eadd9a8eca4de577739ca016a78e4c40,1,0
0xe31f32d1ebe71b7b5e4e768c1d7dda3a4638a385,1,0
0xe39acd238f5e1e534680c5e743894788fc3b5802,1,0
0xe3bf347972f6bdfd0fc6771e104a50144b400e7b,1,0
0xe401d18f6f835c12ca54e54a2f16a802b651eaa7,1,0
0xe490c1bf148ea92ec4a4132b567fe5e9ecd8b689,1,0
0xe521ab543c8fc7aa264e3d95f98a02ed6cfc92ef,1,0
0xe550ff4c89712409f9d70d0a5cc434a145237881,1,0
0xe580bb105b069b7b0e05a966195e48955b71eec5,1,0
0xe6f6df21bf6e07c350e2599a4729c72e459cb438,1,0
0xe6fa8aa31de25e35ed488ac35dbccb5479b319f4,1,0
0xe73da747e5ad1de3e53f0cea2d0ed79281c7812d,1,0
0xe73da986d7c8f1c1a7545373edb40f736cd24299,1,0
0xe756917c45d96f4fb412060a04d82120b8bd4764,1,0
0xe825a41a835bfd4082429771aeb235fbc875e363,1,0
0xe8396f70552811e7f32718594db83c520aa2c0ef,1,0
0xe83fc02823916dc74889e31d262880915f891ac4,1,0
0xe879205fba1754e4c50e5237d5fcdd9411b3445d,1,0
0xe8a204e487a026c353cb1438c8d43aaf1e47d644,1,0
0xe991c733b74ac6eabc06ed50a7ffb2be5b221874,1,0
0xe9a616f65883feda4ad04ed8b6e219a40b14c6b0,1,0
0xea70986800a5267df842c5f902a579dd96ca8801,1,0
0xeb099d2fb756498f54eae5f419cc7925ab509cef,1,0
0xeb256fe71ed492dc4d03ea0b9152d3997bb83c58,1,0
0xeb28de0c0649becc1c7ac47255c9eaa80cca11d6,1,0
0xebaff9320785d9e6d9180f0018d6b4d3b41e58a2,1,0
0xebc48a7f1e9ba3618801bc4fd64f51ffefbbe2cc,1,0
0xec00738b2c1d27579aa60da1d84fd422edc130b7,1,0
0xec0d8c6690f64822b09ee77b84a7745ac578d627,1,0
0xec1f3fe7b72982b1f3e7b34eeddc4a63e65dbc28,1,0
0xec30630b495fa07e123aaeafac9ee6ffe68288c7,1,0
0xec960c454c118143e9434b6ab62b8269dcd9dbca,1,0
0xece2ba16a0ca178509a0d9b877f3adf1462c6f0e,1,0
0xed34764920c9e5e95f92dc9aaac69c6c253467d3,1,0
0xee2502627fecbb7132a6ca4ba8936a7e5f2e43f8,1,0
0xee34877eb0c3180ec7251be67819e85dfd932b44,1,0
0xef1d65716bac1cb8134400d72e4e6eb5bc25df6d,1,0
0xef3c0949f852875d3cb671bc01eaaa67c89fae25,1,0
0xef41421593f0211154665670ffb925c63243c3c6,1,0
0xef43097e2b48c94bbef3dadb875429d907b46476,1,0
0xef530dba0c0bf455838275e0040102e631901057,1,0
0xef685e9b65b8340043674a39230f5947c58bf2a5,1,0
0xefb3d87346ac7804131809cae090545f31b044b6,1,0
0xefb8b883b0ee5aae4dd88da4d1fb2adaaf89fc3d,1,0
0xeff92d36d16f4f7cf0d81fefecb701a42611b38c,1,0
0xf0c7f6a7b97a5fc882397ebb202b81ade01414cc,1,0
0xf1855e8185a98b5ad57bdfe18aef2665841e1f04,1,0
0xf217ed87b5ea44decdf1c2201cea55614570f5a2,1,0
0xf21a5102cf8e4cafc0187bde1b5b8ec228900077,1,0
0xf32ca16fd1b384ce121bdd9302ddc3bbbe028831,1,0
0xf394b8a7cf730f50681d77eedd34dd300ab7f883,1,0
0xf3b4bc41999c7c1c746753e92dae912d7e58fc3d,1,0
0xf3c3f9f60bd25144738be81da0d8ec709d6c997c,1,0
0xf3f1a4da946805fa6fb05f3e6686fd0e5def778b,1,0
0xf440465b51981f4e7a80dfe45aa6a3381e7be476,1,0
0xf465d9898710d2c0f719653d365ad52d3128d580,1,0
0xf4ccf70c77b6507d149a79df883c367f0d8b10fa,1,0
0xf505e3093edd6a42095bdbf635a27ce812f6e61c,1,0
0xf614238244885dac5c31afd4511929447cf4657f,1,0
0xf63c6250af7cf1ed68a8446a623448e2bfd7515b,1,0
0xf63c6600af8071796414ae59be31323294dd878d,1,0
0xf6512895b3098a6ba3c48d468624ae1e35a304d5,1,0
0xf663532633d1ab40999a7ab9ac4be4a93b88cfcf,1,0
0xf6715c481d699716137502dc2049dc63eb44bc72,1,0
0xf7079efe4dd117249c818016d9b9ef0d817a122d,1,0
0xf70edf8ae24a5a63408f14527b5e6b6e4c6ca024,1,0
0xf764ea4f076d6540fa6e1d51360da78cc1d9e031,1,0
0xf79bac4615fe8631685749ca6b7ba22ba8c16a90,1,0
0xf7a51d44e985e2a4ab073b2eafc0f55775976e90,1,0
0xf7c9bdf4d9e4a3e8dd967e076626decb43df4432,1,0
0xf809c21d0f8c37a9426100277c038a87fbbbf4b0,1,0
0xf8c83e9f9bbc45cc51a96d9199f4d834598f20bc,1,0
0xf961d7a9bbf4b62d9b59f4eb706ebad5971cdf75,1,0
0xf9889595ffc8b90c82c10ae973dcd5184912d00b,1,0
0xfa17a9effd2a898fb912c06c2b6fb50e304b32f4,1,0
0xfa62a429e5a261abd9b23f6a9830f32f133aa1ab,1,0
0xfa72e45e496c2e295972f4e36ef6ac49af994909,1,0
0xfa8deeb3e47674468f74f65c3a015c8a5b6eeb99,1,0
0xfab6ea1a5fad3bb39a5ce5832100a98ee957c287,1,0
0xfbdd25d992095ec63e2ca2b439ea1bcfbb5cf9c8,1,0
0xfc3114cc94c1b67e909b2fec3d17ee2dab517cd1,1,0
0xfc3ec895e883deee7798f1c55c50ed186222f184,1,0
0xfc47f4b832c24fd091f77cea773df9ba5ea8bb9a,1,0
0xfc7ae40161ca7432b632cb430ceebbd7743eed96,1,0
0xfd1fd3d70e5854465939982001cb278c11c10b9f,1,0
0xfd2c2385dae2c5435ac7ca8f7c19e983fbe84c69,1,0
0xfe4cdf8174bb051c64aa1643403daab7787a7552,1,0
0xfea748b22182b85716a9e10c7b2c15166a9683fe,1,0
0xfed16db470006e565256ca82eea6e3e3837bb312,1,0
0xfef75b27d4ae3d5228bcc2912f9cdceafe5f82e3,1,0
0xff57985a7e151415f8413d6a929aa2ca3ea9fac4,1,0
0xffb3c9dc4bf44328891be69d676cfb386b92cf37,1,0
0xffdd3ea57508c9ac84595b63150d99ce616feae0,1,0
0x000dbf2733da51135c1b21c8ef71a3d474383f0d,1,0
0x0015f91e93996d7e5979bf32391a8be59aadd606,1,0
0x0019545c100c3441c4e9d40f24478fbffa53fd8a,1,0
0x009d4b557f2fd08ecc6aa0064411cf4857239833,1,0
0x014fb9fea70df0c01896568c623a82fb16b6302d,1,0
0x01ad645cafd1a53f84650f165998e0a394eebf1e,1,0
0x01e77f2c9490150ae0cde24c1b156cb5124d69dd,1,0
0x01f24cf4693da3332085ecf8806975082bd478a3,1,0
0x01fce0577c232ca160af472f402722e5310f8562,1,0
0x0227f882c6a82e93b1320f5c0f691a47fe6c1dec,1,0
0x0243fca66128155b0bf1f30dc71798ed0339875e,1,0
0x02640562036ab668079fd5be8a6ebd212515a7ca,1,0
0x026ef8fffd675f773c5d8cbec2bea5c5a254cba6,1,0
0x02bdc2baba94d69a48907a3cb9b703824f9f7764,1,0
0x02cf5aef4a6c87f89d644b11cc37ea05a3047d27,1,0
0x034979e289f0387f55bcde7189a2081ff3fe3941,1,0
0x0469d487358fed83e13b5f9a0801d0b912f1a0fb,1,0
0x04882bbf4d160235277dc2018b34a30dabda818c,1,0
0x051d27462131f10203768fa8e099ff3b580026d2,1,0
0x05ba2b3affb1ef91dab9c7f161365d5acdb50b9d,1,0
0x05c7b38f6920a14e012826c238eae14e8c7ee3f4,1,0
0x05c7bed177d0ea7ec4473ad69bce283532f57302,1,0
0x0673962924875bd4cbd2e0b22ed63c85cecac2e4,1,0
0x068eb1e5ff9bfa30ca41c75e22cd4774965f4db8,1,0
0x0693a2cab273c2ce99f36b7ab88502e90c9f91fb,1,0
0x06964566d2a1e0b2885d2ab9f526343c8121a5ad,1,0
0x06b1442e6f4c71d7e3a3a881c8589a951cb1830c,1,0
0x06f1e6bce15002d9e4c91bf5043e3abbecbd476c,1,0
0x077eb9874285d24813bc10e18f54ae3337b6fa29,1,0
0x07b75a3fc2fc7e9a1f5f36bb52887884bc27cac1,1,0
0x07d1f55c34765eb3a611988bca7dabcbaaab37de,1,0
0x081c3d16f7bd8226961aee8d8be170bbe181cb53,1,0
0x0888d793b662e2c7b7bcf1b1596c5a701d07d8bd,1,0
0x088b76419cd0855341919cf7d7e5b23aa455b805,1,0
0x08b35d6cffff52e3d619140ad88ed43d9c6e66d8,1,0
0x09774238fd4a4569b9319743a80e95f18f41e4e1,1,0
0x097a79f93d18d551a7dda6450ae9e13fc4c4e4c8,1,0
0x09f83d4a47065284a92fe32864ba3177b685adb8,1,0
0x0a153c944b9c7727c16de5345f71ca40073fc102,1,0
0x0a4b28017cbb83f272c0c22e80298afba910ec6d,1,0
0x0aac8ef347c869fb7aa295674f44c1a9e54bcd0e,1,0
0x0b6490009fe40dad3fb9aa2ff96b1547ce2150ab,1,0
0x0bb114160e1998199b0dbbcfb1e035915958213e,1,0
0x0bc70cf6326c41d793f9498e0d5f615e258a1cb4,1,0
0x0c38bd2a18c3a262b1c8f7f921adab416e090f87,1,0
0x0c4d8f2dd1dd3ef7b091c68c048a5b63057873df,1,0
0x0c83dc316a64ffa28d955ded91a155c51c0f3f05,1,0
0x0c902ba6f12f71de9528aea983dd4df3c73ec3f3,1,0
0x0d2b44d005f6b5115f6bd6d4bf1eb6c2863684d3,1,0
0x0d421b61b42433876cde49d84f46757d4a633199,1,0
0x0d79b1d71ceaae505be46081c032a1218734cb98,1,0
0x0dbfd92048496e6b9ee4413957634f918903ade0,1,0
0x0e316af3d46b317a15a4c6102bc64296385ab667,1,0
0x0e631b15b8d9374126ff2fe431b56bc639abf040,1,0
0x0e7276b7175b270faa692ac0994e730b5e2d02bb,1,0
0x0e760508c920f159d937fa6cb9562ae618f2f8a8,1,0
0x0ec43414bc1e505baecf37772393d0a5d5ec0de9,1,0
0x0ed3dbcad7402ddddf5e289536ed45cd9ab5412a,1,0
0x0f023fac71dec2b309680b7f0466c4fa78f58f4c,1,0
0x0f34739bbc47ed22d8176900db68b881fd40e1df,1,0
0x1067c95fb173bd9c3bfb0e1c759e4acad4390eef,1,0
0x106e38eec08f5ef6d2ddf1b7527c7e918a6cef14,1,0
0x10701840a201f2dc62e34e872f5ee74a1978b2c4,1,0
0x1070c9c0c1405540df71d8d627e00896d72a0e78,1,0
0x10712cb7a9d7e306cb81dd9a450ef5324db0d79b,1,0
0x11061561bf638adf3758228ac5d6f2d81827bce4,1,0
0x110c13173b8e1f6393198f421b9607b98d8f971d,1,0
0x111a5539eb9f9ef17c3b6fdc7855b09825da1b4c,1,0
0x119bb0c3ddb2495cf69f8cc0a70a0f943f889bde,1,0
0x11c5a4a2660d06f9778d9bff56c326b54890d801,1,0
0x1238f9c8bc36f9feeec438b6e41e432aaa80539c,1,0
0x1245ad5acd95a33101c546c0f978022ce02c03bf,1,0
0x1277d142847aa24421e77caa04e6169b7a7a669e,1,0
0x12a38c1754051093fba9ab98326ec46fd0e9547e,1,0
0x12b42372b794565eeefa91a60d6c68545eb88347,1,0
0x12bf7ed5ba37ee9931899c8666894613f95284ba,1,0
0x12c6d164da249caff78467f89aa2e6834ecd53b4,1,0
0x12c9029a868f1dda50949d0f1c871b5f33b5f366,1,0
0x12d9d83e47ae6fdd9ad18a918be5372a9dcfbd5b,1,0
0x13160a87f83e2cff28798d61e5d89427954135a3,1,0
0x1319bcc6aa0caa34a7adc64bcc9dbc55c766a845,1,0
0x1357c6c9878418afce74e72eae96f82adaa1063b,1,0
0x1397d30bb0dce8030ffefc78e1e5d71ea62a52be,1,0
0x13ddc0b65374373b3599c26442575fec0218b97d,1,0
0x13e26689ff82688bf84d6b37cd41d3f44488248e,1,0
0x142d63832d50d01cdb62e45203ebe2b4cde07f8d,1,0
0x1443c1213306083d94525a7fd2236584c7f9da88,1,0
0x148768f38b4807a3af2e13d6b97c29eb27b8107b,1,0
0x14de682316225412a7d82236f75e9858f7c2835c,1,0
0x1517cdf21b08d7ee093cd5b3cd3457a2fe8821b5,1,0
0x156362ed8dad31f9226350fa747f6eea9fdd0cd8,1,0
0x156ddb799cc9ecb1a099f3fac2a3ce5affef266e,1,0
0x159a41b21ba35a2af3eb297371c116dbe07f525d,1,0
0x15a414408ce1149a49a77b6fd095ec34f5227e4c,1,0
0x15a8ebc0816e6481953f8ba2b478111bc6ac2ab8,1,0
0x15bcabce7133d9fd8c54d2392ca7b9f90e73dcd7,1,0
0x160ae01bbe3ea103ab3d63fcfa6d04a4267bc7eb,1,0
0x1680f37c50d8acf8dba54b124d08f28e9c04f9ef,1,0
0x168f503888ef5c9c189ba0839267f0206dfeab6c,1,0
0x16e93103eb63d7808ae908b38c71327b614f9fa2,1,0
0x16f78ada75990c8c11c638ed9efebe3826d0672c,1,0
0x171a1fc7a32b9881e410040502a3a481bf5aa674,1,0
0x17252e66af53728a437b4a303549abb99c2cfe5d,1,0
0x1766786fe81721eb0d4bce7741b15b35fb24c27d,1,0
0x1773248c2e193329e8c1a02ab0301413b58745ad,1,0
0x17b2340242f5b529e559959a5d1b726d4bbdbaa4,1,0
0x17d01df2b2a147c5134ecb3f7aa02a5a21d445c8,1,0
0x181e5356d34f76d3a54edc242d608abf1440cc5f,1,0
0x1830834d81dd5d43b297a234c9b2b939999144d2,1,0
0x1839d904d2c2aa153545646d7ebefb33ee0430b4,1,0
0x18dacea2976364e2bccf29ef7cfe04bd5bb5d710,1,0
0x193c79afa17967ae5d8140b0ee40807bc6bbebc3,1,0
0x196f2e32baa64237c7dfc30209a72be6cf78e9cc,1,0
0x1973fa9706573d31c6e192b5bbc1adc1e94000cf,1,0
0x19f48c4e25d549b7cefeedea1a21bca792fd9a4c,1,0
0x19f681d32399ab0383c1099f2ee7d1e6643802cc,1,0
0x19fa7db999f5be9519e26e3c443e6236a10ed044,1,0
0x1a0338c5f19c10d4e160106f91285d844a69cb59,1,0
0x1a28f052c5764670c449bf45dcaae0ab4c10e6cf,1,0
0x1a41384c7deda191f6c2ebf109c3a77ba556e481,1,0
0x1a612e5e24aa4aef4f10181ab88c0f1ba682a5f6,1,0
0x1ab7c239f2e390711ab7a733dffa7c9b47e58551,1,0
0x1ac89caddc747fc24a6bc11a4fb3d6fc6129e9a0,1,0
0x1ae083fa64cbd81f3f38593689b591bf6d9a70cb,1,0
0x1af3c165c39cbdb3de489d9ab1dc5469685f4291,1,0
0x1b144a2f9dc2744198d56d23816bc5f1b1a82f8f,1,0
0x1c34130c904b8f3d0669e0b351c91c92edbe55ff,1,0
0x1c536aff528ca796c821c4a5419c7be7b8ab5ab0,1,0
0x1c62cb03d42cd046ad6176f24236879627ee43ce,1,0
0x1c81869f216862f2ee097938321f8aeeef25af69,1,0
0x1c8cb93e072b3d4a56be030060d2d11c8e79cbcd,1,0
0x1c8f17028f9f450ebdfad2efbabf726c6fe051ea,1,0
0x1c962c4ee3c511b68820bb519a9ef97a8899d9ef,1,0
0x1c9c8ddf23fd9325a227b91cb4f92f5018b0ff72,1,0
0x1cef8ce3d8b154a4636934d6e8fdb7f768720ede,1,0
0x1d1e32929f6cabfc00b6ab3201f02af8d263cb94,1,0
0x1d2eeaefe9546b878182284b6302272714e0c17e,1,0
0x1d3b748a52ee3f0ab6bec58025c17d8bd3c1c7b7,1,0
0x1d7a8fea409241e319f3f49e98bca26ea37bc7d0,1,0
0x1ddfd36a9ad97aa8587e85251e37a99d45396993,1,0
0x1e3156c28fd3e6dc2f7c0b220ed2d590d04165ac,1,0
0x1e3d1a87888e369134b96b6cdd7b1a05ff458ea7,1,0
0x1e412e53be02ae5a50e2f46afb19cc6c694b5401,1,0
0x1e4bd1f5b898c75bbe632d67d7c5277f99413428,1,0
0x1e4e3f3c61f69329cdd7fb13a20b352e7575075e,1,0
0x1e5a4981593cec848c0f542fbbc5647d89292b5f,1,0
0x1e7fc6a0671fe792259d8b5af364a34dd2b1d418,1,0
0x1eb5773cc2e93ed5f2a9e1cefc81077349023e07,1,0
0x1ef6c766b59c87a7649487fa6323f2c6d79da769,1,0
0x1f3db3c8d971209def82ca1a862b44ba43ea2937,1,0
0x1f5c91c68328da3208bb7a40e544eef1c1a37186,1,0
0x1f6ad9aa18adbefcf7c724d50b0a514051369b1f,1,0
0x1fd7bd0f71d46c7a960691d2cb8f714de1ad7563,1,0
0x1ff7a0d6e2b97100bb4544b1ea6954131d9f611e,1,0
0x201336ca937988c319274742528c00de3ffc10d8,1,0
0x20203236f65a1c17d7b712706524a0dc0c3389d0,1,0
0x202b731ef9fee2f38a1b2a9a9f430005c2200184,1,0
0x20516c76848f88a1255c782cf911efacc8e9f8d0,1,0
0x20cc212ad5b8901e0abd61c1445aa4751606e9ba,1,0
0x20f13f4ef110a6b2f56ebe0a89c376703d47a25f,1,0
0x214a53b575c443a5fee5667bd757c801a9a10097,1,0
0x215c7a8f8e4d47d296ea243a518bd88a7bf9fc6b,1,0
0x217414c61e66195ce5a8cc9a1a3ae025aec54eeb,1,0
0x21954cf62346ffec54af10feac41e3100d0ac30f,1,0
0x21bf5fb186d790c5727fd462050a8d380f730a49,1,0
0x21ff0cdd92df7d2d76d8d0d8e79be3fb76c9821e,1,0
0x2274ceb10d88f44f15898e83a53a4fc7a567d36a,1,0
0x2288ed9693ddab9657f4d0a284bfb094f4a2a7e8,1,0
0x22d526186a203083ad09557f474cc035bf5763b6,1,0
0x22fc6fb5d19dbee004c6b357a0d7264860f48a91,1,0
0x23446b8a6143bc7a4abf47196c71c0faa940c876,1,0
0x2391b436e1cd91e796eb2e8914692d78339b9187,1,0
0x2469a4d280b5622e6ee4dfdbf7ea5f0d8804bda9,1,0
0x24bdd232d38315451caa8a04e2b38c920631f6f9,1,0
0x24fe92ef10a1a361fd6078e3a9591724e171f7ff,1,0
0x2507a26f5315bff99464c5324fdca95bb612758c,1,0
0x25272d4806a3e187a6e3f79f38574e6e4603acb9,1,0
0x2547487f164e8f2c44de6b1f86010b5e1f52a7e6,1,0
0x2551dc445daf962fd020d52d25fc88c476ecc7cf,1,0
0x25547b885f83a93b1d825dc99ed888e88b409bf0,1,0
0x256c41d22fe0cbba38764f32e8bfdfca85ee3b55,1,0
0x2587270cf6612dbd23d50ff337a6563bd518e97b,1,0
0x25e49da3ddaf913299551d2bcffdb423e3274afc,1,0
0x25f4317f2682bd45923f74667d798f62e251604b,1,0
0x2627261f9e85d5b4c467272517bec2a40bbd3baa,1,0
0x2631d0518286d5ba09135eebef730952199ebcbc,1,0
0x26378a01e059c8668646eaa7cb0f5ac24e53bc8a,1,0
0x263ecc79403dffde8237d7524e2dac0a3a08ecc8,1,0
0x26ebd72c4420bc2b836fb070b1cafa1dd590b3fc,1,0
0x2723275f86a5dbeadf05a377ff8a0bd09d12f68b,1,0
0x27a8a1307a0a27e0dee5b8adbf310a4c87fad91b,1,0
0x27b8a95484979d2a78dfa346b9d28c1d24e98289,1,0
0x2898d39e15274898d09a5aabd735f07f4aabbad8,1,0
0x29283a87a63befa8dc496ee0aa31a670e2e5e4c5,1,0
0x29e8bb66eab5eef34e839ce949bc0da73c98cca4,1,0
0x29f4d8130f170f09f02580a3e347f9495604ea6b,1,0
0x2a2e94326839d69cf13bd5d3b56f4b34f8b14300,1,0
0x2a827781ae171d5c84ddbf11251041ab319ca682,1,0
0x2a942285dd51e18a1dee7e395e5a7077aef2fffc,1,0
0x2ab173ada010a29de3c312edc0d6d39608c69697,1,0
0x2ac6186fd50a28f892eb1647b9a2513b91d9ca50,1,0
0x2b0da608934df48b2f86923439eb608524ef87c0,1,0
0x2b64903f87cb4817c60766e1a01d2545c99921cd,1,0
0x2bd87148bb93e8cc519ec122cb4a45a6395a500d,1,0
0x2be90356a8e8b7a811ed7297f0caabd34bec8b17,1,0
0x2c01851ea39963e9248745807e318ef6a1e8397d,1,0
0x2c57f9b210727ba276e9d93d6d1ae75cf0b02a71,1,0
0x2c777a3218602c17d0b5e5a3bebef4d1829d054f,1,0
0x2ca3d629b12826320ebaf95e64e7511439fb108b,1,0
0x2cdda594b97127bb07ece7d0c560e07bba07c05b,1,0
0x2d1be3dbb60d8f12ade6139f49a32ced6fbb1ea3,1,0
0x2d28796e039d262d3a1cf6ae164b2784c1e59543,1,0
0x2d7bd7ea29d6e03f44c6078c169478a1663d42e3,1,0
0x2da036b67045f6924bc8cccceb5ee7e5c7410634,1,0
0x2db6ed41bf50d423b18049952c10dce0e202b7b0,1,0
0x2dd6ff1fcab4f55115da53cd012309889b9798e6,1,0
0x2e1d7c8da3064f21b2b1d794ab6285d83e1367ee,1,0
0x2e26f6b308a91b9c1cd7cfead4bbef40bba42bf8,1,0
0x2e6f3091784e890b2fbb5e5bcab4e48f3841fdfe,1,0
0x2e6ffad6c413658e03aad7250e9a10f72481c78d,1,0
0x2eaa01076bc5a12a28c76f5bec3a18b9ddacc80a,1,0
0x2f0dc5d8931e4bf2c5fd29042c33c272cc7193a4,1,0
0x2f225f8a538e7fd613e8ba79dcddc7d1422aed1c,1,0
0x2f51ebba82a6af1ba65d41e32e398583e5ba8621,1,0
0x2f58af8361f7a384045ad14faa9d1b096949e710,1,0
0x2f6de22f37c0c4f225bbe5c756c92458cbe9493e,1,0
0x2f795921b25ba59ab4ee534a5f456c99e82d9fdd,1,0
0x2f9d9fd4bf733cacd541ec9540b10935be24b98b,1,0
0x2fa41a2b6447924591244e5ac120283ab8914967,1,0
0x2faa3f6c2e86b3af89d0b288737bfdf50dc33b28,1,0
0x305e2a77328ab5642a0213e734657ea91136bb6c,1,0
0x3077ac78904900b978a9eaf2919ebe73971053db,1,0
0x307eaf189c2a2a53c0ff27220b55564006a63518,1,0
0x30f87642af10ddf2e347634665982cc0aa57bbb8,1,0
0x31aa0d6541e3d117f32681e7ec0dc004089483e9,1,0
0x31d4de41d5ec87daf7878a8a1a9f606a1d5e2f7d,1,0
0x3200f3fea20e9d16cf2e39e1d69601abf4e44e53,1,0
0x3216fa751e48dfc7f57308c72311fab04b4ef1dc,1,0
0x32ac1ebf18b5ef204fff799f4f444ec04eb38785,1,0
0x32cac210da2e04626387d0df5bce769fe87d9f84,1,0
0x32ccc674c7c849f8fce55eea82e89938ce1941e7,1,0
0x330f94fd90b4ed770b5d275ec1a0148b28442ce0,1,0
0x33306db7d5e2995393bcc894fdade12980c516b9,1,0
0x33760d57708bd8b68f45501616219f985b403789,1,0
0x33924699398c6b9614d70777698c2feb987574b0,1,0
0x33b3fb1be4e72a9169b0c169bf8bcda2e66fce30,1,0
0x33fa83e5622d32974e09d5993f47c0ebf6fcadf5,1,0
0x3482d52cbdd984d18cff27d50784b39041f53acc,1,0
0x34e5879787e76b617f754bcd90c860995086839c,1,0
0x3522aa29fa05a1294b36f1b96d47d2845d76c23e,1,0
0x352809eb7f78f12f1a30b81f619f5acbb6b8bb03,1,0
0x3540ff51cff07be1e4569d41555501c7b0bc9b84,1,0
0x3544e255259a49ba247909233a173b8f48244712,1,0
0x355cd9ec893b7459cc85e6623cc1db065f3d1125,1,0
0x3576d7e8bb1c66c8d85e2b77aa19571bb8fa3ab9,1,0
0x359cb12b119c84f15ec4938052803bcd2b390fba,1,0
0x35f73d9952225b4a03408ad0523b279ffee7c9c7,1,0
0x367c88f0025ea783986ed92b01c551b62c1c88d5,1,0
0x3695f8fe9620d7dd2f934d8f30e2639d1e15da55,1,0
0x36a3edc7aa24c7c5c7fdd5189fa95b7d612311e2,1,0
0x36e2aa689546e9bf72c0ce0ac1c1f460db4a70d0,1,0
0x3726aba71971cb8d29952bb69bddb029a45e901d,1,0
0x373b8e0d326236ab5865a7feb16ca641a4954ba9,1,0
0x37404d34333a1afa3e77ad9bffaa568480ea70fe,1,0
0x3782ed5dae9fca1fd72844eb0b85cb717005456a,1,0
0x37ddf95d16c258d1dd152d35071facb2c2658f6d,1,0
0x37df871d3878f169d0a7e651e8dc435d62bca8f3,1,0
0x37e406f6f13c69f2ef35b8e8a5f2f06eee7d6fa7,1,0
0x387918915e33edd1f6f0eac14985f67a4b7f8282,1,0
0x38ba41fd712fee651e6b8be3140e8c06db516a67,1,0
0x38ca759262992e947fbdbfd1a24218bf74b2a79c,1,0
0x39406947decac1fbfe6ff8fc359593ee27c3e346,1,0
0x3948a4cf99b064377dfae1c6bfeaaa9e5081231c,1,0
0x39560bff363c873d31264bc92be307dc84a4c314,1,0
0x39c3516d1e4df562132b77ce71ce1a5a573827f5,1,0
0x3a04ed4c0078ad6fc264d651521b83d2460307fb,1,0
0x3a1a1384124e492d35aab2417d8e418d2b00ee3d,1,0
0x3a27ba6061e55bc16230ca58a5270562c0dec123,1,0
0x3a3f85c6bf37ab26879527d542e1de1d48c0ec72,1,0
0x3a9b7d7084f9e34dd07d847206425e8a3db71add,1,0
0x3aea460f6562a2c75e5fe39d3833e8aba97574fe,1,0
0x3b0bbbf4ac3ea223520958303ca9ee4c6f810035,1,0
0x3b30d44df9afffc07a51457e18410c4ca0f90896,1,0
0x3b4eaa66d0b49298052a9c875adc671be39d38c4,1,0
0x3b6a5d2a014c2842840aaeb63da3910baa02e0ba,1,0
0x3bb4528dea10ec81882624e3a2049f661d2ce8a3,1,0
0x3bfa226a845a27889a1320ba66eb9cf79843a079,1,0
0x3c024bd5f34d39cab0d17fba37769f6c35c26c46,1,0
0x3c09e1c5e1b229bbe6cecaafdaca66dac407d4a0,1,0
0x3c0f6690cc7144821fd219f4fc2ce533c3621336,1,0
0x3c695025383ac1b199ca0132f84d0e95eca919bc,1,0
0x3c88257b5532bf20e46181ce829bab2767b0c0db,1,0
0x3c9899d13a051ce44d99cc8b4be4fd1847321e15,1,0
0x3ca815ebeccbe83055c4c476be64c88e630829b9,1,0
0x3da07eaf80592ad283110dd2233ffec967818307,1,0
0x3dd51e24fca00c33c2e5a74e5c373a705b749fa0,1,0
0x3e0ae47a80dfb28064f3c9d9141632bb8447b054,1,0
0x3e678140c621e672489a1d4dbbeb3b2a27f3103c,1,0
0x3f13a4714142c3acc7777bb67613c9b33af08244,1,0
0x3f20551eb40d9339749fb11d239b5dc327d0c664,1,0
0x3f6438a5da5b22d36c2c3afcd4109920108a39be,1,0
0x3f91049373b2bff3d28f743ad4bf4ebd2837c56e,1,0
0x3fd9b284ef8405f82b05062a99157e938103bca4,1,0
0x40350799dac9c608bba044a5e84a576b3d433b8a,1,0
0x406038589c383a00d2bae466db3a0b9d5be017b4,1,0
0x408dec68ded3db34406dc53d36427c303f07ed09,1,0
0x409f29238cc6f2505cb7c8cf3f45728f060582d1,1,0
0x41b6e7bc595201c5682b3dd4804c41edd8e31b49,1,0
0x41d370cef2e6a5c01319d0219d1f83359ae61407,1,0
0x421d719031917a3a612f7005d4e9b6f2794024f6,1,0
0x422e971045dc26a3ddb4b0c4356f721e98857ceb,1,0
0x4250ba5b972abcb6a906c998aa178844178b2be7,1,0
0x4255edac85064acc4d08617701c6f25548d47c97,1,0
0x428b70516589d49974fb59b4e6de8932437da9b3,1,0
0x439eee251720ebe9e729968399430b6d459b818b,1,0
0x43f6307e0c5c95e3d3614e6fe1500f7f18bc392d,1,0
0x441456fb9d849471bbd086b199f9fdff0100f694,1,0
0x4428b51d94d64228b86f9b2ea4f73320e57f6119,1,0
0x4444a7c9ae8000ac9d6000914e76382bb126edab,1,0
0x44a1b3f9f47e742048d18a711d016c17fd69985b,1,0
0x45388c20f3e666ebee66500cdb1dc53021f14f78,1,0
0x45b5b7bf7477c4d73de5e7967cac3c706ef1ffd1,1,0
0x45e9f1e18921c7adaa23c567c6c58778bf23ff2a,1,0
0x46328446b42602d5e62a077cc4684c31feb97bac,1,0
0x46ee93d9f084f3a212f528873d8d15757399c379,1,0
0x47146f9d124c4118a3e6dc789e7b64030b6be736,1,0
0x471f2a4d1ad04fbd01f0c6556fb95fdb192299ed,1,0
0x475108dee4979f715cc10f6845dbfe0c7fb504df,1,0
0x4784476ebfedf0ee1fb6b4bdfb48e79e89579b9f,1,0
0x478f0d83a12118de0052334fb2a73c96bb844543,1,0
0x47b37e124ac685bfe36b0937eb0fb13edb94a12a,1,0
0x4804a2c8216250c84a04e20a71dd64ba60b489ae,1,0
0x480ccbb125823bce4d6d57a0fb4c042a647a05fb,1,0
0x4863474be2229a23deb7d61c9e9fda3427004a1f,1,0
0x48b94dabe4bc4a0184bda15de1f5ef05c478db1e,1,0
0x48dd5af2ea7bf45bcb4d33f7828548af6dfbc5bf,1,0
0x491cf7629a2397eb738a120fb13fa44bdbdc0e44,1,0
0x499a119f4d0080f86d92d320d558c9c703624ca9,1,0
0x4a152c8f8ac5c51b5ff37ebfb0185ffefae4cd04,1,0
0x4a3e4579b109b4d291b24e575629cdea311072fd,1,0
0x4a4bbbc5e17e8695bfce9998e24d761c334838c1,1,0
0x4ac5af788feaab36fb846d2625f257fcf7ace15e,1,0
0x4b09c6b3a9ca43d108bcb1e17eace8adc3abe1da,1,0
0x4b54ae738bef36306b45f5f41458ba5e956eef6b,1,0
0x4b69376fffe3b8f65ba0dd1bdbe4b77f0150ee03,1,0
0x4b75f754c3bc03a91f14ef1ea44891a14f5c9059,1,0
0x4bda9985e4937b0edc5ed56e824f4cbd6b6d279a,1,0
0x4bdafce88ca0f4a6abaecfb973eaf063be2b109c,1,0
0x4bf3b0060cc3f16d6542dec2bcf7a061454a1b45,1,0
0x4c0e1e3b84b46219ed96d180c1224a3b98798fec,1,0
0x4c10a221868626dc38bf415fc8941d61c78a5eb2,1,0
0x4c241cc98757b5573ad9b80cd2de4255d5b59d4f,1,0
0x4c2cb905b861ee461c7a796e5b6ef0ec964b295a,1,0
0x4c4562d95fac224b91d3a042e210fc77319752c1,1,0
0x4c587d5981bc62f2821f138ed5e33caf79b9b84d,1,0
0x4d4de5662a64cb59430a9d1c0442a5f6536f7a4a,1,0
0x4d7bbf22f733a38f1c59cd52209893f4c9639f5b,1,0
0x4db12f96cbf29173398cdc281a3e96a0f465d6d6,1,0
0x4e01a52fb28f6e7493fe894054bf72608c3b646d,1,0
0x4e7a0b29711a4f57ff1089c9ed859637fcbd1558,1,0
0x4ee66d02d680160c070d66926437820c24e046ae,1,0
0x4eec9e04ef4043ae2c213f313e9b9945e30a4109,1,0
0x4efc1bf76d23e06da3ae1acf5562f9ecc035672f,1,0
0x4fbc7be32e72a4420544e7e154ed302443c4a602,1,0
0x4fd7135cb40470bb7809c678d84b696b803f390b,1,0
0x500181fc82f61634d6bff82ca71a16bb6ae76827,1,0
0x501ae8cf35082b6425ead8d71f0fbf5cd74d9803,1,0
0x5044a3aaeb949a43c6ab28c6726d751f4c15dce0,1,0
0x5070cef9739b16053540f274bd12f8d4e62fa26c,1,0
0x510aa5655484c7dbab84dd0ae7b6f91ae761c8cb,1,0
0x514162aa2751fa54878c9c345490b27aeadf3405,1,0
0x5184f5316259a95b4ee9275c5022e201f9c7448e,1,0
0x51b7c9f76a259fcc868cecc98b33aebc97c85ea8,1,0
0x51b94c533bc11f47291bf9ab1cb32d7db8d411f6,1,0
0x51c09e3688a5b2c6989a546822021959b6123688,1,0
0x51e6fb313287d88eda43c7c4cd3575eac73f6888,1,0
0x51fe7d040e8c36c5a7f2a2a2251db8cbea50a35f,1,0
0x52402b29acde44421c60cffe83060293dba5ce16,1,0
0x526a4af35f21788a50b814b19d9a2adccec8c669,1,0
0x5292734621ead8b094081507d9ecb39dfaea543c,1,0
0x529f71b8285ecbabf59359e9284e98ad05e683e7,1,0
0x52a748f096d201c8f48c874e861a1bd625eb20d3,1,0
0x52c1aa726d7da71e6243a5222a242a853eef5c3e,1,0
0x52d2d31ee11d983d483ce055ef8cfcb967537e82,1,0
0x52efac84cfec23c262a46da8feda3900cd65e1c1,1,0
0x52f5a7451b1da212eb56a5391b52746d39d553a9,1,0
0x52f7cc8f313af8dc19865c23f467d74c30b4e0ed,1,0
0x535cc3a23b8991e69e1b64410fc90c0aa36a98c9,1,0
0x538f89a716992a626ff53fa8d9b8e46993c4e951,1,0
0x54b8efd62eb6d83867d42c0ff9be3349122ab83b,1,0
0x54be4ce1d72a5f819d1fef1af47834937d88b176,1,0
0x54e3c18c2367ce4fa1478645679696496426370b,1,0
0x5513b93a48f4a487864434835ec9934c481c5371,1,0
0x5536c9ab27266e72855f9f5fec9672e1f246ac4b,1,0
0x555dd85918944824a2b4f4c3b52a94111a031802,1,0
0x55c279dc95a4bc3c889b64a7264f222910250ba6,1,0
0x55c8dd8185a66488f5a5470ca83283d9b4516564,1,0
0x5646ac893800c5a6cd1a4c55194a337f2dbc227f,1,0
0x56b4773591f20b8aaf9705eb0a908568fb674c17,1,0
0x56cf233e3349f5242dfd9d9b4633413268ac4730,1,0
0x56ed42c49b2fcd41ddb6b1b0e53c22fa0cbd2eb1,1,0
0x5732fd69ededa743ac78d2f3a1d1ea30ff67d82d,1,0
0x57691f0f9cd8eaa7506de3c99f66379ff0a674f7,1,0
0x57de4b3f778216744686b08c1d2115c6e4be673c,1,0
0x57e959dc6ebb5ff64228a5a936621cc7c5ef8755,1,0
0x585884166248086c8a76b6d27ba35cd9613156f7,1,0
0x58a4cca6c7b2ae0f27d76d7b7dbfac81a8fa62b5,1,0
0x58bd6cab5b23e0521d7256d80dbb1be37147e1e5,1,0
0x58d7546bf5760af5146f6028689f5ff992dfbbbb,1,0
0x58d8d2d5d137f390fdea0119536d5e0b97148dbf,1,0
0x58ebac19877ee942e8646edf95f1f1a084df93f0,1,0
0x59498c8432821252a6f95d53828bbbe3d195c20e,1,0
0x59539ae0312fa228efc3027686d7f4ec9c608757,1,0
0x5992b0c2aac50190f873de06a181e849b11ab489,1,0
0x5a2a5af832b0533a8fc4ada3ce7add2efd2657f8,1,0
0x5a6f47139d9de4c1f30bf44eb19925b9db1e1400,1,0
0x5a965cafeef5765eb4bda9ca844c16d628a74ee2,1,0
0x5ad9502937181ba9c1b410b2867a7667159d9532,1,0
0x5b5def2718aa2e98f193c9e7f93eb70b42fa290e,1,0
0x5bac4f9538fbe117e4fcdb3ff9b4381c294305ed,1,0
0x5bbfb8e254ece87fed9d71a093d5b7c044af076c,1,0
0x5bdb1d2f5961c27378ff56bfeccbd889dd446614,1,0
0x5bdf13207061e2dc07e97140b31dcb3b8e97b390,1,0
0x5be61950dad5f87674bb02609d1f832a6c5be74d,1,0
0x5c046706a1562770fffeb5f495a7cbcea526ac74,1,0
0x5c5a4362eab3db87d761d528d2c7559fec0b3a33,1,0
0x5c935bcef2287907861e82ca5d39e6197198caf5,1,0
0x5ca39925af348525885cff41df47add5d0378361,1,0
0x5cc0b0ac0a750b9a1629865803d846ecd6c9c031,1,0
0x5ce66f35b519d7c0510e58595640735384829244,1,0
0x5ce7a0330108f7bbb77d36e402ca26b2e98cafb7,1,0
0x5ced5846dac64f9635a4afee9db2e1e3a4f3c98b,1,0
0x5d3bb1561795d76e6e481424e0d322b3e86391c9,1,0
0x5d57cde67f1bcdb15b65eae5c69ce48e8f26c102,1,0
0x5db0d1912c32a6dbe6c24848adf0968dd2c19188,1,0
0x5de156d91a1802f54d4c367fc778d2e339e1b325,1,0
0x5dffe72c7d7f5904476d8ce4dd25ab515782378e,1,0
0x5e0f4d5e38fc5a3f467de9911b54a379cc5987b9,1,0
0x5e994d5b8222756ca5934a3add8cfc89f50e2178,1,0
0x5ec4e372e1b211a0ba8b6758262238ec7c834216,1,0
0x5efeba9d53cd3f3c6a91ae15760064d6f00df83c,1,0
0x5f231cf7ebf38b2ef24b47672717a4f1bca693bd,1,0
0x5fc56a4b9d035fe473295dd25236fbdb23170e4e,1,0
0x6043585f44cd3b0d8ab1983072a98aed7e6fd5ce,1,0
0x6067ed911e87b4dee384f5ab956805620e3536d9,1,0
0x60ad82d44c51a41dbbd4ffd67326ef7e31e00515,1,0
0x60b65dcfad120494356e5f7a48974ed2635c8145,1,0
0x60de17b69d70c5e1f27255fa734e1fe9f43fb5ee,1,0
0x60f1baeeb48584532670eb3996096808d36d9c52,1,0
0x60f5a34552346e42ffe045e978a43cf01a749de0,1,0
0x611405ea2e93698170b2bc4d4668c28a3fa5e7b0,1,0
0x611ee827c900e87a01210e262aa5d509857ffc6f,1,0
0x615fbc302ffdd2a76656dd941a3fefdefbe400d4,1,0
0x619141b48a30f27757a6aa4bf5df52a45cd16967,1,0
0x61a11754c3bea861049ad77d9c0d03d011ba5907,1,0
0x61d4fae05f5bdfc1ad57c9975a3d79945a36fd5b,1,0
0x61eb21000bb2c7dfe6374a8f6e638e8127ac0e0e,1,0
0x620cb3acd5d2f129d810849497ccac13fda742e0,1,0
0x623cb3f1791247d0390e7a8a19b8dfa69343d334,1,0
0x624c5e76a913da16d78cf17e9128a8e0ad0f1050,1,0
0x62810f139d083bc02de422cc9c9f5e84eb94c8cb,1,0
0x6347a2cf992ff75098e70ef1c67b8ef31fc41634,1,0
0x637c395815eb8256711190d0a9bfefef876f32da,1,0
0x63c14f44457712d2f7a7206dc8ebc9fa7d3b40f7,1,0
0x63d8158e8946f95c1250c6369df4008af777d5c3,1,0
0x63deb5bd8aa0185f4cc5be2942ca4b621bdff133,1,0
0x6408226c4058d86dbc77a404690eb1f496d52dc8,1,0
0x6433da1ec74f0cfd54a4c0476f7beb5edc6e18c7,1,0
0x6497af269cddd099c82f09208b89c62faeef0545,1,0
0x64cc0f80642b650eba9ef084b8d35ad6a35d85f9,1,0
0x64d2117d57c0ce9b1f0e28dc98cc3b6b303ab605,1,0
0x650665cfe3a4bf0fb2c56c62527ecd856c3d7a23,1,0
0x651e3ff1c7d262bd86aac8fa035d556475a43956,1,0
0x65ad41eb7a3c9e5d9d53a8af8f677c08bbc69651,1,0
0x65cb52838bbb9119098a3ae696b49f671d084ed0,1,0
0x6613ee2b4023cfa71ba4945937224abf36d5c0d4,1,0
0x66254ffb2556b748ffe09d59e61da41cb35a2168,1,0
0x662e0a3ec10b7beb5fc0cece638331f895c399e6,1,0
0x666d254b723ce08978efa1715978767e23df6126,1,0
0x66e954aa45fc6c5422a00748f005ff62576e4023,1,0
0x672d76cea1e404593d65a2a32331ecf2e4b1f9cb,1,0
0x675aef94f1128bd4c5ab43d69ef78d44fb68b93c,1,0
0x67d25a1b7e225fd74aa2259aa2e00ffb7d480152,1,0
0x67f6d6479dbbfb03d15241aec0b420143b52f6f9,1,0
0x67ff8f0fc7cc98ea290d885f595234dcc4652836,1,0
0x680f7bf08f1ba3f6017e076b76cfc5e83ac8fd6c,1,0
0x682973dce464bce3bf96f0abbc4c63fd3053007c,1,0
0x6896fa07569df8b7181d2d2d8aac6f27a978a6ea,1,0
0x68c3b7a0822a5dd9a44c3168fbf76292201ab266,1,0
0x68c9258b87b1cd4302bd1c3d2e44c539e32d7d78,1,0
0x68fa7f5363cd2a1782e6278a730f5197cd695054,1,0
0x68fba9e0a2c702b981489b2f19343797e12a2c4a,1,0
0x692050ea199688ac945f4aedefe302b03cf308e6,1,0
0x69a21c190aebab0bf16ed3a0091ae07811ea8fc8,1,0
0x6ab8af38fcd04bd18059699096b059cdcc623e52,1,0
0x6b096c7b6b245306d18be6e40cbb8bacd66e689c,1,0
0x6b145300d4e4912f4cc6866268d7e169b0ad8e2a,1,0
0x6b386c4e31252438dda63d23885e2804a2bd372b,1,0
0x6b4beff5d3ae4439f1626d9a9f6724435759d125,1,0
0x6ba04490dd01b5b62e2f55cd4a91743ef254ed1b,1,0
0x6c629ebfc183a06bf5140a5f08063b3c4a328f55,1,0
0x6ca11b4a0f26617bc70cf7c7ea8e3ca8278764e4,1,0
0x6d07ce8f8e80ad48b80d527b2c20cc8f8b0aed3f,1,0
0x6d51df7fa1ce5bcb2a909050704aa5a266e501b7,1,0
0x6d9d9e0d23f6320901ec153b14eb8edc30510e64,1,0
0x6dd807beeba496f62cf9d16e0b8215bdc7c0704a,1,0
0x6e021748dbfc211a46a46438e3004ec12c7da3e7,1,0
0x6e18badc2ced0a5db4d58a2988c5dc39c7125ad0,1,0
0x6e24ebc87059a322fc32267f1039c1137e39bc0d,1,0
0x6e5f1a3855d05d270ff9fe9a2ba09847ed18bd48,1,0
0x6eb4a3531f66ec3fc51d1602c39bddf7922d8489,1,0
0x6edf9833931b0b707cfee8838f61c579eab986e6,1,0
0x6eec12555e9dac105738211531a60b54f69b14a2,1,0
0x6eefdd03b0a4675cc99855318d420d54bb1d0267,1,0
0x6ef7206a25a40690d5500956b574cdbfc311a6f6,1,0
0x6f24433d9c9ac9e6192d05ae0d4967760269e2e1,1,0
0x6f37ad23e589b6bbc054d61aff6a95e5c3218a54,1,0
0x6f59c00b133f3778adf04157f83db27376381d4c,1,0
0x6f7af53851f8895ad4462f0d2ca04d44c1058ea6,1,0
0x6fffa01ec1be6a479e084d997c4f3b752d525acb,1,0
0x706f40e23a068771e9f2d85860761c84d257eaf1,1,0
0x7081b27bb5505d8b21bcd9131d07d3924e9f961d,1,0
0x709f0dac8d2511b80c3c5d01ef7b5dcdd07f86f3,1,0
0x70ac9bd9ef3c3d5308685561d2316ad1896b0006,1,0
0x716d2cb28aedec52148a821827775119946bc8f0,1,0
0x719680fccea49665dbd7c046f4f268eb3ecf6aae,1,0
0x71c02b4c25b479f77d5713fb7baf98bf548d16c3,1,0
0x71df8f850319160a76bf659c8beee33ee59b6f59,1,0
0x72029d1b1e435b7fea1693f6eafb7dbb08d9025b,1,0
0x72058d791e9291a38d03636727448bf560f151fe,1,0
0x7218050f999364d7be0a4c24e7abd01e582c3203,1,0
0x729e37f3fc96378514e64eed3e82d3bc73c27e49,1,0
0x72f0569ad61565983807412a104458f34d81ba2f,1,0
0x72fc4eb059a1d3ffa85fe897d9c4ce004a306c2a,1,0
0x72fc6ae09bd0c96388439319e2cdb4261f8a4370,1,0
0x73258e488a157e01901a1fa8cba90874036563b7,1,0
0x7382eef0e1251b1f91293086f5b2479db3d113e0,1,0
0x73f7af2e7cf6f051b89efc020f9a32a8ccbdb0c6,1,0
0x740a18011f67f6128f7ae57717a43a693e87ea60,1,0
0x742732fb8bc94538190331798e865dfa79deb153,1,0
0x7444b97982259bafa1c98f5af01a2eed3e66378d,1,0
0x74a7bfd42b2741016365fb9323167a0969c616ba,1,0
0x74a8e3065bf81933a4d6778291251f4d7eb177be,1,0
0x74f113564abf2cdf556fb4efe3af7109707fa53b,1,0
0x756667cfe109d4823e93fcf61fa8545c76843795,1,0
0x75a003ed6c2cc4d8c2243541b7840be92cadc1a4,1,0
0x75bbe52e6850792f96a4a2b247dad07a1ce64bd7,1,0
0x760ddd69fdef82230348c4acfff6b41a4e1ab905,1,0
0x761c204f005ba5c400c4519a9052750108f38196,1,0
0x76829e4e1407340c272439a923d08c7187b121cf,1,0
0x76bab6ea1bcdf06a58477d639e86ef516a7c619c,1,0
0x76cb696f3b74f44c8350aaece2bb52f242fda6d9,1,0
0x76cceba7b761e110c064e57bb8dbfe2190e18105,1,0
0x76f93a1d4a321b02169e47ece022b944d703e153,1,0
0x770c2791871e6574782fe06851387496f2bbf58c,1,0
0x773874e68e2bb9cb59577631abaa9c9f1bad8484,1,0
0x775a37ce70dfbeec1e8900e37fdf4a4937feeb50,1,0
0x778b4c368c780e242f2d2cc6cc9043dcc1c32008,1,0
0x7792781bbdc136b30268cf8743384e530486a5f8,1,0
0x77a159295cba0b270130c0548e0d613e9dae2a69,1,0
0x77e1fc52761550c2c03637cacad371422d797271,1,0
0x77f2391b6fb654078bf4f9c7993dbe258c00a500,1,0
0x781ab7bcdc078557d3cbb0dbfbb85870ff90cbd6,1,0
0x784592e3c52f3dc69bc3214c6ab9cd1dcc35bac0,1,0
0x785dc7204e2da8694c045e615562e946aadbf914,1,0
0x788808808221c436c92e22059d128d50e7215e72,1,0
0x78cd3f91b9eef73368947461a5a05dccca9ee900,1,0
0x794dfe73e1148472bf97a01f5cc62b24d54b7695,1,0
0x796ee0361606ebdbc687ca2cf6dd28bd19fbd904,1,0
0x799ae2b2a244f81af6d6971fdc92c688fde8a76d,1,0
0x79c46949b5b6ab0959c5cfda4d7447d4e977cda5,1,0
0x79cac55055d14d6272426d48a67ecd0672bee41c,1,0
0x79cd0be1777274bfcb73b2d6096129091dd1199e,1,0
0x7a0222dee3519854468f31154a4349c92814875f,1,0
0x7a4d98751ec6df02c1582b018859b1cf0092f398,1,0
0x7aab0c6188e4eac713178928a8a3089ff0aff851,1,0
0x7abe3a423556175e01c7543e18cf7760904373bc,1,0
0x7afba4cbde074baf8eb7bff86fcf0fce75dcb3b0,1,0
0x7b16275656b2591fbc23b5fb29c42afaadc9fa90,1,0
0x7b618729b4a506bc673a88061b1d87a01f05005e,1,0
0x7b9ab899d1f69ab6eeb85195abcd6205c8511cf2,1,0
0x7bcabc20d14f7dfd28a410e580bbb5b4a94b7f97,1,0
0x7c08bdb8413b5ac3d97773c5a5ada76406d31d65,1,0
0x7ca12416012a422470e6b2b6d84a21096bdb219f,1,0
0x7cfdf62966c72a4579d2fcdffee07b9a14fc427f,1,0
0x7d5626b328e9466ca369478f4a2ed7279005f608,1,0
0x7d691027e283b2fb65d72d1ebadfaa2495640f18,1,0
0x7d6eedd0540abc2863e843d04a3e5c35c23731eb,1,0
0x7db1e4e94b7fc618ed6216e641cd6a4520fa1c5b,1,0
0x7dd6f884828f8b1549f7571c865c8c268215314a,1,0
0x7deb85dd2b5c4ef21366e70ad5b54daf59379b82,1,0
0x7df50e4e379dacc9aaaf4e4bc520c7d4718ae256,1,0
0x7dfd4760499f41255780d5a19efa178848658556,1,0
0x7e1bcf8b7f6b0fb3ef445ce2574089778d081cc8,1,0
0x7e1c6b99faafad20757875c75fc366cfd2c580a4,1,0
0x7e439a6aede82b5776e9423d0deb55efd8441a50,1,0
0x7e4bdcfec379b4522206c9a226f2bfd9fcd6297f,1,0
0x7e58009e662754733d5813d28acfef7e05eb38b0,1,0
0x7eb6d32a2689adb98fb3f6e7b69c4c475a82880d,1,0
0x7ee1a78a32616166d06dd0a0d887d30ac3b475cd,1,0
0x7f1f5a102cb8e1320880a99c8fb9f4c1a9002c92,1,0
0x7fa116bcaa256a5954961b9ecd63bb83c6c7085a,1,0
0x7fe19c444093ea945d3be64cb37fd8e70dd19b8a,1,0
0x800d4bc955666be77b878e6d3981dd0abcd2d0c4,1,0
0x800d90ec670975ec5ab2bad2247b1ab97de26e73,1,0
0x8084bc9ca174d6957957c4efbc6e4f74ab329b55,1,0
0x809f5eff8cd81944220f02e12ba4543cb01b54ee,1,0
0x81d09ca49a22cb027c4fac6eb51d6d3eb324ccb6,1,0
0x821914faaddeb9d7eb8e7f6c53052dc35367f5b0,1,0
0x82588b70cf466cc6b9c933787b2fa2c8cbb4224a,1,0
0x82683f46c69e068f244d86103317b37ebbf93779,1,0
0x830e57ee78e5c6f81b86162ac0df136a94e53a40,1,0
0x831b62341047b89ae913f6bebfcf71f2900a4c35,1,0
0x83355d002c4f096646f30369056e2aa5d8528409,1,0
0x8336ea4798278cd47ea3f584b832393eef866078,1,0
0x83649c93b8a02ba1fe1b80c1fbc0e255ae69d463,1,0
0x83695660fa0df6700f2aa0a6352a76559428ebd8,1,0
0x83b6b25308160907f9c67f8d357582876d67efac,1,0
0x83c9586d3277f27d53c59d1a7a0e5bc082fae3b6,1,0
0x84139590d58796b2b4904b8cb1bbe5a125559bec,1,0
0x84ab2ccbe7bac24eb39ab18afcc7f0617b7d32ac,1,0
0x84b417c678a2da8231ed7ee3233cb629d0cd56df,1,0
0x84b479a590e7ef679b785515d3db02b7488e44dd,1,0
0x84ce421f3d18dd8d9acf85340687371ae247f5a6,1,0
0x84e3b912e20b2fde67f0dfb081d8c520528afbe1,1,0
0x852821dafbc52c2768de5d674baafb747dc8762f,1,0
0x853e2f30a50a352ef50da288657ba2e9a4cfa5fe,1,0
0x856fcc5a33f9ebae17d015c1d514ebf3e61603a5,1,0
0x85dbe4b32eaf08c1e0406c19ab88093f99e2242c,1,0
0x862a45a42be7069ee7b82df21c182570fef8b95e,1,0
0x8634d3e2afde576957a38d9dc1c7c7f061ce87a7,1,0
0x86c16f44bc75851a9e2e16e28366add78169fea9,1,0
0x86c2a2fff7d6d41147b6d22807f4869856be595f,1,0
0x86cc0a9f71c1ff2a908f3bfb8b55a0f27dd09b59,1,0
0x86e6e8a2b02cade048f4b7e764201acd32213497,1,0
0x86e84ff2712ae5073aeb1989380fbfff76c30008,1,0
0x86f00ffe3acc284c88a007f2c198749e4924f137,1,0
0x8738ce82f365bf1b2902b5c77462f000349fe137,1,0
0x874b6d9621f87ff650bb4637b47772e0cd4792b0,1,0
0x8761b915fee55f5f8e7baa471723870357489437,1,0
0x87e312c3c5e3f91714c8b5462128400eb92c609d,1,0
0x87f99aab98bdeda5bffa40626b9fac5a7884a431,1,0
0x8804a889eb9d2d643ccc5be7c8a60224a7828502,1,0
0x88899eb19a273ee6d62b7dae2bbd5db2bd36f1ec,1,0
0x8966d8acbb4b0d5830fca4b0dd3b134e41049b19,1,0
0x8983bdffb9775c3c0984a649175280d29c76791a,1,0
0x899d80521d071cdff337bafeb5d2f006a3a9b6b2,1,0
0x89b5512840e13341bf3c0487c97c36aece83ce2f,1,0
0x89eea3376afa2ce6c4f79e2ba849a7ba4fab9c2e,1,0
0x89f643e97c8c7cf1f10dc63e8226e78117707d42,1,0
0x8a242ded5081e46e51507f71578a90ac5f1ec14d,1,0
0x8a35ce8e6f27348372d30300d3ee4f6048b2e78a,1,0
0x8a3b78c4d72065f2cd7b957050deea3807a7f077,1,0
0x8a5760aa495d1deda998d2c30d625478b84741f2,1,0
0x8ab86546fd3a0143eeabf4320693006f354201c4,1,0
0x8ad9e697a21027c53f1ba0fd20e75c5d61dce3fc,1,0
0x8aea29b4d35b3b52d09e84ff77add5d239a769a7,1,0
0x8b2ea473b822a0c02c98b082c05c8e60e4d50fcc,1,0
0x8b4153b6f306d4523834f97f8545ff7fe2a65456,1,0
0x8ba4cf0c5d0772aeafe014b00608e68f7d95c1ca,1,0
0x8baa197d589a06e7ba99eff023b01941bfdace31,1,0
0x8be81caeaafc0b4951b8392921db1048dfd3cc1f,1,0
0x8c3d8cf52d9895d529e0789cc0dc962649d12674,1,0
0x8cb55fcedc8264a0431f3b954560ebdda86febd4,1,0
0x8cc88ed2ab6c5a022483ad720e59c184fe0de01c,1,0
0x8cd0c9c30bd904ea11b52a1eba3ec20cb1ef4e1f,1,0
0x8d4bf56359322d35addbc827090b8b2444c9e7b1,1,0
0x8d599703e1a618daecccb7b1f2d060cc9856d819,1,0
0x8d8e156102a71d1cf6928da6974ae7e76e5578e3,1,0
0x8d8f10e4d943f5b5ebba249ea759483069a3c4af,1,0
0x8d9486df1bb62f546c1dea11cacd49f5dcaaaba7,1,0
0x8e03e99b358b48f02415c56ab1d5d90e8fba05c6,1,0
0x8e31d63313b75112f3f33912696a1b264951eadd,1,0
0x8e478f82daf8bdc39696da3197ba53f812bc805f,1,0
0x8ea6b66e0cc397e645e44378dc6595c73326fcf5,1,0
0x8eda77b0d64054ea53a76805c08b24f026517e5f,1,0
0x8ede5fa00c49b0176d6048094c227d5ccfa1ec1f,1,0
0x8ef0e8994d39bf40726d00dbc60a4ebf9652a6d7,1,0
0x8f158160b3f70bf80983323db9ace94756e2ece4,1,0
0x8f2fa51feb37c720e8150a57bcaee4bac3d3a460,1,0
0x8fd37adfea59fad7c5ff7cc3c3c073938f09bfcf,1,0
0x8fdc9179761f0f1dbfa90cf3391d7204c548c799,1,0
0x90881fb5d24edcd7c3586f53a7e658c4864d02be,1,0
0x90b38e3962bd5366f62f5f2c9ad6ff4b9ee7e25f,1,0
0x90f7b2ffae4ca69ecae90bf8d37af381e0683011,1,0
0x913916eff44744b146c1beb318cc9534d36a0476,1,0
0x91652a14a8b3c4afb128ad1843f379c63f075fb6,1,0
0x91a97527c65abbbc1a65f1c30df9bb8933dd1844,1,0
0x928e3f59f5193bf1497adb14d4e25b34e707f016,1,0
0x928e8b34e4585f259cd645c5b7e45cec5addb845,1,0
0x92c254ec2c717e57f1d4af4487e3ce7d92b6f8da,1,0
0x930d5421277593597db35ca4bfe72901bce259b2,1,0
0x938354dc26ccd4988770c21addd265b7b23ffc77,1,0
0x93897e4ae01948dfd3bb81b892f7211c303bf3dd,1,0
0x93d2bdca32d63cea758f34f991f8b00f22db74d7,1,0
0x93fb99a4ea2134d2d66ea4821df435ccd500fc42,1,0
0x949cc1db823aa4923e035cb49549dc983c0086fb,1,0
0x94f77e4739a7c9966e1ca1e0022b7b56788c65d1,1,0
0x951b9c9b002d094231161f9a43c4a849f512fc0e,1,0
0x9587de586dfa49cf33dd5b30679450f3f6d1fd9a,1,0
0x95921a7b7a1ac65ab70844711c522fa88ed21ed3,1,0
0x95d5ae7028cf4804b3233a1f4226cedd853f9470,1,0
0x95e883e5cc44a479d37330d77f298e6041a1ba1f,1,0
0x964686a6cb1efd9ecd7b53086c24d0aac53e0c69,1,0
0x96b288610aafa06d75134a4e9be9adbf6ab9ae32,1,0
0x96c25a9c3c3a69c35faf2854a2da45687ba411ef,1,0
0x96fe35079e64c0b4d251db0b5764d0197fe1a6be,1,0
0x9711ec150ab457ec714a9bab4883bad3447dbec9,1,0
0x973d93054c5bd820c1cf4426660ed41840d5f6fe,1,0
0x97f91e3112ab2492bd7681c9cecec72ec0c7be4a,1,0
0x9830d6b37fe7488707cc4ad7f8b481d75eb2a8c2,1,0
0x9833975ab00426caafc306a668d5317dd084c4ff,1,0
0x986b74ec0a06357451f87c2b09633b362b73e9da,1,0
0x99cb34e4291e16bc625b14332d45edfb475abb60,1,0
0x9a02c01d969e32e0bf164a227c90c2c11b373a95,1,0
0x9aeb48b34829f1c8d0e33b816194dad6581bacdb,1,0
0x9aecd66ccbe84620f959cdf0ab94b07a3439e282,1,0
0x9af8b77bb54c40142f195e28591a21199090f84a,1,0
0x9b062fc0f77f1ab313be5ce0bcc762c10c59fd8e,1,0
0x9b6eb2568c9bdbe0ae591951e2d9195f624f2bb6,1,0
0x9bad97046c2d4f6722927856b4683748dd25e207,1,0
0x9bc1faab7a418c83f12529084706b83ee51bdacd,1,0
0x9c0fc47022053d5bb9397118b5e27c1149d307b5,1,0
0x9c1c3484ebc79a5543a3ad193573eb0250756e55,1,0
0x9c2dc82dd1c7d80a1f02fd9b8961204fe7072435,1,0
0x9c529af39499eec506ac31fdfa13bb299c2c2a55,1,0
0x9ca1892b68a0f54e342108f79d4068b7b0d06e42,1,0
0x9ca2491f107dd954b99c7f5a4180ad09f3b0b4ff,1,0
0x9d59e0ebaa3f0e597771336d4bdefa4c3a9c4487,1,0
0x9d6746eeaea4d3028bc26be5cb85b4c4a53b9b1e,1,0
0x9d911ed974fe8e28233a8e39e199b016b47625fe,1,0
0x9def3c855a561b28d517b0b6333c8706d84446c2,1,0
0x9e3380c3de878b40a00d0217c0811dfa64029d30,1,0
0x9e929f174354c0da66edad0521a60240f131d2c6,1,0
0x9ee07a5e67f80be1f1224c9c342cb0042ec7e398,1,0
0x9ef29a6582eccb3af75cec00e7d7fa06f9028454,1,0
0x9f15ee9ff6fe89298ec614ee8e7c25a5c8c6d61d,1,0
0x9f336bed4ab428485e58aa6b814236262d99eb57,1,0
0x9f63b6e545cb504683676ad01c44ed92e45c638e,1,0
0x9fc0214453fed4db49fdc301a6a92596e5ec2b59,1,0
0xa013a0b118eaaf9625db57faee049c993a8946d0,1,0
0xa029d096725d31f967ce00ffd455f340e74ae344,1,0
0xa02e1b118d885c5f6e89668bf4debbb525d3a0c0,1,0
0xa0a363825d71a26fd52e88fded2f1904be84cd28,1,0
0xa0af48142e0d0c2ad15907e01f61e8ec4ca36b4d,1,0
0xa1752f2aa7dbcc6cec92d9c78a43590af7fd0fdc,1,0
0xa177796de38ff4740520548c8bbd00157bb56169,1,0
0xa18a8beb487548f7d4d8ae8e08d9409178475b5b,1,0
0xa1c6808b8f08d091e2826c9640be302a310655e1,1,0
0xa1df0abba9e43d92ab1a364c1335865c48891d74,1,0
0xa1f0d97364ab1bbabca5cc3510b2c708aa80610e,1,0
0xa228d12b35eaefde0f51ebd23afe431196c6c293,1,0
0xa288d9303d0c19ce8651e7f69d6f17d80070976f,1,0
0xa2b2ea2fea56df508abdb5baabec10567c31cd13,1,0
0xa2d9d10acece8512a99a3048c88fa274ba59e2cf,1,0
0xa2dd93b1989058a1b10c503fa16d5a234dff8aa7,1,0
0xa3576e271fcb1a7b8cdd0f297213eff9bcb3d654,1,0
0xa3bb19647fb2bbcff1b288c90328bcced05ac261,1,0
0xa3c4d249cd961c46e10922d0622fc6fe30949761,1,0
0xa4030316102a111ba02886e616644392490a3f90,1,0
0xa43867a72cbba85af92a5d171403a8858d29cefd,1,0
0xa4dbb5d23bdec2fcbbb4276f84e4d7cd2c1d3004,1,0
0xa4e087ff3e1cf47c1ab9d05f9c9851d5eca2fdc4,1,0
0xa4f0109e067d5f199560bffbf0453f65f8e3bbc1,1,0
0xa509222c407ff77d0ed2e47920c8f66b02cce5a4,1,0
0xa5505b597185eb4db0280fdfec039cb8bea4ad55,1,0
0xa5a5294f5b16ca77172a786b4e25e24feb5044fd,1,0
0xa5bc5879ef8eca2cea169001590afab05b70469e,1,0
0xa5db46bd0decb2b69f655486dc43a84215f744d2,1,0
0xa60e04175788f750418528881e570978c1e46e55,1,0
0xa61e8a0693839422856fa1f7828715dc60fc4225,1,0
0xa62fc059190c5a77300fd27126060b62a272119d,1,0
0xa6547607e18190ef82af3e832b098ebddeedcbf4,1,0
0xa6b1c89d1b3fec5b1f407f5e6e9daca76cb2e112,1,0
0xa6bfcadcd126a48a34101fc30ffbda9b6a2c2999,1,0
0xa6ccd081fbe09c3500cbfe6690d53c2a704b0537,1,0
0xa6d894001269f9b1e7ece55a84da4a72b758c6e1,1,0
0xa6fe763e1cb7c554e79cff7c1f8ebb0857d8fff8,1,0
0xa7035cbcbb06a6fb19a07441a2cb90e4db7a18ef,1,0
0xa76483c1bc810fc7ad129af869439cf05c0b3004,1,0
0xa7f9007ce9d11f1531b1400308875f9405595eab,1,0
0xa83744ebb1321e21df821759ef43f80a9df279aa,1,0
0xa86b63dc75ac5b0c50f87c5e27238947e6f811f7,1,0
0xa8853b72d5fa9443cae1589341cdf7dd4439a9e2,1,0
0xa8cc55036843da11cf4588c42391d705f6d1dfc8,1,0
0xa9491cc6cba146d3dbccbdf666bf07cd250ae1fd,1,0
0xa98a87e3884434a2485a4571d99d4ed7cec2bc95,1,0
0xa99eec7ed33acb91a4ff05ae05f41a9abaebc230,1,0
0xaa23f0eeb41ccf984af9c192f260fefbbcc0d8ec,1,0
0xabe3f62817a451bf4595fd454c6a99db7d8ea6f3,1,0
0xac11596f6b35b4dcd22975a7d9048a0f21d4a2ed,1,0
0xac19d3ddbfd81307545441aaac9b77b9d186d31d,1,0
0xac55e93687ad226eecd73a3bb37a37d9ef41d327,1,0
0xac809a4eca2b2beaea66efec7e98e9860bb613a8,1,0
0xac8e9c42615c69558b9541d50555a011a42e950f,1,0
0xac9887f4c8fbfb0df1eef62c2bfd7dac80b7e175,1,0
0xace8ef6b94fa686d2515df923dc4d3851644c919,1,0
0xad8007e285f2d29bf9b01a3e1d275061a28338ea,1,0
0xaddc1b4cef3e88591f7b59322caae142bff9682c,1,0
0xaeae190d51851493062e36b2a82330dd3216a709,1,0
0xaf5c40cc6588436ffe0aaa6ddbda980d61d9bbc8,1,0
0xafeae88d8739a90a10a6ca2e7c6cb8e2afd4b74c,1,0
0xb0043a33c9844cc66d2b5bfb9f42bae84d850115,1,0
0xb0a6f58c795160b86a380b0aeda09942d307fbeb,1,0
0xb141e890c84665e88355015354b207e9ffc5d884,1,0
0xb1b8742437dc4ece62d27b647f2e4ebb0baeb6d3,1,0
0xb1e87889b4bde8737c561810121bc8a12a36c153,1,0
0xb23d3f977006583ac6d2389aa414e243463d61be,1,0
0xb24df1f956d7e416b51fdbfb6fdf8c279f46e9a3,1,0
0xb26b48334d1c945184f05b30d0fd9dcce6f271ad,1,0
0xb27345500f3fc54f46752763e91adee61cb1be3c,1,0
0xb29288af99c41c7c66c652777856c2b97c3e0f93,1,0
0xb2f3a0b0e1c84ff713619a9de6aee216fe8d19a9,1,0
0xb320dbaae9a9d94ae4f4eed7970df9818d7c7b54,1,0
0xb36d8b396e95074f05a1b4a66ebd85f2907df6f5,1,0
0xb372efb6439d0a07fcbdeec534d7627b5fc012c7,1,0
0xb379c64d950d46705ea9c1538dcc7186bd88b145,1,0
0xb3a29e6bee26663772e4d9d38b453a5add44433e,1,0
0xb3c3b43cb46ef3c0dc3b5afe71eca5adbd6b084e,1,0
0xb41a43ac78c5eb88eb8e265c02de9345bb81c986,1,0
0xb44fba6aaeef5ccfa9b77e8b67907002e59fec1a,1,0
0xb4eacf57fe639bdae0103bb0a61e60b5ae3e9aeb,1,0
0xb50102b422ed00f64f4365f4c52dacc334486825,1,0
0xb524cb445649828b6aa640c5f7beb38853f7b15c,1,0
0xb5b7990b45f58b2afdf596dee1c46ef32fffa3c5,1,0
0xb61c490537d4b59c91d6079473cb9ff7e4efc7f9,1,0
0xb621977a8d5064a891ef2bc074c4da8627551a5e,1,0
0xb6b89cafb224d546a40e4786539ddc5a8bab47bf,1,0
0xb6c2a1d4356e606e07ceb23a56361e93afc47963,1,0
0xb74e6ecaa646df0134ff65da1892525cc902240c,1,0
0xb7a1fb6daf6ee4f19f82e4b3284b2fc83c8a0349,1,0
0xb7eac97a802e2b6419a9d89884267a2d37ac7d5f,1,0
0xb7f6cec2fad84db69bb8787c66af1d64450dc653,1,0
0xb832c3a905adb8ee1f998caf5cd4a5dbfb1a818b,1,0
0xb8506ef0a6c574b11e1ea9b7218ce990d930f459,1,0
0xb8588bbd4f1a026314ed98f0f92e97ba0da8bbda,1,0
0xb85bb9a82dad89021c3e89f539d4a9548d9038ad,1,0
0xb92a8d700b990ff8ccf5452394474e09e46e62e7,1,0
0xb95c73cea3c3272ec61bcca7fb2640cdd0774997,1,0
0xb9d52db16fbe3021ee8f7effc41209e90f43e7b3,1,0
0xb9dba2689e84adb70ee87defe76362accb0a96e0,1,0
0xb9f52277b7976b0f512162e109facfbd6c18b73b,1,0
0xbaa9ea762a589b917960d17cdf452a5c6f1e1492,1,0
0xbb0bd9cad0d4261edf0fa8ade7533dbed700ac29,1,0
0xbb943999281ce3ba3e7099f727c2e6b07d80ffab,1,0
0xbbe6817eff525378d7faa0adf82a6497d5f79a43,1,0
0xbc901b8c47f51e6e33f341de53d425973df38ea8,1,0
0xbcd50e721fc7662072c9254c399304543ad408a9,1,0
0xbda6d44ff55426ae251093621a66610c231cfd82,1,0
0xbdd4755af9529e1159a44bd8171dea7c6e9e14ec,1,0
0xbe24ee4e46ce0d05dc325549b56ce87e9f8e1864,1,0
0xbe7c29ca76b08fb3751bdb49246c05b195cb9d1b,1,0
0xbf106996b98f59ebf82a2cc9660cf0e65bc1a669,1,0
0xbf2124feb3c42a3ace76ddcda41cdc0dee29a711,1,0
0xbf88382a1060e3ab9fb9880a60e9a507d2ab88e0,1,0
0xbfafce074cd762a2b2656bd84c27f4ad257b524b,1,0
0xbff847e16f2fe02f482fdc354ff44800d7c436b7,1,0
0xc000c75b1455760f8c277973e40000b1acf490a7,1,0
0xc01d84ca65ebdaf678c53312b3d65abada9faaae,1,0
0xc0e129057c315f1c8b819214a3748d6a891ac81c,1,0
0xc11fbf963b13ccce9471a3b7e93051fd49aca40d,1,0
0xc1e1d684767e7fab411ce20daa6684f878cd5af5,1,0
0xc1fd4cd1858c6bd7efa96f239e04cc46da84a69c,1,0
0xc20872e243e776cc7cd141a2bb462b498208a471,1,0
0xc24c2245ce969f40089002f884667e46b545501e,1,0
0xc2676fe33ec4093df6480eaad6f368143d565c82,1,0
0xc26fad7d94cd667dfdf690161cbf5159d9b11ee6,1,0
0xc2c207fd2052c8e8c3232c0a6a390826cafd4515,1,0
0xc2c461739c7314bf9dded39384f5ca3251f34c85,1,0
0xc34347ceb77bad6c17ee7a6b1bd85758f4e5ceec,1,0
0xc380317ddcba652f37f2333d08d318517ef002f9,1,0
0xc39101a509d85b63708a806d21a5b136ccb03755,1,0
0xc3a6f32c13d1400ff5cdc5bffd07a29268b7ba3b,1,0
0xc3c37a18229f3ab51d487c450d612c9dddf8f720,1,0
0xc41d9abca3ee471ebcf9c816898d22152f6f8d0a,1,0
0xc4273be30d9b6adc024e31d8ae9dceef7f5d6b71,1,0
0xc48973f9e6c4c4532ac76d3ce4c6d94b571f7efe,1,0
0xc4b42e56eb7657c465e33da8111f028bcf743b43,1,0
0xc4e607f03d80094697d9f1ab07471a0b6c5b6af3,1,0
0xc50b4067558c78732c03f8fdf01dd8202bd1ed00,1,0
0xc558daf84e03e2e85016daccb15eaa53ed968085,1,0
0xc559aaaa48a92731081260f2f9720dc715386d3f,1,0
0xc57f83e180f3908c0c952809b515b9e3e4ff5287,1,0
0xc5a6768191bd34f0af9b64c4a61e6852f0244adf,1,0
0xc5b1bb30ed5853069bedbb005ace777cd4fe3c67,1,0
0xc5c2967113f0add364c50da979803bd242a8af7b,1,0
0xc619b1c61e6c95d73ea4ea27423d788bed83d43e,1,0
0xc6b264baea51d63ffedd235ec32c8798cec29e9c,1,0
0xc6b74535f0a0757d8f08bc7a205a0db358b36692,1,0
0xc6e56498437596cf8d2bc39786a310edcc427fa4,1,0
0xc72e316d149367babe1234697e390ed43f77d23e,1,0
0xc788c088d1ac73d4e61cb0a379a72abb80451633,1,0
0xc7b9e0bf8f1ace3af9a4902f282359064310270f,1,0
0xc7bc8afb7c47f70ba796a618c6fd533f855b15bf,1,0
0xc7c92176c1f811fe6e4ade8854a9858868382d27,1,0
0xc7d3fd7ceadf3648d332807026b7b6bc0bbfa878,1,0
0xc7f3c0e1ef8747015dc69a67ccb25a7fb07f6fc5,1,0
0xc81bb799813a350f103328d510037eb427158aba,1,0
0xc83ac2b4e8ab6efe97fe8768b85c552b850eb86e,1,0
0xc8f25fed2fcb19fe6fa3a646d49e18a5a8728e78,1,0
0xc8f83c8755784c814780369e8224de7985d71283,1,0
0xc96ec29e2386b7ca288f798c3570ebdfaba52eaa,1,0
0xc99dd1ec751a6354b7b7a4f9997992cce9d69049,1,0
0xc9b809a8152b792c18655e697432a102b42fe25b,1,0
0xc9ba00393fa27725d9126644ceaf28b5d29c2a1a,1,0
0xca1d29248b932e86a5e54ded9a36164966aaf892,1,0
0xca5d33dfe5c0910de4230aa7eb6832adc80799a8,1,0
0xca9cd9f15335940d644fc23e5fe13a37229afd19,1,0
0xcb090ae23ca2c66a2e1dd0743a943db37b270eb9,1,0
0xcbe3b194d7718e1de6257107e268361a85643df4,1,0
0xccbc9c43846d7bce8f837ee214101099ebbe514b,1,0
0xccf5a20c1286f40d373988f5d69cfc872564ae1d,1,0
0xcd8a291ccd54e71ae45a181c6135f6866d5d6b44,1,0
0xcda5ded59892ada29bc396820181fe1c843985b7,1,0
0xcdb001a2a4e4b1e3356a89acf23374331491e535,1,0
0xcdd35148761ffc68931bf3f1847b6525c1e146e3,1,0
0xcdeda4989b9a7c40361bf10730fd48aa29ac8fd7,1,0
0xcdeec7e332f5c11e2db5c631b5950022ebb8f330,1,0
0xcdfbcd8611628b5dd1cc49da7ea4fb27e95b4f87,1,0
0xce52808bbccd08abc0d3be251eb44d7e1408553b,1,0
0xce9b1363fd7920a038c668304cb5c4671a4ed0db,1,0
0xce9e7987ae0f636d99cb80eccf75951217f09aa0,1,0
0xcedf2a4650fd21c79c40adb5cf242be88d14a76b,1,0
0xcf24c17e9cf771bfcb20ce6e76e7ed747793922b,1,0
0xcf2516d48d8ce580a4fd03db9eb173c667e202bd,1,0
0xcf3a850c6ec7d9f87ec802c14010953b74b80937,1,0
0xcf44a5dc203cdaf539ea04e1ff97224cc9a9cb84,1,0
0xcfd7bba2d60cf98ba941fb17b12c58292bd2016e,1,0
0xd01336a93c77a725fb779ceb82024fbf54a271d1,1,0
0xd04a65a325cff482806e756063763503619dbabf,1,0
0xd09d3c8254424ddd9f1f68b76e04210c5de7af63,1,0
0xd0b95240c92fef5815fb2770c778704d4712aed2,1,0
0xd0f66bb6b738b814778a8a7dcc6671daf5276985,1,0
0xd0fa9dfb2fc440bc03d6275ec56e8983c414b727,1,0
0xd1138379d13b8224ec52b4309fee33690545bfe0,1,0
0xd19bdb005b4ddcc689cdc8f2dce8dfc446351e2d,1,0
0xd1ef5b6bec4586dfd6053a9e7f2f343d2ece11ef,1,0
0xd1fd90e83683f512cd3e4ad742aadbc3e464d312,1,0
0xd200e8a0562a964191a1e6339c017d14070a5738,1,0
0xd21b6e484f451d3b3baceb561c0f5a3bda2a88c6,1,0
0xd2376448ae86bd4b9b518d0978f49dbe76e37940,1,0
0xd2413631c3070962f37056b3b5693a98c4f9db12,1,0
0xd266a3be4df409ef3d739ad34c0b7952dcf9a5c0,1,0
0xd274a849b2d9389a36c610ec456e8d4450d1d883,1,0
0xd319b0ad52ccfc4024b67770e5fc80a36b58eae0,1,0
0xd3437cf7e7dd49a0e98a0b40d9ff9261b0cfe39c,1,0
0xd3448ecbe622c108ffa468d935e6c52169276b44,1,0
0xd3b5329c28b624f3be3960721fc81b83932bae35,1,0
0xd3b8f032a9e44345cde160b2d1440d3a2b73915d,1,0
0xd3e8515e8ac7941ae6608e1158b7a2312afb84bc,1,0
0xd443437880957010d574025c80f113c002595f8c,1,0
0xd49445f1137af7bb756611011f05348b78813a0e,1,0
0xd4967d2664741ddc9d53a5315657778bd4ec1c13,1,0
0xd56eff519157947cb0c7d212457dc62a56e8e586,1,0
0xd5cab85d1e780e1951e1c16d1c4386526a74e0c8,1,0
0xd6484d3af419e3af3586b93e5dcc26b7808cf326,1,0
0xd665fe400b8a3b6ce33201f980d4d549aebff11f,1,0
0xd69bd007d646c83bc40fd98e4d3b5380ea0ce095,1,0
0xd6e884a6948fe91bafb3be7d0d485a2feb9e01bb,1,0
0xd703cd183c422cc380d4ac4c6c10eae9c8ca114e,1,0
0xd715b574603241ed96d298618c34235742846587,1,0
0xd7abf0718792e44c962f0b2601d5c006f119828d,1,0
0xd7b7cccff800758baac8b01c7535defb7f2f2f93,1,0
0xd7c6e2bd795c1fde51f5e24f4f542ae431fdac8c,1,0
0xd7ca1e05d54d79187ca791f77abab2d0d787972c,1,0
0xd7f570d81a8c94fbe57083c147d6f7a37880ac1a,1,0
0xd80ac8666b8773076fffce2b90efc197bb1c808d,1,0
0xd815e592f4effcf76b1f4b4eb823c19afd13b5db,1,0
0xd87ded6b0e47c668478c32c8df8efe56331e45e2,1,0
0xd89498a627ebfb7065eedeedd0b79d0e87472efa,1,0
0xd89a47b529faca9fe97ab8ea2181d6cd59b33cb5,1,0
0xd8ae3ae188f5b926da873b3950faf590d9da8afc,1,0
0xd8ca13735e65aaf1f2f3d1a9d52c827d97fc17e8,1,0
0xd8e4531c1e631bf432ec4e4c18c922a9b1a4cef3,1,0
0xd99c4db7e913d899a46da2c1bb11eb600fed2333,1,0
0xd9a160182238251391aba498a8d9d8d52a357b12,1,0
0xda04862735138ff7d963ebe1f0ada67ebc38d6b4,1,0
0xda4932636901e726c178c73ab845d903130d5928,1,0
0xda4c8d88f6a04fd76da83e5ca65004b05ad45a27,1,0
0xda52886bf712d0044ce5ca86f5d48b9af3050da7,1,0
0xda7c6a6c88a02f71dd95a8bd39051aaeda8f2d15,1,0
0xdabc611ab49856c554a331bda3bb207c7b9f4278,1,0
0xdae5f6fef1b63e3544281f9eaeaede2e5f541649,1,0
0xdafdc8920c781267965f7cafeb0d963bc34ee154,1,0
0xdb058b700a86d1d9bec79e75d4f5a8499c6debfc,1,0
0xdb7fcb65b113c21e29d40b1cf13605a2822c886a,1,0
0xdbb3f9853792da2aced3ea0777f8ba5e881f7a76,1,0
0xdbb42fd8d42037f340ff76a3402f644de869f921,1,0
0xdbdca88efb71ef8ee2214d6b8745c308a81e5291,1,0
0xdbe5dd9b1b76c540a62d05c034c7e82facc2e28d,1,0
0xdc02781bd75fa9102e00440a7e6176985430074d,1,0
0xdc23ac9ddadb3b95168a24a36b885cec8a7c79bd,1,0
0xdcdee67f1381ce9d0db945b1b7f1267ce1ff0086,1,0
0xdd39ca99b66077675e4b544fd34326acb5542653,1,0
0xdd561043b9134eace8f86c25ebe39d1468a2079d,1,0
0xde59bbfd84033c31fbc0ca32029190e5dc64a24a,1,0
0xdf15c2c505eb623e69ca573f00ff9415edd56a39,1,0
0xdf9d0f10b85ca7ed7c6b86844c9e1b7222e72522,1,0
0xdfdc4f01272235f5ee8f4d065d0e0659bf4e55e2,1,0
0xdfe2402236479ea6cd3dd5bb6e0581cdb3d2b6e0,1,0
0xe0b867c17317d1296ec92e43e045313db4b0f21d,1,0
0xe0d7ca2fada9d1b526e61be2d33dd7840a5ed494,1,0
0xe0f0ef6c6602c94631e8241a6b87ab22aaa69a7e,1,0
0xe1339cb93c0e295947881b76a9f5a092bd0f3203,1,0
0xe1354f76e2c19710bbc07bbbedc2a7c56abe81cb,1,0
0xe186e3ef9137bacdf254cb4f700fbd32045560a8,1,0
0xe1ba1bc061985f6a23034282f134a0cc8127f4da,1,0
0xe1cb78a72facc51d6f49c9a483132f860bf90d1a,1,0
0xe1d70c9846a6e46d56aabca84edf966712aeb246,1,0
0xe2172d4a0255fb4c9ad037fef2ce9e9532510b31,1,0
0xe2368ce6ebdecea4e2a80f9daeaa6a0b605a5ba8,1,0
0xe25ceeb9a75016c915a4ad4c6a715e3ea79b8786,1,0
0xe37c1e442ed98b5a0c7822e4a7568bf26101e952,1,0
0xe3d443a4ef95b8aa4e0e7a79d6fc2ffd39f5e7f6,1,0
0xe3d4846d453756fe474b24a1ec9cc15f2bde3d64,1,0
0xe3e150bc75aadcf73097ec9238425d4c41901529,1,0
0xe42683354478970514ddb3f0df30baaf3331cf50,1,0
0xe55af240c1fcba375ecfcc61a177f4387e8e1f29,1,0
0xe58dc737ebb63e5ac50e7dd48383b73570de9fe5,1,0
0xe5a29dd439c648311921a09e56e192437bf5fa7f,1,0
0xe5c1e803358d151d9199f164b7fa0f94b677b13b,1,0
0xe5c853441f1336ce456bfb2cc459cdaf6531c2f1,1,0
0xe5d772d9be087d82744c6160c462ed73e897df8b,1,0
0xe60735dfa82aaa9f3cc51a989ceade0447260b94,1,0
0xe6364ccc7f05656f93aea5836425a7af871d9171,1,0
0xe642b72d5dc2dd092d605e6d8fa15395ed19832e,1,0
0xe6657b71fbc4fcb15b6e57d41174a73841cc8ccd,1,0
0xe67e23109762f61d216dd14b3592f917ceca8db7,1,0
0xe723c40788e8b547d103be0d202437f8922b5594,1,0
0xe7300ec11143d7655d8ffa58fdf38ff09a266ecc,1,0
0xe79268d0295d8d504a198729205fb47c88e3eb1d,1,0
0xe7e6428cd6f864a35312c5e6b0b73fb2f8306711,1,0
0xe80fa88d81ba203d90ce6ae732b2108dad0321c4,1,0
0xe8210e4cf2f4d9478837099426b5cee9de2bfa47,1,0
0xe86e99c2a9f8770c113e1d1f39f7d8e8c271f93b,1,0
0xe874ec5cf8d22f2277433fc548bed68ba9176d84,1,0
0xe87f7d66607bab70fc30812177eddd85725a2925,1,0
0xe8aa238fbf9fdb9fb083fab089e8271398d55f31,1,0
0xe92e488354b5c99a8f38202c2b7b8aaa80bd59e9,1,0
0xe945bfde6344f64062b43b1c2856c5fa5d58600e,1,0
0xe98fa3a0de1e0457baada7a6fc8c5566a21006a2,1,0
0xe9971be4f5d9bc3f0ee7b2e406022433505abd72,1,0
0xe9d1df9599aec35384baca563ee4f6e44b15664a,1,0
0xe9d3e16d975736c1955fc44a14b6ec9dfe3a2dc6,1,0
0xe9f936738cb08e43194388bc10825563fad4bd2f,1,0
0xea10866a986ea7b16657d17f596ea7586dcad37b,1,0
0xea4d71ed2097c9234244cbef3b8803d708b8619b,1,0
0xea7ced71d6c91bea15860e9d83c5e850864e4433,1,0
0xeaa8f0a3d8d31fcd9badccd4a3ff8d9dff690672,1,0
0xeabe083302f287cf430c5173268fbb540862dd25,1,0
0xeaf16cfabf6abdfec68dcf7fbba9b7437ceefaf7,1,0
0xeb00aaa45449055682e96fd6111c937827e4b4e3,1,0
0xeb2be9a4ce815c1328957f09cdc63826d55317c4,1,0
0xeb35f05d5836062e40b17b43c13f7883f5c57ea0,1,0
0xeb3681bd9eb594e5ff5fbd7dd99a0d6824a12f12,1,0
0xeb4eec4e1946f0ef984b09c594af08668b7239c7,1,0
0xeb744a8fb04f8b02cd73e45c92afb986590d46da,1,0
0xec801f2ee1e6202c0f8a36adaa1f246814196cc8,1,0
0xecb498313bb2af1e536a62f74ba2890393911ab6,1,0
0xecd62cb72362933084d4e7fc71d881a858752982,1,0
0xecd9dccf35e96718bc2a240761ff7cf97b7a0e2d,1,0
0xece030927c62671ba7831efff20f51adeae7aad9,1,0
0xecf47e901c320c2e22a6e11d13cd9419ea94807e,1,0
0xed1c001bd2afdd8976fe7ac91ad4a64c17195868,1,0
0xed6e6d566fd81a25f47d4afdff767da961713f3b,1,0
0xed74681d22ffd57fd365eb25745fd2f2930fda50,1,0
0xed9a729c7a800f82ba2356ec2cbee633b947aa28,1,0
0xedf20419efecd79440c05cc645562d509a164263,1,0
0xee1104d95e73172ccc1cf444084ddee425ba47d1,1,0
0xee346903a6a2da184034c24cb8517eb76bb09429,1,0
0xee3d9a45361fb997fa7db76b82030318950be2aa,1,0
0xee7a1a4c19ee837422357a130648779e598511bd,1,0
0xeeb4737757dea0c7ffea7b8906c89769815c65be,1,0
0xeee6f39fbff7990c72db0208eb7921368a3e0cf6,1,0
0xef034de4169f6f251edeaf595919289342269996,1,0
0xef401f073c731ed6c32c0eb971686482db58410d,1,0
0xef76a2dab80f0a49121cc307fb0c5af5388ab91c,1,0
0xefd4fce11d86d062d680b0ee936ad5eb6f2fe20c,1,0
0xefe139ecee9b787ae4329814058003e81a3a40c1,1,0
0xf0f0c3ab65b356245fa9ecc41208dbb95831167c,1,0
0xf129ebb070eaaca17b7399b3a83ad34aefd0e3d2,1,0
0xf12d3b47b948a3ec03d55a1a61d6a612f8bf05ed,1,0
0xf1d9602402139fc085d1dd2c965a42469bed4614,1,0
0xf201007093ef7ca559c5013f40e84b2ab5a0308a,1,0
0xf205babc53fa10df86c8eb9c088be39e8653092a,1,0
0xf217f4258941d972a72acb4e8fe02e55517f4725,1,0
0xf2315e7c6671a3502a4548d619af779eb222fb51,1,0
0xf23391c257d42718bd2b55255ca2cf86a08ec490,1,0
0xf2909dc0070d7359b0fb3314bf8514507d1e6692,1,0
0xf29e90422bc7eb7887731a036003f4784eb38141,1,0
0xf2cbb6c8828a06c22ff87528ea6dcd0c6be23e04,1,0
0xf2eb35df44eef8a352ca677eeb2ed15303a6ed15,1,0
0xf35e4d3fb41704508477d8026c37fa091e5c16fc,1,0
0xf3a1f8eebfebaab7e8c964b19c0c7b95a7d3886f,1,0
0xf3abb9e2c3995cde1399258a6b890b70d075604f,1,0
0xf3b92bd93ba2c595a096343fda42917bf1ec1f2f,1,0
0xf3f0e3318ec31ea856b5a0e755183aab6a956f96,1,0
0xf4115a0c30656888d9d60ce7cf2e865ed72b7a51,1,0
0xf427c2cac78ee99246035ed0fbdf2e37001777c3,1,0
0xf4369b8443e4383280ac1102d8a5fefe9c9d8d03,1,0
0xf56e55e35d2cca5a34f5ba568454974424aea0f4,1,0
0xf5cae458f9042bbf43b72cb9e3ec21bf54eb6058,1,0
0xf5fa85cca6e1fec5b169c95771fbb64c4b1f3400,1,0
0xf60214bd4adb92991e8159ef5fac8076df5c4c61,1,0
0xf709d20797e5a2865fd3b22f98dd69870c1ed43c,1,0
0xf70aaccbc01a82f66a25fdcf38a111b5c18ec531,1,0
0xf72ac82e3c05649f7e57c420db373045c758966a,1,0
0xf847c363942eda190dad328d90aa8b015045a9d8,1,0
0xf90aee8883273cd78c44b2c8038b36832d52be8a,1,0
0xf96001737520714aad93e2d89a4bb19636413518,1,0
0xf96ea98ad13398107c900df45f5d8f5a6ac70300,1,0
0xf9816c16d9b976fc2e1a560207ccb3b5dc8ec12d,1,0
0xfa40463f85c590180ad73734128f38da0596477d,1,0
0xfa8dd04ea8d21e70c53b53f4bd9f78cb0ba9f118,1,0
0xfad15f99a305ca17251a802f6a860cd9c605c218,1,0
0xfb37f8d01f7855bb1a05a4e93446093ff4738821,1,0
0xfb625c1984cfcd17d1c633cfee38cf9b76a23f67,1,0
0xfb710bb36d593b92d22b5720bd9255a05f235e54,1,0
0xfb9898a2e8d3fab647129020365c4fce1ae0e9f5,1,0
0xfbcef083924fb9b17647874510162bd4c202abd1,1,0
0xfbfb9abc3a79e4aea4933ffa1d5369d170cf1992,1,0
0xfc885ab6c056803028ee006859bfac1fcaa92071,1,0
0xfc93b551854e0379d6cf77a4ffabeedf57e49995,1,0
0xfcade309ea1eb777ccded7743c7ce460df1ba4fe,1,0
0xfcf6a970ca106e5ab4dd4f93eb122d7c6c639b5d,1,0
0xfdabd6bc3bf19c02409b10f722e8f795e77d8906,1,0
0xfe1b4c1d8841dc5d011d48ceeef0b45b8163c1c5,1,0
0xfe411df1a7be86cfea2d41c64b041c5bfdebd8f1,1,0
0xfe42390f3f5fd4902ad72cc0f5644c15845051bb,1,0
0xfe77f00de85f0a9775f3847e69c01980103aead4,1,0
0xfe80f457f7da69a55ec034b6f4c35686814d86be,1,0
0xff9b7761a70729164950ec7c322a9da0ea881932,1,0
0x000338addd2cb0d34d3342e68e66284f3474c5d9,1,0
0x0018da8a76ca067e7b2be795657d3fd8dffa0963,1,0
0x007678a2fb7ee0e04a6b1ae37ff7fd6cfb22046a,1,0
0x0079d0de44d1b4f19bd5236e73a0034087ab25d2,1,0
0x0084097e1ddee3aea0c6fbc8d381577ab6a5f0b0,1,0
0x00bd5363cdaa95be2f20e93a267312254ef3d935,1,0
0x00e7b49dbc4c2a64fe679ed0d00533f4d8d9895e,1,0
0x00e892c809bcfb447981358721a9b0aafee6ba7e,1,0
0x01004bea6919b67c1475756ea75019f3bdc40679,1,0
0x01968043f317311d13f0845b51da384b8ab99d94,1,0
0x019f86e53aeff823ef8e1476d47dbc930a5e23b1,1,0
0x01b59df294835e4ee8027e4a0471ceb546c23644,1,0
0x01b7218bda65e6fa071c75b348564c8c77f3007c,1,0
0x01f1df467ad9437b3dd23552fd6ebb9ae4538372,1,0
0x02151a29005b9a866b6b661468e797437c7555ff,1,0
0x0242de8989cdcaeaf9aca91ce2b2af87c32a4833,1,0
0x02454a870ef3f0c130abc133ecaa5602f42efb38,1,0
0x02655e0c65c93122bb71afd56cc14fcf26732c9b,1,0
0x028f2135da4a626e59b0ac3f4228f425e63c4fcb,1,0
0x02c5d02791dfba38300a8d553207b2e02b792883,1,0
0x02dce38d7aa1cf54807a3685ea972c6617b97a02,1,0
0x02de7fa1eb278cd2a0be2d37e7f875687532f4eb,1,0
0x02f6a12832225569e41507f93318833c2adb1df8,1,0
0x03528c25da4d12ccefeaa59d181055cab050ed5a,1,0
0x03fe5e235149b030717560685cf730c48f22ce45,1,0
0x042ea60956a7746570072f7bae36ba94a7197b9a,1,0
0x04353d117ef8a222777665be9fb21598676c1cca,1,0
0x043fa5380c4cd8c30900049ea38f36a09176c65a,1,0
0x04412b403a4b6d2f00d8bf93f1e6a5bcdd80d560,1,0
0x047e45086cf99c1de46c01a526f6420f08de3ea8,1,0
0x04cd7ea6f87ac84cd62cfda3171c3d81cbf5d876,1,0
0x050411e3e3d10deded92d073ec20a98105011fbd,1,0
0x053276cc8d71430156091ffd6bb1f94f41c586d5,1,0
0x055898ea81b220b2e740e44c482c195a580ab8d0,1,0
0x05eaea0051d92a994bbb142104e32eef9f64c060,1,0
0x0612cd355da87bb0034416b9a0e5020a4d0fa08b,1,0
0x0624eb468619f98732569c04e7a125a25110cf7c,1,0
0x0636499aed5f66fb96ed16e58d72000293c160cb,1,0
0x0651d678acab1e2217b138db0cc44ebbb83dc86b,1,0
0x068511f5795bdd15f6d06be96a1393bf72f17e8b,1,0
0x06b32c5adac9f1569ea4a11456af91f01eef7363,1,0
0x06dad2511f5a17cc2851ddde068e76ed0f503379,1,0
0x07039313d64a6951fbec0fe961712d17fb28250b,1,0
0x0727cb3fcdbde60dd7e9ea81b2778247b80bed16,1,0
0x07785eea099ece4c6b928f5d1eeb6366ba1b5538,1,0
0x07892e184a229bfc949f2db4f9d00c9c77b53afd,1,0
0x078cfc931ae9f8af630648f3c6c5d706aee28bdd,1,0
0x07b4ca3797e1743dbc7e91fde268198d206d269b,1,0
0x07c6349574db6ef14f8faef5b2884b25758b0372,1,0
0x07cf24bd6cde0964dbb0d8ebbd8c02e6a5698459,1,0
0x07cf98f4d3bc28e47ca8b27002250f87f10833ab,1,0
0x07da72d3abf39d36f0f4121ade3fe9c142b7907c,1,0
0x084cc8315ee4e27dca9168f41d13dfbcb4db41a9,1,0
0x084e7f880db7a1bdfa8b8a78c6c31b3bfeade0bc,1,0
0x087fafc09543fb44caf0d5158b913a8616f6e89e,1,0
0x0886367d49a4d13c5078b9e4137c347989ed96e1,1,0
0x08ac99e8f6b2b76bc1ff7035a387e6e801782ffd,1,0
0x08babf1d1d404e0608fc1fb2b536c976f8b468d9,1,0
0x08e2a6a1905d770fe485b7ae94cd28e57ad6f5bb,1,0
0x091893b403433454f3fe1ad59741508af4e2a618,1,0
0x091e5780009f074c6ede9e25409299c51385ae4d,1,0
0x092afec0800cf4f7d39b61ef32a836a7778753d1,1,0
0x09422745b2c38e6f92ac8d019281b2acc40e9375,1,0
0x0974316d894154e2d90a696c71e376410a2f9048,1,0
0x09857db7871cb04f35246ac126b933f825cf4503,1,0
0x098fd5e9eb1a24b12000a1497706c9e85b7a6458,1,0
0x099f275e7a4c88da95c1abf519b91e2675847aa7,1,0
0x09a9e8a37d2b4866dc52eedb20a9e83eaad140ae,1,0
0x09e43773e05d2c7f74999616bd701a6a0afafa98,1,0
0x09f5a7550d8889602e18acec711bdd7466f4fd88,1,0
0x0a324a92069b16d0d3d53083067d6b2ba6720515,1,0
0x0a8c33a7359eff8d306c8079b4043bbc1d887ae8,1,0
0x0ad8a3fdd123ef21ccccb6433bc555f67f154229,1,0
0x0ae2d81473d194837dccc4e8ebbf11994bc1230a,1,0
0x0b0986564007ee6e893a4f16edb47ee12c796937,1,0
0x0b2b36ee751e57b72a14ed2264740d874b90943c,1,0
0x0b2d869d3e38d63f15392cd2b6acce7071991f53,1,0
0x0b6907ecccc2ee1d3eb282b876bee8967b8b26f2,1,0
0x0b89882a67e92dea3d658e18c553a5f2a088dc9d,1,0
0x0bd3c3a3f41d352d47c9c24c554ba873edcbfc9c,1,0
0x0c0d3a1badd0d2ec2b5565199b3bfcab6d176c1b,1,0
0x0c0fb7b04a383ec08912ffe6f10cd275cf057f63,1,0
0x0c1735f0dad3257b8f29a0b8a6ce20e6c9290799,1,0
0x0c9c8cbb6f984507ad47c38245988eaa93b86620,1,0
0x0cab0caea96df9e53bfa0eec81dab0d105fa9db7,1,0
0x0cbdef0d84d7a55d8792f844eb5adf5163e5790c,1,0
0x0cc2131e0c3021049525222d231693dd3f214469,1,0
0x0cc2adcbbd25f9b0a0f36011ae29a019091c2e84,1,0
0x0ce17eb3dbca900b4bb585711aeab365e282c670,1,0
0x0d08d3fe6fca58e82982ac4d0eada1f457f4e929,1,0
0x0d19a35ba6fd888a3bc37fdbc3f32e77f896a1a9,1,0
0x0d28061c97d3344a2e77d61f6d1fdd6b780443e7,1,0
0x0d2f304fb48f05cb1679fa59ec026ae1bc805f49,1,0
0x0d4040975b4dd1432ad845d947497cef98c6bbae,1,0
0x0d60618ada1ea0f474841f44c6ca172349611192,1,0
0x0daf31f77754cf1db8af3cf3a8e8385687bd614b,1,0
0x0dc7dd8049d30e780210b7481974929d1e22623b,1,0
0x0de5fdce11c29028eb9018288868d2c1849f008e,1,0
0x0e29e14321f538f6963ace11ca2989b096373c37,1,0
0x0e2b38b40a91f2e06eafe04c7e4f60ac03ee6835,1,0
0x0e33d40734bbdf4295f11defeec58347f91da1c2,1,0
0x0e3cf893fc0eec73565117911e11c15c8d4c6400,1,0
0x0e674245f1bbb66e936834a7a768edff01eebb3b,1,0
0x0ec0981f5a5819f0cd828440adcf727d89d60024,1,0
0x0ec1f47a4874a717d12d02b4966e6a4b2d94683c,1,0
0x0ee7c75b9e28681dd5486292a14d9ac9a24272ec,1,0
0x0f692fabd2d9754b1c2ae6da3c88d4b5e41b9242,1,0
0x0faa6e098ea5aaa10d0405a26b541ce642bdb5bb,1,0
0x0fade364ef5d36ba3b438f4f24e18cc17c54e84e,1,0
0x100e13da4fcd41b96900346f2770ec40d0005a6c,1,0
0x1022b18849ae9093540fcf9cc753030344ab3480,1,0
0x10248b3179deb255bd90b1ca7d8dfe2be8170452,1,0
0x10de76608c815215e069cc09ad39dc7578fcba9e,1,0
0x1128d955e7017b05c4fae86fe995eea55ee330f1,1,0
0x114477296cb59f431f5358b7c79ee9f3e966183a,1,0
0x1155cc370ee5a0246ad60d6a2dda5350ef38d775,1,0
0x1191689598826f6ab933a0187fbc701f86b9cbf9,1,0
0x11a0c597c94c47914f27fa928564ecea94cad677,1,0
0x11b80a367e22796f4fb31aceb1c6644d2f3c328f,1,0
0x11b8bdc3a4f1be25bef72d77c7b7de39af87afa6,1,0
0x122e42b47706d273045be4765349c53f65e47298,1,0
0x1233e691296c0b3e88648b86832c1f3e83b8a203,1,0
0x125495d112e4b8e5dbe8de0599376e826d70e9ef,1,0
0x1283db8a2265a72cf09e83c9bc40a948c330b9bc,1,0
0x129a8a182e8b19636a179f2967303163468d54ec,1,0
0x1339deed7847a6bffee5fef54872e32576ab4c97,1,0
0x134bc5d17cfe228ed7fa84a15402cf0ad8b11ef6,1,0
0x1358e36bba4cd76c917ba18f57560ad0df351650,1,0
0x140c81d58e2242430a326fc2949ce359465c5629,1,0
0x143488158ac38388f79b29a0d10f70ff3309c281,1,0
0x146016a6494b8086d075642176d61262f80acfef,1,0
0x14710c4fd97c5abd2d591c500f6099a4a42b5dae,1,0
0x147eb928367fb359fd1e321d7f72e7a897939fc8,1,0
0x1499bb95679483b75413263eed4f8313e14ac40c,1,0
0x14c9ca9a81e0b7317631d813b341dd597a0f4233,1,0
0x14f1b8da91811b44aa9b2715d2175316a91e1001,1,0
0x1501ad2cd94926d94bfd081003a092632f6e34fc,1,0
0x15151899c2099bd363d7169f7a615b770713d9e1,1,0
0x15dec9c249f246892f6673a93129efeced428ce3,1,0
0x15fd758ffec2d0007877df3817b2feae2d36067d,1,0
0x15fed0f6376d73ba2ce8ad2c621b895a9af16f6a,1,0
0x162c945888209e6730625ef889653a79e449e4ed,1,0
0x162d12d5c78d9c6063232d70fb6fad73ea114d00,1,0
0x1665ca879d55647e5628c14863bf465b3d06c431,1,0
0x167428e07f638c0fa6bad59aeb3308911b4fc430,1,0
0x16a12c8c97c3a387e7adb6b28dfb4e0ae4e3e37b,1,0
0x16aa5ec1a16eb7f492f71527f2e8b280dbe82141,1,0
0x16acbd7df4df04ec5d01ddd5d9c3aab4ecd3eb02,1,0
0x16f94a67eb27f400167e9595ecaa813bc1ca8a6d,1,0
0x17099ff342c3802700fbd51d292f62910a36a6e9,1,0
0x1738357449ed8db27347a1f3ad43f087bf810915,1,0
0x175216967997a143e053bd1d6a3b55e6c9f49df0,1,0
0x1784fc23ccc14e0b8b23e28435731fda63e3c368,1,0
0x17ee4741d1f5479e930fb96403509faa030eb9be,1,0
0x17f305b6e9952b63277356e15d7325933a63bc15,1,0
0x180e55ce24c338b97f4e24cd6e59713dedde268c,1,0
0x1851583e38bba416337dc3f9ef780e37202f97b5,1,0
0x18581e83821337932e9de383685851e64d25395d,1,0
0x189b8e8bab0d56ecc55381b5c9930ae757b81d7c,1,0
0x18ca8f8c04646ba81c4e87fab83c5fe93690dfb8,1,0
0x18df754221ec86753982a6a23f6fd7e742b3f0af,1,0
0x19161c40d6cd2cf07c26e1cb613fddc50bf108f8,1,0
0x1920755d288f0d2b7b29bc044b9021ec47d4fc6a,1,0
0x19ac82f74e4950abb5d7fb3c359adf4ed45f3669,1,0
0x19c5d4c70995a75033d2816ba41a96f9a6054e96,1,0
0x19ebf51c772d4b18dd40dfbe8e3b66cfe121023e,1,0
0x19efc06c071a45e435a7b7c3e4c98cbafd315bb0,1,0
0x1a0f3a2823c2330124a1cc99778c2612310fee4e,1,0
0x1a36abec3cd5418c32274d30ec742fa4b79b019f,1,0
0x1a8b915a4d0965a703d34b344feb897f00799373,1,0
0x1aa339f6fa34a550367eb060011d489336f7b630,1,0
0x1ac40fcc665b5461b7f0c4123cfa0239f1e18752,1,0
0x1ad484967b09b5227f07a489dd9bcc1ccae2fe0e,1,0
0x1b2b21b336d726dd8cd6ca63a91d7a22608a4ffe,1,0
0x1b44b2bec90467a6f30507c3b0e157f1966faaac,1,0
0x1b8e0178598550343a3e457a8598bc3389e84c27,1,0
0x1c3dea257c08266b2d7451ea51c75505af0da613,1,0
0x1c4372b6792cc141c13c475d96c2bfaf67dba87a,1,0
0x1c468040ed53c1ed7387b646c8f415b13506e1ef,1,0
0x1c5b6f266c168352b45bdfd6b6875f9ea19c35fb,1,0
0x1caab04937b04f63d8e824f92e485ea0c8633948,1,0
0x1cc4dc00bfcea5247e225e31ed91d67c9298150d,1,0
0x1d1671c960ee53dd382c24304f06783361533f19,1,0
0x1d21b72ccc310d179c67984d0ea985e27dda2c3c,1,0
0x1d421228652cc2b675efeee773a3ec362816d976,1,0
0x1d535fa3d205922c0a3cbaa2f84eac4416df9dbd,1,0
0x1d96ec3f878588faf4ba51e5b192fd00a81febe9,1,0
0x1da10aea4d2bcd50c43cef3f1884427aa7103197,1,0
0x1db6511e0dc3027d331cf547544bda3790d1be2a,1,0
0x1db670ae2368750f8f7626972610e7310a8b3ce1,1,0
0x1defcd0ca309c1a588aa35a5dae84991a3e98a7a,1,0
0x1e2a4ca97cfbcba2877ee78049941df169d64cb3,1,0
0x1e3bd059e235d251e40b4a69af5b559ddd6df2f2,1,0
0x1e5a55adbb311e0127cf6f175fa7b84180dd9988,1,0
0x1e6566ced10aacf07f6678c67e93ea3e25411f9c,1,0
0x1e6be8b36cf529d9b2bf5dfe6684ed970da96992,1,0
0x1e6becd7e21cf4846c6dfe80e956f9ed29185a3e,1,0
0x1ead74a5de8b241c9a8d6d70e3aad7f0c4c1960a,1,0
0x1ee83df312d1e29034d7709c70f2ffb98a816039,1,0
0x1efb0008da951e678596f3b7a87bc68236b21aaa,1,0
0x1fd256f374a336c8d9a6f077d7e4502dfbde69c1,1,0
0x20001418c24b911a857e2ae63f32e0a569f32047,1,0
0x20dc9f5b339ba09a01cd6ed662ac8871c7521b79,1,0
0x21c1f7960a26a619428764a277b82ec883ce22af,1,0
0x21caabcecbb39d3e1c045465ee48f493e220a041,1,0
0x21f5332e8335247be7d5dbbc04a4514ea9664d0c,1,0
0x21fe88697af5e3faebc5b3ca6b3a0941c39963d0,1,0
0x22816b909bdafbff7eabd3dc9988f8733bfae84b,1,0
0x22949bb5c1a19bc63680c2f3c9ed939eb2f26d30,1,0
0x22e35964e34151b1498b02d2f5949ec2bd662573,1,0
0x2311b08a476323e40b3136b305732c29abac3f4c,1,0
0x23228c597d95fbbdb1a6f50d33c4d94cbd31bde5,1,0
0x232c673722727df99d42cdf931d0bdc810e2e401,1,0
0x236812ff178f2da418b8e238dfe068687cb2848b,1,0
0x236c551eb29e478a0359d72d596cc746cf4354ed,1,0
0x237742b27f1ee8bf3617088000c97e5a96632dfa,1,0
0x237e6c334f9b6e2f2d84aaf3a607d6e9a3d7e164,1,0
0x239fc291f12a173ebc533087e11c95428c548ccd,1,0
0x23a49e355d55a39d4e7ba7067feefcd56fbe730b,1,0
0x23a90385c9c2d06e2159805adc0ec0ee0992a177,1,0
0x23cbd81268e08ae369107d750fa4c1788e1e058b,1,0
0x23d5835264b125cb7d3a9721bb687f73d9fa34ff,1,0
0x23d64ad1869dc7fef15eecf2e385262e9bab6feb,1,0
0x2479270315a74c353580cec39250a34e43f1bb25,1,0
0x24831d24d6e6aa23ca665b3f9a472ff32d064521,1,0
0x2487e166b28ae59cf4bd60b0ef1467f2c91bcde3,1,0
0x248d9b182be3cea67f50a913c30ff7399ebb73f5,1,0
0x24f5cb4d0846395c629032eb2deb759ecc251846,1,0
0x24fc2aff394bef25c10fb42dd25494c84cd00b98,1,0
0x2557e01e08209c2bebc9c0797fc3c0b049cacd22,1,0
0x257e3e42fac80c39d712c5794280ceb9ec594a8c,1,0
0x25ae1d17aca58a3348902b5d74a5a0ccc5303f8f,1,0
0x25d32f0b5b13a632682e70ce8bb5dc60bb870828,1,0
0x25d89f7c62cd9fd7d49b418127f2d4026e9ba933,1,0
0x2610eaaa9d0fbe6df48468bcee45074ef4a47d95,1,0
0x264561acfee4554ff02ac0fc31bbde073833b830,1,0
0x27357894390dbf768709074f5c5e7dc239ffc476,1,0
0x275a6179d0fd46bb4655525901d0bfbe0bd7237a,1,0
0x2794b154bdfcefe9f0e08cca64ffa15ee0502e20,1,0
0x27c263959577399f84fbc39169ed141ed5de070f,1,0
0x27e4429348e97c4847bfad49a49adcd7909cbb21,1,0
0x280e277b459747b4152cbfaedbb197e924c01947,1,0
0x281226bdcf333eddb5d4aeeab1d6334af261e7e1,1,0
0x2814cb29911bfe125c8c48bfcb29dd634de9df7b,1,0
0x286898dab5c1ad1b7e184d9cccaa3a78cdcc499c,1,0
0x29212ea2897ebd95fe52b46326b623a45da3a708,1,0
0x2933a9b660ed78feabc850bc323a8499e434ea69,1,0
0x298d131a07e092e6c922ba1c6d27d232a6d6efe2,1,0
0x29ab11d00103c270270d426241747b518d2d895e,1,0
0x29cd42c08b87ce6abec395c3c771f89db1ee94fb,1,0
0x29d10eaa263a39214640f4ddbbff8b7bea063d76,1,0
0x29ebd0a4eaf80976d7e1e494a4598fd7d7ffe7aa,1,0
0x2a02d84d0071af923827c6094f4150d944c803da,1,0
0x2a127d3abee0cefddff29d6434c10ad10c887edb,1,0
0x2a190a85fa352739d51347dd00bb62a8beff557f,1,0
0x2a4b133f5c3fd2a9f56adf1425a535843dc5e587,1,0
0x2a608e6da8255aa2ac51a540971c53dfb57551ea,1,0
0x2a9732fa9db3e041430d7237c9837b89b42f2eca,1,0
0x2aaea5ef2bf604b1be0be2447b30ba117358cfa3,1,0
0x2ae190ec1124063749323004abd907a5b7d1bda2,1,0
0x2b048d30dc6c6a2f9ac85c956a85ceae20839e22,1,0
0x2b49eb913e5d5d82ae3c7145577f24e9a7615d39,1,0
0x2b7da724e498ce43107f0b6e0206723646154941,1,0
0x2bb84dc376bbcb1de75bd2310bb473206e9fc8fd,1,0
0x2c0518425e259faec5fd263619c971dca650dbaf,1,0
0x2c281ebec4dea9f98cf0e2bdfcf4d272f367a3cc,1,0
0x2c32f9b501e0b72022d69e4b634d8e458ded51cb,1,0
0x2c68fdfde529c4465b689e4aa96f65c28341ae51,1,0
0x2c69b884843c6ae73c6be5d94d9684c783ec56c1,1,0
0x2c6e8fff05c902e581e758e3aa53a7a152657f2f,1,0
0x2ca47cf516e99a3416dc44bd4bbf522880623fe1,1,0
0x2cc634fb97a5432d2eac5896667fc4106af451ce,1,0
0x2d02ba0ada9e6733c953d486b15a52b35d5c3b86,1,0
0x2d42fa5394bfc60b3ac4594acb9ab963b5f07e88,1,0
0x2d65a3e53aae74313ecae58b65957ddbe9e1deba,1,0
0x2d9e54444765d2e9a5953eb63977aed5b354981d,1,0
0x2da26c08174358a0e96f64ec093402d3619c4356,1,0
0x2df63faa797674b0d803a683fac1ea3bd18e3e8b,1,0
0x2e22008eb337021333381a52723f1dc6b27ba1b1,1,0
0x2e526870daf2f505e04a33dd7d73923973497e0e,1,0
0x2e8f5e65fa54b12e0a1faa97885ece97d4e92677,1,0
0x2e9c2d702c1cad256c277fb757c2b8429aaec4db,1,0
0x2ea6928427bba92927fac86dfa0e1af2fe1ef5ab,1,0
0x2eb33729e292eb5d905f68484d7fb92e2b678c3b,1,0
0x2ed1c2fd669a115a9c6b836e18336e07c6f0a13d,1,0
0x2ee31bd9694da3425fa8ecef9e9498ce132969f4,1,0
0x2f29243f3867717155386b71cfbd0caaa52f7360,1,0
0x2f34c2e0e96f32ba6db9791ac0c373e9145997a0,1,0
0x2f371ffa7cfbb8520c5ba65b26fa09c8d7a638fb,1,0
0x2f742350cf49d6df2e46ccb9625550fdd40e3f86,1,0
0x2fa546e490bd7cd04b67bde6d6eb4a094ad1412d,1,0
0x2fa8df048e7f90ae436f6f078d485edc2b04d90d,1,0
0x2fc8c545de81f847e74a37231c482bfc2ff90021,1,0
0x3146ed2df666fe584d1f8d7f32b09a79e76f163c,1,0
0x3171ee768024dc298808d900df37f4e9e1cb9b87,1,0
0x31946ec7a25b0f13ae73bdc2463bee3cf3d49b68,1,0
0x319bacaecd4b0daad5d6b2ccd3d693610a2f35e8,1,0
0x31bc952417e23b02520ebe7552f9b23295287e7e,1,0
0x31c3907de01ef6ec83333cebff9265a834a31f83,1,0
0x31ce47832012aa76214d24a57b653803a15aaf84,1,0
0x3202f7cb0ea0a7f0709c4e6cb324a776b325d3f2,1,0
0x321ec5e829635828074d56e4a0d8a437ede8fdf0,1,0
0x324c8bd08387a9ed8f976c7bfc9f8103f81ebd56,1,0
0x3252d22d3343a68d7ca86754495da7bea8321bc3,1,0
0x32672571c2dc51c800bd56aa6ec73c7f0878a732,1,0
0x328df4a6674b75c0eeb84b2820276d7715b52fcd,1,0
0x32a1fab990f6e8ab345a66ec788165dbe3a051f1,1,0
0x32b70d37a3f7a42494519be8082fdc74db2d73ff,1,0
0x32babb97811735400dd1e2fab0b7d93b069c3f40,1,0
0x33052ba597fbe66b6e30eb9e2bf8f9887bff9de2,1,0
0x330dfa40a6a153bf6faa102cc422fcd88a52940e,1,0
0x3313f0aeab811fb103aa0c8ccc171d7cdc38d2c0,1,0
0x3337a4cdaf3de49fa30f7013295a1e2363a4c640,1,0
0x3355720c43b5341efa8171d1deae226758b6dbb8,1,0
0x33c6a8c83c3e24ecfb881b1d77654c672c83f756,1,0
0x33f88cc9f2984f9a6210d5939de23f98e4b1a8bc,1,0
0x340324bfeec0632af9a708a54f96d2f6082d5148,1,0
0x342c93a4675548665d691bbd65ad07304bf2394f,1,0
0x3468f87a341fac4d3b5b4bce9b6b30d3e29e6566,1,0
0x3469550950694e0735e5319848c17dcea788e673,1,0
0x34802b7984fc8268c501521a5cf03e30e5890209,1,0
0x349d69dcaa4dea55e54f16526316aa58b78d2dcc,1,0
0x34b918b6f3402b04c184c158d2a32b59a2da3f88,1,0
0x34d8248385915f0ee77bfb068e5330421b7354fb,1,0
0x351870cb20e1a8002f3f2864575ef8a4cc1fa805,1,0
0x35204a206db99b235d774e56a7b899b821580865,1,0
0x35496949c0b56f4d45be77f65836a2bca9c075dd,1,0
0x356b2db2b8d9ef4ead70c65b846fd1504b7b5c72,1,0
0x359842cd28b2cb58ee2f35a6abaf188367763eda,1,0
0x35b89af46a6f0fd8130cd29cec023fec0b5d8cd8,1,0
0x360bf7353a1e9e5b756abdbf90bbd4d8f465d28f,1,0
0x360cf8234ea9b06efc4135032a61f6c6368784ef,1,0
0x364927927936df360197c6ad4bf2594a73ce8678,1,0
0x3653ebb0ef876f7c6d8d4e3290f5dc78592bbd13,1,0
0x36b59582da434ccf1c5be9410b17ddcd6c78d967,1,0
0x36cfbec1eeca63bf63325a3afeda9b51598418ba,1,0
0x36d0a44ce7600279a84ae0d912475ba3bb3396d8,1,0
0x36dcc2d282df41a09bd8629dd504725a69587e16,1,0
0x3722bee44e7c77e5b52fc5eb088643a2341830d3,1,0
0x373f526f80063a62d4c7a0b2f486f8613f4bc140,1,0
0x3770a3963f3c6dd7f028261fadc38345d45843fa,1,0
0x3779a0434ca13c5403a079ef6e2b1152ea7b4ce7,1,0
0x37c9730c44e232c89e3667bc240ec72da0fdc5b6,1,0
0x37cc9ad0e6ca2de38f83a36db5ade3c4395500c4,1,0
0x37f1163a5319c7c66636e95b9772ca7a8516ceba,1,0
0x37ffbef4e1c0931b0ce34d98938cb76435aafb25,1,0
0x383ccc354564f0b35eb9a3ab3de9684db286e0ac,1,0
0x3844597c2b75e8510d8895173addc28dd995fa45,1,0
0x3844b6de44a472677d8f983b4c470a824ebe966e,1,0
0x38523c1e7c6b8e35ff7cc2fedbb18653b5692dbd,1,0
0x3861887609142f884a34a58b5e5e343ee7418286,1,0
0x389423fe05e0dc05b03f66f72a2e7f8e4f5a4b19,1,0
0x38cb6690fa48433bf90b2cfc9c220c536f83e82a,1,0
0x3926de2fc8670aa1840c39c61f416171aaadd100,1,0
0x3960e39d6b98a8a3841d455aa95fa0cb775e206d,1,0
0x39661672f2ce0016d70eaceaf78309eec1b0e5cd,1,0
0x3975530781db64a9f77fefaf5f459f6d59e986f6,1,0
0x398ec554cab0629b9b36299fae1d8ed2b172e1a3,1,0
0x39dad914177ea9a46766cbe62dd6ef79f48bf1ea,1,0
0x3a11198d10597b7a1788a8c6f88c0d818f598075,1,0
0x3a1711bce829e721c83a20dd05dee70b8a4bb644,1,0
0x3a782c3b19dc47ef2f7b44e0fa4dcc50ded71300,1,0
0x3ac645299ed9a1607f523605d7f94d756a409899,1,0
0x3b024a944b5a8e8cc0e9deb40cfd903b6b60b839,1,0
0x3b4e388f7dc11c93a13fee563071bbe20d335fa1,1,0
0x3b611093a1de06118490c54419ddc77010c613d0,1,0
0x3ba16661f5f11c6e5fc5ad26bba2f2b26a195dad,1,0
0x3bfcf63cfc43ff7cb633311548df8d63946871ba,1,0
0x3c0a7037c6706d1834aab1e401388d38c1691a61,1,0
0x3c1f6be51621891509f48a4a492bada73722c7c0,1,0
0x3c213e165ffeb53bbe933c404cc20bf20bd3c35b,1,0
0x3c27a61d70c9724d7c906edf863f0bccd9f16c39,1,0
0x3c31cf46a28e0091ed12e74a70c2de6901402843,1,0
0x3cb5f0c6002b50d72de53e1fa1ee3f0b15862a1c,1,0
0x3ceada243b3b49a844777a59f9c6e196e8a44ab3,1,0
0x3cf37057c7d791c1b0335b5ee416ed3f5eb85b50,1,0
0x3cf84c98cd8857375134d41b27937a9b779bed1a,1,0
0x3d27144f0512a6cab88b80fd48ce197d2acff773,1,0
0x3d89fa8649ebf708096cf20545bed18c38d18b95,1,0
0x3dc8b8613bccd27858e52f63b50d8703dd8bd73d,1,0
0x3dd5986c28d5c4cc3ec9e5998e291765894a254c,1,0
0x3e02bfbc83fd9e6c0a99bf32b6082abc21f6ddd0,1,0
0x3e1e75de8e57523b8097ad41833aed6c864790b6,1,0
0x3e43ef7512663cca920559cd62a76fdc5b8e1eb7,1,0
0x3e44d0a22d495000c71f524f4419e827f7d3abf3,1,0
0x3e620541b3d7ef527f5bedf1ee1f684daa33037c,1,0
0x3e7471ccb31887bef779cb414b48b39dfce1b53f,1,0
0x3e76d86e5ae6446a12c2b11747b41d0209d307cd,1,0
0x3ef157ccd0201e9dd710a4d216e30b5aa8db90c5,1,0
0x3ef995c3cf3feb5dc19aaefcca41b21b5107aacd,1,0
0x3f387f48af8363415106a5f43b934e59699aef72,1,0
0x3f786b2d723c193b526ed4854c95baeab6f98cae,1,0
0x3f9b6bd9af6845537b546a09c162cb8abfadd39a,1,0
0x3fb243e447ef4659868d138b262baa0063ec4932,1,0
0x3fbdb164576bf662ff125f58e3aa200221429b78,1,0
0x40024be25373dfeabd5e5cf243da83cb20b1b8cf,1,0
0x4028642933bde15102b2daad3914424b537ab09e,1,0
0x4074baa99dc007c4234a654f0f21214756f72296,1,0
0x4080e54bcce4d2435d60e27a66961c4348e4a030,1,0
0x40a033a4a0bd55f51ca6e3211a54ea2707025ff3,1,0
0x40d3da9ec2404df25c551f7cd49a8ea51e3c1ab6,1,0
0x40e498930d60559bb9cd18e90e48993fb60e4781,1,0
0x4130a651b09a88b5ca7b38dba7240c08e113c890,1,0
0x41559c3097dd80a0ed68cc6902dcea97b265c58c,1,0
0x415cd6a13eba42b45182b3698b9f768b1067ab99,1,0
0x415e2cf1b3a1ffe0129e6a73a8ecb934aa66f8c0,1,0
0x41ac6d3a96707975afde5478aaa1686c89c1dc67,1,0
0x41c63f8a8ad8f5af2cf0c07d4bc521b2d29520e5,1,0
0x41dc5bed0d394a2cdbe92a91e52b1243d6ef4620,1,0
0x41fb04b9f94f33f79b69fce3915fd92eaafe1245,1,0
0x41fb651d41b2f77ae8c1c68359e4b27e13b59726,1,0
0x420244203347b5febb4635a8378435d45557d52e,1,0
0x420e83572ac3ba8023e3fd99482d6bab17d696cb,1,0
0x422f967b1921f697a2b2ecb06a47bf29db2a9011,1,0
0x42392e46a5ef600d36782f69edd02d4e41d45e3d,1,0
0x4289d5e34efcbd4ca49ff91bbcfec81753a50871,1,0
0x42a8c92f78af08f2d094b996b51a3e393170ddad,1,0
0x42bded76bc58a5088b5d849f3f505fcbd41f9e7e,1,0
0x42da167799a2df31c4a6f8f503e02bca01b2e62e,1,0
0x4334d2a70aae8c9f727f48200167a5f312fefd13,1,0
0x43791b25eeca0b1f8c8adee77246704efb40e978,1,0
0x43d3b0254ecefcfed07f97b3598184a75e9f60a6,1,0
0x43d42f66f098bbdbeac97f7aadb192efabefe72c,1,0
0x4403321cf9a28294c2bcdcfa07f24afb9c645cbc,1,0
0x440f0c8a051bfcb35d6d2abe333f496f89010031,1,0
0x4419dc1537857ed29f4ba436a7f57e948d8ea0d0,1,0
0x443e880a22cfd08165390dbc405b231a80b9d517,1,0
0x449b288e3150278f24cd91565dfb267f945cd696,1,0
0x44a86881e6862a456e3b7747639af9d291c76825,1,0
0x44d5e7043b7245e4eb7c038a976376742ba6e977,1,0
0x44e7e452f3fc3c3e4cf1ae3c6e748fcd15db0053,1,0
0x4511a2229505908ab306d52e1701f4e15725f17a,1,0
0x451766bfe705eb2919b1d18643f531870cc15b5b,1,0
0x4575db15d2f1ae350cfc14a976aae871184662bb,1,0
0x459f06f3bd9189179825a6163ff3b3a05bd5011b,1,0
0x4601ad0b9fd76ec2c0d07d61a372d261090db548,1,0
0x4612081ee2a364c20aaf03ea92e389b121fe9c88,1,0
0x463027c6ee7a634fe5c69a71db2784d2ff347b92,1,0
0x46777053c7ba5042a648ed3b5cfd3120d785e41e,1,0
0x467be22e371afb476fc1974b5a25186dd1e6b33d,1,0
0x467e06ec51a1a597baa15e7b88f863fb25d215df,1,0
0x469a64fc92c00b9abb77368622ade494257452ad,1,0
0x46a71e1c80e716d86705ad9fd865eea445941293,1,0
0x46bc935db241419601efd068a207421daa15e6ea,1,0
0x46d589a58081f9d435d8a63ec005fc6f10835108,1,0
0x4758f9f01ae100739ddf14d831a3ae5ae5b573ef,1,0
0x478a2849021e509946ffba6f4f4e3042819c5702,1,0
0x4799aa9c0e6187b8d1b4d62081d1175107a4e601,1,0
0x47b186240f9cd876f579f8a89ae57113f7b87946,1,0
0x47c49755d82409458c21b771451db43f0e02e829,1,0
0x47df368ea705f5bf7658a6e445829e973df44368,1,0
0x47e017dec034978eb5ab7498fc39698835104d7d,1,0
0x4807cd838247677a779060702235d7d1fc65b092,1,0
0x4851c6c720b3d119627ec5acb565d0141839811f,1,0
0x4865c6b4d1f1b436c55f368bdd8fed70120db450,1,0
0x48a4efe011c8e874e3cbeac23bb6325dee29f727,1,0
0x4955711dbc9e0a3360df926af5627c618b95a48c,1,0
0x495d9ac4668ee5aeeb05aa9d48956c4b2dbb5a0a,1,0
0x497ddac5d427afff02eb89e7a2715e5bedc2ace2,1,0
0x499e527066ef6b6a99f64cc4694b995f5cbf1e51,1,0
0x49e356e3032f3f45808b57b980f440576f3e2124,1,0
0x4a041092dfee356887696766756881e8cb950b86,1,0
0x4a05bd2149b817d4ab31e99a1d487997fbc367d4,1,0
0x4a11941c85b5b0af761505ef25b5b34f110c1744,1,0
0x4a6acc9b662d01d4c60aa86522c99dbb2804a9bb,1,0
0x4a6ada87e3d3766c9286e846b90101b93ce353de,1,0
0x4a77baa3050227d1c6be33f3671ce4f438db35b7,1,0
0x4a991d5b7536a649a0a06e151c690013eb52244d,1,0
0x4ab60005f9828aed643e69b3f3b20de38ce9e12f,1,0
0x4b123568cd8a7b2dbf6d8fe8670cb323cc28967e,1,0
0x4b127e5f8a62be7414a886a58adf719656c5be86,1,0
0x4b2720add32e40206584dbb2391d1cbf1872406a,1,0
0x4b2858eda474f7153a47ab635f91c823e34d039f,1,0
0x4b371b52151fd01a742386220ab8b20d6f4489be,1,0
0x4b65bdd2e07a631f2ce51a206d80995feecf8d35,1,0
0x4b846c784e281565ff72b5f2d0e53c181d4e3cd7,1,0
0x4b878044667feda542998dbd8690b74dc5556154,1,0
0x4bd169651b6690dc8a26d91eab60c88d6133cc89,1,0
0x4bdf4b604efa0217b967e3581450a12d8c26d89b,1,0
0x4bf62a480b983dc3b7da1211ecb26b5470e314cd,1,0
0x4c16fecf013e7ad3ac034f6a946ee38324ba6dcb,1,0
0x4c43b27818150cc6090f8a2e8b39892d1401cc6f,1,0
0x4c4edec44b02ab904a900e4035a4d3e25348d30c,1,0
0x4c4ef2568749bdbfba770740ff06b58ebc3d1d7d,1,0
0x4c77173c87caaeaafa1089b99f3483c82278279a,1,0
0x4c9496df34dd342c932d4228cb829e34b38d5033,1,0
0x4c9de23f22992a51d6790c877870d7334b053d4b,1,0
0x4cc2fa7a063f0626f810a4803df788d18b8d2875,1,0
0x4d3cead4059c85d93e9c6b9144243d8f23d909c8,1,0
0x4d4c1c7711f70dd7e29870dd64b158add3efd992,1,0
0x4de0a0a8ce102189990243fe4f8d6d5f9131f7e2,1,0
0x4de627eeea35579ac6c7221bccd323eed47233ff,1,0
0x4df611f773389c279a021a50758becc7990d2390,1,0
0x4e1062cc667020ea4e0a7af355e6a049a7dc6d09,1,0
0x4e7134346bdbee357e2e908bb8af1f8c513913e6,1,0
0x4e96f53aa1eebe7c160041e2ade9bf1decaee224,1,0
0x4eaad084fca95d78a88328770060bbbc195294f1,1,0
0x4eb18c9bce8a7f8345fd2c2e8b8f389150fbd356,1,0
0x4eb9807a7193becae882b3d6a09f09e881cb2ad5,1,0
0x4ec3727a7ea558c0f1bc2f20c504fbe198e57bc7,1,0
0x4f19b28c6164b9e95f877f1b23aa44813d85f94b,1,0
0x4f544e77eb2efd251936d1f93d15cdfc3acc4ecd,1,0
0x4fb33bb982ada085e954a537b1eba88f83a776bf,1,0
0x4fc483908392fe7441f05440b6020f8004491407,1,0
0x509abaae64f40920646c4adae8453bb7b92ea2ff,1,0
0x509ba3c23dab8e2831cb1954a493031b73226340,1,0
0x509f7d3776c64ea655b243b0f8333f898bd8e539,1,0
0x50c311e3989482de510ccbe0ab3342de57c10ad9,1,0
0x50c57c918d52042bbd94b92c34e27dbd7c4b37ce,1,0
0x50e94eacd9d7387b0f55291c48f322cb17616e88,1,0
0x50f247aef1d8188907c24a1ac81797ae289d757e,1,0
0x50fec546ebf3098cb354316909cad8ee6b2b2d32,1,0
0x50ffd3a59b39e99d1351a0dae4741e02f3cdeab1,1,0
0x512976267cf2bfe8811cf8fe82492115d65d81f3,1,0
0x513fe9740557ec4289edd03ec8e372ee0294bf91,1,0
0x514c82b9ba5e4825ac5a360edf417ab4a2686c08,1,0
0x5189d1f5fdf705c2155d8dd1901f412f54908f2e,1,0
0x519b245e0200e61ba9976d8921038739f4531773,1,0
0x51a91c16cea743741ace650db5445772ed6d7b81,1,0
0x51d782882afc491fed30746f73f568f25e532b93,1,0
0x51da133c16fc343dd5682be83e618222fe7a17c1,1,0
0x5247719d4155257f57a28c90ba8470598f398edc,1,0
0x5293f1c868598321669a37cdae6b36068071153a,1,0
0x52b2d5aaebd2b41eb4a43b84c24bfb7b04a2cd68,1,0
0x52f4407285f828705745649c89162a8b7ef76a18,1,0
0x52ff9f29c4b28f313c0346306dcd7f840adfaf4c,1,0
0x5302081a47a4cffba7a96d40e9cf3a76fdb300c1,1,0
0x53394a9ef8841739d59a6342009cd986c35cb027,1,0
0x539a6b19ff986088f5b6450c78b66afd0ff53f80,1,0
0x53dbb2ee20dec78c3d86c4efea0cc813daa5278a,1,0
0x540127d6b47f75d7881c854ab561b4e113464bf3,1,0
0x5406b73ae14ab37e2a8a9f57c8c1ab443d8baa5d,1,0
0x541856a0a3259370db3a44ff56d2398e453b3f01,1,0
0x5418b72cd128aaaba35ba05b554cbf09cfb28963,1,0
0x543e576010d657eb0f3d6365b848d292f20bc93c,1,0
0x5444eacc3d709ed09bcf6d8621453d8951368b5c,1,0
0x54503eeded1fc55b94330bf82092ad41a76a8683,1,0
0x545f3c090ad35b17603b72c9fe054e197b503e26,1,0
0x54a7c574132f4b3467a1445d24bcb02cd2eb577c,1,0
0x54aa53f60d54186921876666379cc80eccebe9ad,1,0
0x54bf9df4033720263da7ec7a09cf92ec62240025,1,0
0x54cf78c31739b97f87381b19937d13f04dc9819f,1,0
0x54d0181aa355aad12a2558824b7545b06c50e79a,1,0
0x54ff638ed0f508adc4341aa2e8b515c0e3987e1e,1,0
0x5501836875b62c96940147d5f7581d64d380f54b,1,0
0x55149193930760472b1b2103e240306921483c6a,1,0
0x55ec0220975ff00a30484a76e125f76c248338c1,1,0
0x5601839b5ec0fe0af58043bd88efbbee8ebf5dce,1,0
0x561c50546adf56a1a5f5030e6e564a144f352611,1,0
0x561d9d274e35a4b087b25061994ad5f0ac47f8c8,1,0
0x56886d657d8a13468d767b8e24bd1dae4bc9eff1,1,0
0x56b303f454e7f45fbd94c7cf342bc25512d8467c,1,0
0x56bfb805283c29ecad5e00abf9e2ab32e4f27e2b,1,0
0x56c6f09f68e2cb6d0bdc3a7349e82c84b059d277,1,0
0x56d7d76674ae046ca4ecfc1d9049155d54c01c18,1,0
0x56fc903c69c4902a3bffacbdbe12cae9023b4642,1,0
0x5717d0ffef36b732ac3ca515aa3d3e17a98e21aa,1,0
0x571c9b09afe7248421563e7958459413b3af98fc,1,0
0x572b1414f78345014e7b393db2961da7fc0e68fa,1,0
0x57592ecd307e147dbc9d6a0cc854abd3ae31169c,1,0
0x577696204167f7a6d2d210e5a36fa8ad5b528f1e,1,0
0x578d87f65db9194f1397f7e745bfdc9781a2462d,1,0
0x57f9a044f14945a2805c7eed30638657ec0ec246,1,0
0x582cc7eafa39bea4acb7637b5e4df3ccaa22e9c7,1,0
0x582cfc4dbdc839f7f8cbb5b5390d09a97b0d711d,1,0
0x58384c91f80f29dd3fe6573c496a2d2f319a7d3b,1,0
0x583c168c64279f0b1383bfff72f6ce1bace1ecf4,1,0
0x584af241ff712fcb0552c241f55a08d06281f097,1,0
0x58810c2ae70d5c89b329ccc2dcb93fc5a47ef763,1,0
0x588b09ea672f9a787fbaeacca0feac0cce7ff878,1,0
0x58aaae3a1bc9a58225076f2a481a8d2d12607923,1,0
0x58b68ebdb441b2d869a13fabf38055f8cf4d05b1,1,0
0x58d465bac0f2c68a3910c3f96511423de57e8a3d,1,0
0x58ef6e9f01993866588d0b2b563ae28c67db8d4e,1,0
0x58fbc1e91e0f5206ee9cdd862008dfa317d3bff9,1,0
0x59004026484eb4cb94eea0ef6b5cc358283c881f,1,0
0x5912593ab5d0c72e8bef7c34e45b5f1919270ad6,1,0
0x5949c5098276eef4d064220f6236254def51a497,1,0
0x59a985d973d971e7bfcb1b287f9ce185dbb268c4,1,0
0x59bfa627f70e6f8d765dc19fd67a82b8d8651bce,1,0
0x59ef1017cd606d2be9fa13c8008f944b03db38f2,1,0
0x59f12e2571d8506cca04965b5f7720dfc445bd6b,1,0
0x5a0b5ef012017943866ba1eaf3b2b3ef478abc74,1,0
0x5a1d68934c56f5289997fbea876f879b1840cf94,1,0
0x5a334b1d4bccc732a9a39a531875e9cca8abb350,1,0
0x5a3c07f3d55aead94b85526ed382786017b17c4b,1,0
0x5a8a2cf4560593dab0fa4d131ce7272d0cf6ba67,1,0
0x5ac5488f6db0b6de419c989e67d1504f025ee008,1,0
0x5af935fca358701b449c65f74ec119546f6ff30e,1,0
0x5b1c7635ebf7ec223dd57f20274cdca891ab5b46,1,0
0x5b41f239930c714cdbf8f933c0e68b4aaa407752,1,0
0x5b704c7fc1b21d62b05dd3a9a3bc50e969ddb314,1,0
0x5baf2872fc1879a68d4f8c8afa25c63e92ca7c1c,1,0
0x5bca85c132a792a944332521448d89319e515208,1,0
0x5bcd0312544388ae97f275c3005bb66c924b746f,1,0
0x5bf821596fe9a99e003cd98f746e71a047f9648a,1,0
0x5c29e2143a07f0b20a5881e1a353f95140c73d83,1,0
0x5c39e1ee73ed0324db6e884f69b6f0c666014d07,1,0
0x5c4ab048c467052aa830916b9cab31a435cf2a1b,1,0
0x5c8ed0151e4a45cc683babcee4d046b1454387b0,1,0
0x5c993d6766a738ff0e866040d60f9181f889d665,1,0
0x5ca296b0b656fd97a8727490ae9dc59813c8c332,1,0
0x5cbf6e3872ef47b3d608c94180106541950b3792,1,0
0x5cc96cb15f787e6a74d39bd588789ec7ce24f01d,1,0
0x5cdc692cb6525d2db7d87faeaf3320a53b60a149,1,0
0x5d1d48c7ffe0fe8d77c8df99868a90587953c14e,1,0
0x5d24a98e4b08d0fe8c72b8c8f6301822b8a11d36,1,0
0x5d4491c1ac5c5915aa981ead91039434ac208b97,1,0
0x5d82c361f6b2b3c6707f10e0c2c1e1e3034dfd70,1,0
0x5d9e22506393f4bf5e62f9af547d1fc353298736,1,0
0x5dc6d3cd39a5e9be99de426552659f060b6a48f5,1,0
0x5dcb692d7e27676c047e738872d27da7e4492936,1,0
0x5dd995102c14b6fd975d29cf03ecd7df2f34a2f9,1,0
0x5de733744ba20325acd1d03394829c73dfa01d20,1,0
0x5dfb90e4b505821e53c645d4e1e05e5d729290d0,1,0
0x5e1d09555186652de1e102db32aa6d7b2bf1f23f,1,0
0x5e2bfef935daaf57473ee891178103a18c8d8187,1,0
0x5e460dc675699ba35e8b39644e6e3d580fcb3a8f,1,0
0x5e8788f6b877006eb755b6db9f0114db2542dad6,1,0
0x5e91d10b29b1a74f8df532d6aafe4fdac10d050a,1,0
0x5eba9a6cba01b64e26e8b711c5bdfcbff116e3b8,1,0
0x5ebc3562bfe7fb9437484c524283538a0635b8b9,1,0
0x5f4da71214191719835833ecb23fe285fed2992d,1,0
0x5f854faa197e077718012d36b18979e5f96d4994,1,0
0x5f8b9671575cdf9b665e73a9c219c16ab5e97dc8,1,0
0x5f9d43108cf4baff5f970294a0aec4322e347d0b,1,0
0x5fe43c8ddb01e5dd7e709faad8b9d11ee316097a,1,0
0x5ffe08ee8fc5bfb3842995242856a472fc43f88b,1,0
0x601682d185b0711d4eac00c63427e5f51d2b0e77,1,0
0x60430a2f4c21ea70e9ce2db7a28d7e7b2730398f,1,0
0x6050569ea1f0ddce8f99e12b44f1aa2e1d97870c,1,0
0x60578f7f04261a8de3036fdad448d6eaf20baa60,1,0
0x60cc879c404147e3212796e5b8f8baf24a2af602,1,0
0x60e29d136bffe8b0297b48da7320a98f298f7202,1,0
0x61434f8eaa45eeaf8011afc5ddbee5d2d5b90d37,1,0
0x614d14d60f4128605ac589834428dff27acb7bde,1,0
0x615ff929f833d0ded0287fb4ef19dc83ef5bfad5,1,0
0x6160c9c63f0f92df48fa72470fec2e78393035bd,1,0
0x617e6e52927580b65fa6a9c366a3a76ff439f393,1,0
0x61f00332d680cc0f59556c304142341b20412007,1,0
0x6221a329003378e65fb475213d1e5f2a1109e211,1,0
0x622beb00c5f15cd374800c73306e07ceacbcc5b3,1,0
0x6265ad77a395b32122374d43a57f641d2e8340fa,1,0
0x629fde9a060a2822774fadd3dae2e5a107889035,1,0
0x62e8f9c500139ed50c307e5885b4fb1f24b131e9,1,0
0x6315c1a0cb64717beafca7dc4a8e8d61728b28a9,1,0
0x6348700045aef641d112a9add795c68c411b1e18,1,0
0x639794646c942202380e5bd9b6004838fc071d8d,1,0
0x63d2b4a55761f54a08fb7bbcc4ff67138f760fac,1,0
0x63f7784c00454549b6188fcc324647b04a741a73,1,0
0x63fdbad25ddbdb6d780092d25731735ad924c3b6,1,0
0x64153f060d96580aca9ccf854dd844d0f121d2ee,1,0
0x643cbd13aef07917f909c92405bf13138d54af96,1,0
0x6462b6edb2dd3164717aabc1172f335d6353da21,1,0
0x64831ebbf06aa1474e82d152641a706d4f3179c6,1,0
0x64b7497e8ab87d5b61b6b9149ea9459f47112bc2,1,0
0x65124bdd7788d9ef6cbe5b4aaa41ef204b717724,1,0
0x652498c164f39e866eb8f62f7ea9f294d96aa188,1,0
0x653adc6c96af9ac35fd969ad14fa2da9f74ace36,1,0
0x653b4c9532363bb07d36d93820e6916c17663bae,1,0
0x654892146884d7c2fbb8c79b3c38bcc8b6f813d7,1,0
0x65a675fd8482b638f06bbf5de6a7e729da88b033,1,0
0x65e473cc253b0dac63e9aff91f3911599bb41793,1,0
0x66678579d1e72a776d8f222123e757521f6765cc,1,0
0x667865c6465132841743534d6982e621ea4d4f3e,1,0
0x66896979399116624950811510cf35177aae377f,1,0
0x66f4d5447ddeabed2a5e41cf0fcb34c7d964f151,1,0
0x6744e66b9d2ea31d5390a3528f8ab9c7e4f21b98,1,0
0x676f236874e852d85380b72ae36d268c84d78a45,1,0
0x679638ceb8e67f202b3f63bc7ab978af0a0c9cd9,1,0
0x67d602f84331ec06fcab9b4cffa697d2bc527ce7,1,0
0x67de76396442ebeee31cedd8a89c1712ecd62aae,1,0
0x67eda275c4cf88069a1c08d68c303e2fa0a7ebd0,1,0
0x6813f7f7565220e71b7cfabb91733dcc947b64f0,1,0
0x68592820d752c2c812c18fbbe3823caf3171c34c,1,0
0x686375bd694497bd90eb823a92ae2728ab821047,1,0
0x68a239e7b7274e81950e0414fd6ad6c8beaa2960,1,0
0x68c5560209668f3b29d0bcbcebee07bf488f7ac4,1,0
0x68cba462ff47be5947142fef9440711ee07de892,1,0
0x691a6704df82a5a77d64121fffa6e7081fe2f087,1,0
0x6962612d8c040d80a7735291edafabd5538a67d9,1,0
0x699e14977fb6110321f8eba2bbd526c841f4a6c4,1,0
0x69f36719f21bf0ee4150e0ce401b10718be85ad8,1,0
0x6a179ef038c0e8bd3238da6f62add4f48edad7c8,1,0
0x6a2f46cca2bc2598e69405de4b9a8c22903af565,1,0
0x6a3271b06c99ac3aa1f53b081474d768ae50a8db,1,0
0x6ad71d638fef7af2e6494f26d66310810dc389b4,1,0
0x6aec293760efff7cc70323592cbf82d72647260d,1,0
0x6b299fee7de413cf423fba1486ef59241187875b,1,0
0x6b45bb1ccf5eb93f10215aec7d7742e1f5e06559,1,0
0x6b865ba48e901ca65a656088a4b1c9146f92655e,1,0
0x6bbba1a3b8c530480e34da805dfa6d7ee7fdc7bf,1,0
0x6bd4e0a50d0206be420fce0667d178328af874bb,1,0
0x6bdb31175e80f49e258086555003000888aadfca,1,0
0x6c13e6973f16386f2cb2560dbc5c18974456aa3c,1,0
0x6c1ab56b064ab1aebb02321001f9702f19ecab46,1,0
0x6c2b20cb71c6d651aa12b96e3c82e6247a74ac4d,1,0
0x6c3a98dc002f1550672a09c2e06d209c0ad002c4,1,0
0x6cb29d386f82966191f2c9f53737b5ef76f38993,1,0
0x6cb2f705cca07e98980d6e2f44a3b7f8bb9bb5a8,1,0
0x6cd41991d60ec107e6551023490ed7af2144faaa,1,0
0x6d0777d2cf033110f32122ca7c4106f40b599966,1,0
0x6d12600c957ddeecc5f10c1fc6aeb0ce2ab97c57,1,0
0x6d7729753eea4f5b33af687db05562d7afa2f67c,1,0
0x6d7cd6ce927b27a10d8b4318386e26d0e250711c,1,0
0x6d8ce60eb0b3c032165fe771c1c6ba2563c2ea2b,1,0
0x6d8eb64d948ed9a5cceaa6a397f00e075c19e335,1,0
0x6d93187c4c19af336d0a4559bd87984124191a82,1,0
0x6da7acdc0500ba05785220ce39014b581f016f80,1,0
0x6da825275aef4f1d97d89a44ea57b2709d7c4e9c,1,0
0x6df57fc52397fa5a4338b3a86897bfa966a4d144,1,0
0x6e300d553fed81ab251ef85fe1226f2a1d9b6e0a,1,0
0x6e39a98ebbd6dd7d9c14bf4334769f1f3f90be1d,1,0
0x6e64f92e03f084a9c149af2bcb9694d7ab913656,1,0
0x6e977a02cb1189dff8917d435a19853375b655f0,1,0
0x6e98f1bb797b621335b94c85ebfe4f7484e2d689,1,0
0x6ea07dee5ddcecde185a963e111887fdebb2b256,1,0
0x6eaa881ee2b6204c70db4d815758ca574e2306a9,1,0
0x6eaf5ac08cc01bff9502b8ec70974aad3ce2e2ea,1,0
0x6ec07be3695d92d191df794191bddcaf0f71acfd,1,0
0x6f5a159dd930f1e46626509a31c9765e3d55419c,1,0
0x6f7f646829f95cf18c415fdb549512d1ec149d89,1,0
0x6ffc49f34732c3af46a88df1d00b94e420971321,1,0
0x701a97be29a223b21c946fcc62c2afafdca53376,1,0
0x7051d350214f5667b2b33dff5724d76f44510c92,1,0
0x705625da654a56c23d2b99738a6ba6d7de61289e,1,0
0x706009ddadc4ec5fb6a7141d4e58bc73c25cd9c9,1,0
0x7087f47978d41b3102cda8098baaca7882208f98,1,0
0x70887b01871c997518372de557bfe9bd8503d772,1,0
0x708d64ddb1ffc42f7acd83026556ee9f2d3b29aa,1,0
0x70b3eb071b028c6eb95ef9643a6ecd3eaa823a10,1,0
0x70d6cbde85b94133d5870406a26a17f28f9cbb58,1,0
0x710041891c0b124f4ad4a0d42f8ffc0960b7bbc7,1,0
0x717e85a46961dbd0b71c8ebb8cfb6ee59227d68f,1,0
0x71a96b29b32910137e35b6ede0fe12d6e3c1b57d,1,0
0x71c00d1746b8d46053142bca0608981357cba0e8,1,0
0x72151d27effd91a83b6097d9e88de33ef70a0d4f,1,0
0x72424643df15d0b1d21827e1aa8ba45d5c20f985,1,0
0x726d78019c4fb0538a15751fee0534ec865dc50e,1,0
0x72b42dda79da65ee42b8ff5e376e7a8bae67f39d,1,0
0x72b4ac019af6da2c167417ea6bcfd133b187abb2,1,0
0x72d57d6a589dddc9b2391560580a60e0b5de20dd,1,0
0x7324ca74ea1ed97c9e137aa3b599c6dc8dc66a63,1,0
0x733586427b2485a706c8891b67b89b90e559d9db,1,0
0x73946f3d3420bc4cb87af6f07cf7017d0e36f6d1,1,0
0x7399d85f96967e5091824f98014352d6cf26e0cb,1,0
0x739f64e20a57c408a67ee1c28434cc742df99312,1,0
0x73a96bc67a8215990c4971729ac91922c7f875a2,1,0
0x73c55eb639a6baf4e35cae1052ea56b35ba02d56,1,0
0x7404699d70502a01b09c5d82cd2597de5b4fadbe,1,0
0x740909a8e52da6dc7d533c69adc8d02499a7b0d1,1,0
0x74107b63d07dd2cd62e3ec486c885fb897d3a12b,1,0
0x744325e9298a3a6a75f5680165b3d6f8d299a393,1,0
0x744550cc468cff48bd9a485c5d27513dee938af4,1,0
0x744d552d639d4574274501352655f3446eb54827,1,0
0x748475336b9f6d4a72e29801459e48ab709ba87c,1,0
0x749db3bf1d43832b9ba9ebf378638debd9e08d6f,1,0
0x752083500eff8235641b7250d9baa6f339bb38e8,1,0
0x752546a85d4d16bff57c34368df5b0dc7277e91b,1,0
0x758796daadfb4959e4f6450e640d235131a95b2d,1,0
0x75c155eb3b1a6a329e0fd01931e2c8a61f83da34,1,0
0x75c66aafec18207889b87304c66541e97447ce11,1,0
0x75cb22a5daa0fb6b65239ca049feb90b8b4de1e5,1,0
0x75efa9b3e81fd009ac411acf427490ce8218185c,1,0
0x75f3170eb5eda54fdf4185f9e24ae7c749fef67c,1,0
0x760856feec0a3e0a970aee1822c776f922dbe1a8,1,0
0x768a8b6748b907c96e10dab3aaf466f27dc243fc,1,0
0x76e626227336db53c7fa87fbeb43e283bd5d7ed9,1,0
0x76f780c336dac20a4a5e73677f98b6b3a78fbd86,1,0
0x77734720ac5b83ceb1917efd02a051db825bd4d4,1,0
0x777a9e7916b2d276243eb6e9293b891d9acf0846,1,0
0x77b56ca86cb327b463a9227df05ec785daa1581f,1,0
0x77d2e19a9cd5ac308246930e5b2dcc76fad6e594,1,0
0x78160d8e6a2967f6db07dcbf65d07db38895aeb1,1,0
0x781bf75008d9ff06b39fed5011f0b35e39665692,1,0
0x782ce13fb28b95ed21ddf7dd8acd48a3c6437274,1,0
0x782db2e806ed42a5afb325544f4f995e0ba4ccab,1,0
0x788829950fb701bb6bc90426192450d2bd45dab2,1,0
0x78bf5d263163213a9000efde423a931ae0f49a40,1,0
0x78ce0a19535f54e308dac41f95074a3f08a5882f,1,0
0x7911ed1eec934f1c3719d5c760c01cf77f6f38f8,1,0
0x791c756c9e5f138f1d48a587b152dc810db758f2,1,0
0x79469008382b124c028974d8fac423df4f9bdef7,1,0
0x7965fdbd5d5934cf73015e88305976533be2c5c6,1,0
0x797f9a9c1597ce24b0d8c1e1827b254893036602,1,0
0x79929592beb4037d751e39b20f57c09814ba24da,1,0
0x79b7721a64f34612cc68c6c6c111ddd99e772ed4,1,0
0x79c708d52e76a83e0283bca47ca26a7da89bfd85,1,0
0x79d1d5599da9e791ac67a4b747eb5aba9582a80a,1,0
0x79e1e53d7c09ad2612e2f03d135952afa51dfe37,1,0
0x79e9b8d7f8183a828ea2063a35bc0f866c204cb4,1,0
0x7a0ca6ba6933cf072c4179744c3915c1a6f32799,1,0
0x7a8553941fd3beda6e36c4282b0a8f9d7fedc1c3,1,0
0x7a906954b30054c06e4f041d99501be92cd3fe10,1,0
0x7aab5a7cc059a909141bd70aed5ab4bc0c7b5933,1,0
0x7b15d001d96f14fb66d8717de07aeb9f0184f76e,1,0
0x7b61108e96c4757afbdfa86906e10b15459c07b7,1,0
0x7b6ce32b94947fab33d66a8011674e1ae0aea969,1,0
0x7be9a2e9be330d524cfc460d3c55fd4e2eb63e9d,1,0
0x7c1a642a3666644b604f9b0dfebcf9832b0bf21f,1,0
0x7c2c6803d14af7b80853930a7c3e6f77c6666ff8,1,0
0x7c473cd93f11123daf98c3b179059475f5b39f2a,1,0
0x7c49f8ba26dd1ec7de197a13aaf502d6b27bacd6,1,0
0x7c696093b48973e8a2550b819260e88aaeb6e00f,1,0
0x7c7be3d48ebeb105bb2694b4c8f0da44c3fd2e3e,1,0
0x7c8ff280db8442ecfcb4946fa876f399eed1821c,1,0
0x7cf5585d3bdc5e95916a0d465129be678629f82f,1,0
0x7cfb79ef132f589bc9f8b01dca2ee98af146d9ea,1,0
0x7d290da4ba8cdfae6ed02ecfcd2351e7c98a671d,1,0
0x7d38e8ec8d0313080783c50988908b9a326551d1,1,0
0x7d416d3251fcba6cb3fea741f943b7fb682e9015,1,0
0x7d477ea91abc560c1e5f36821c140b96cada766e,1,0
0x7d6e7f0c6e3a38126841901af513ab65237b72c2,1,0
0x7dc9b62bc5556225703ea41080d5d53b3ebc1884,1,0
0x7dcb845869169fcefa212fe8dcbc7c6226d97990,1,0
0x7dd0bb037b45f9c4677faa19e70d372fe6538858,1,0
0x7e0f8ee8f44040f2841396e25267ffa4c3de7ffe,1,0
0x7e2208a6219967f984c8de924ca570d822228a36,1,0
0x7e59d3598197db716687af0ec70867873f2d4648,1,0
0x7e6379499f180d826a49837c5dcfd88aeffedab0,1,0
0x7e68d7a3fce70fd067c70c770c5544f4916eeba9,1,0
0x7e93d7495d93b6548f29ea9f00b0fe9a6c67b849,1,0
0x7eaeaffeb1aafe5f1051081b3163c84a4297ddaf,1,0
0x7eba6b6f2642fb5dca1e9f2e8902c6ea82b4ce88,1,0
0x7ecd48616ff554f4279f63b8a71ef30c077605eb,1,0
0x7f04385a8a34157eeab520a32cfa1d38a57b5c48,1,0
0x7f2008441b5a23b995742d92275e11ae5eb16b90,1,0
0x7f338d6d584a8266cd8c9b75de79729a58d86ae6,1,0
0x7f3d43b7c39c4010ec41cab89d560ea333659359,1,0
0x7f445f21b18ff7dd45944b6311077896410c584d,1,0
0x7f4c94e14f896f63ad354e050ccc5794ceadbcef,1,0
0x7f5a17fd098d4c24f4d0eb821176db12351a539d,1,0
0x7f8572742402a7929af23a9f655432c591414966,1,0
0x7f982b3de5871d69442b3e601d1dcf366722b7b3,1,0
0x7fa24173cd9aa86aa7f11686d802c71da67c8896,1,0
0x7fc210681b9e4a6cb5ffad9f65cf2dedff2f6c3d,1,0
0x801e8013794e763fd700028bccd91c09b9cf9dfb,1,0
0x8089e9963cb5e82d48cadb94161426392bfbba89,1,0
0x808e76c4af16c9ceab6c0c9aecc37d56280121f0,1,0
0x80a3ff3d66571b56f497e68ee98aa64461fda2b9,1,0
0x816b7bb98ae90364a9b4f41724d74d909dd660c6,1,0
0x81a0b2f81140c0a754bfcdaf89e6f15faccad74e,1,0
0x8226d8a136be2f42572c9fdb3884319bbf5219cf,1,0
0x82656751d6de705b778f4cf05a1afd001fc76754,1,0
0x82899e0d7e2d32b7e0307793180ecbc032b95a36,1,0
0x82b73aba5b54fb6ea5c5cf9056e43c18c52f3c52,1,0
0x82d4e6fc38db5558e2f27a7133a93be1b008c134,1,0
0x82d6b22207ef6144c902cb13b3eccafee4618539,1,0
0x82daf049b56d11c9a14936ba7e6ecb39aa519a1f,1,0
0x82fbb2027aedd3186087c3ee6431da508bdd4c22,1,0
0x83385bc28b25e435eeffa7e426fb7409f30b0b87,1,0
0x8351d59d0c7479e631e91aa41d7f260cf92816a6,1,0
0x8357c4ea5f58b349a8f980caab4bb3ff3797734b,1,0
0x8367c811bd422e7e570c5745927b48ebaf2d5c5d,1,0
0x839725f69033fd728c7c126dc78f1994137007e6,1,0
0x83f231540cdcfb043a230e069ac56b8235dd44fa,1,0
0x83f7928f27b581b88063821cd819abd000b030f4,1,0
0x841f4871ffb7a7cf6d5dc77039b1ba62e983c937,1,0
0x842369d9500bc3745f1bb6d29858820a184c8271,1,0
0x843bf059bb088e4356b9afd6f53baa35f3906628,1,0
0x849d1d07c807aed1964a1891746dd033ed872817,1,0
0x84ac1375658a540f4bd7d7ec6cddcb012a055b54,1,0
0x84fcc493f9b0b8680d1bd65097987fee20a631c4,1,0
0x85109ad02889c91f9cf1a7701662ba0347ce4ed6,1,0
0x853054857d755c6d1605e003c8495be0407476ab,1,0
0x853f987acc04804b64fc3a6252cf7eaccc5a7efd,1,0
0x85411731922994abafd475390cd88f6b70e70247,1,0
0x85551a893e2aa4ac44dbe38adafa916a6f5f48ec,1,0
0x85576a42c357b6dc56c18810d5fe496f1e0e8406,1,0
0x857960b5971d75333b4145ee22be2484facffe4b,1,0
0x85aa4dee88858b9fc01f567779513dad11bb0dd0,1,0
0x85ab289dba28dc23ebb4f4d08bc3787c39e51fb7,1,0
0x85ae55f1283993e4d388b6058840572a5d0f0e13,1,0
0x85bcfa5098aaf506d9590dca8de3cff68a2e6ea3,1,0
0x85e5c03a0297c533e91472991862da65d59cd281,1,0
0x860fefe7c2e1cea51bc0cae079237d5ef183945e,1,0
0x861bec93aec4db9e34acf797ad784edef8d68e39,1,0
0x8628c1d31a44f500a203ff9142d4c36fc216bcbe,1,0
0x8639e50d0eeed386949331cc3b48b7a12baf541d,1,0
0x8679d89530b5dc48474714f92712693782631b2f,1,0
0x868092775391e92b60de405954cfed3552774b72,1,0
0x8685738074ad64618a45d486bcf663cff889c1cb,1,0
0x86e197cf6b919f08d515a4178d7c532d87b95e88,1,0
0x8712c0cedf9b6781aea750adc04b0150d31f9498,1,0
0x8765b0a7c9aa373e071a0ee532ca6134f6065db7,1,0
0x8768be57355b736da099d2c2ffda7b072ac877b9,1,0
0x876ef6b0bb42c9f28e71b0b2ba4e291eb9ccbad5,1,0
0x87733fae73a2a5b53f8ed55ee69df5d9871e63a2,1,0
0x878709b6488b522f88822e977ad9a3a312186026,1,0
0x879069c097c7ed08f84c5404dd12344377ae1f33,1,0
0x8790b50506ac49afe1914779ec3b8eab70d9b4e3,1,0
0x879a342996f8e46ef83568dbd9d358b25960a58e,1,0
0x87a2df68c377e7c205c86d658660a91d5339fbdc,1,0
0x88985306f5d5ce57fe5381d558acac81a4455261,1,0
0x88b958e55403e70bae48c5e195a1903bea1d5f72,1,0
0x891ebf20c37871477406d2060d5bd0b442a1da5c,1,0
0x893faaa793e6466290b6c5e8c11c0f2cbdd1c53b,1,0
0x89e0887c3474d4b570c716720372e8b38e326b83,1,0
0x8a7461b7db13e59618a39bed784e2a41db1a589e,1,0
0x8a7c3392ee50186c74eb28fb3085119e030168c3,1,0
0x8a89e9075dc6fbf51716d2b466c8e15a8f441de1,1,0
0x8aa2e5180f242aa99a8b8e60d3ce5d547211c9be,1,0
0x8abd0ac790ba7aa4a790a958ed55d3c7ac39c930,1,0
0x8ac12b8e96875bbc8bdfba8f482ff1d2a3476784,1,0
0x8b674cd3d60f2c225d8144373d0d8be957d60c5f,1,0
0x8b77b51ba1e9c2a6534349a58a6773eca1fe7b2c,1,0
0x8b881349c69fda7e1121ae397383aa2002f9f418,1,0
0x8bd161db2263615583b307a45f6cefbc4deb277c,1,0
0x8c18d8ea077bb0548f6ae90bc32abb804aaa0b74,1,0
0x8c1e59b4dc4d4a922080563c7ee690511af2d969,1,0
0x8c42d1a07e6c8e42b00d2f8079741488a2b2fb57,1,0
0x8c4a06d52d81f4394cae9de97fbe7f87d4af3aa4,1,0
0x8c4af31c057e0f1330a24031788f9feda90630ed,1,0
0x8c776723b5f28e76edea5f99f686af469368b5aa,1,0
0x8c80910cbac04362e1867c94bd0498db3cfea0c9,1,0
0x8c9a169f0a4e3daa2e8d885f1f170dda11db771b,1,0
0x8cd25d93a3c87b713e20ecbbbcc14092b96bb9b1,1,0
0x8d31550863b9bdf7a75ef81ce9a395e14376842f,1,0
0x8d5528326c716ea66acd263bc07b6c85cb44a3d9,1,0
0x8d560b3ba4d4cb91f7e1ea69ce0d652893799ead,1,0
0x8d575cca0ab072614fa7ef59fb0e0c4e367bc626,1,0
0x8d7bd86c9daf06e284d7fa64cf61615c24bd5d7a,1,0
0x8dbd360fd2c99bfe70f2fe42a6bba373335b02dc,1,0
0x8df3dffef849257a0b01046760b21649a1b6e8ae,1,0
0x8e053a43735d487e793184285bb502b69230e6bd,1,0
0x8e0ed6e7922b4ca9bfc5919c28a2956cee13a027,1,0
0x8e7f88a778ad33daf00dd112ae320f381e0f8083,1,0
0x8e8f6eb303df340f1e1841eb609ecefe3af0d003,1,0
0x8e948b2c72d87ee177faba57c61e77ae8189bca6,1,0
0x8eb70d02cc27bb2f57eae3c51f042f3e0399601e,1,0
0x8ec37723fdc7d35eac3202d8ff80ae0cfeda292f,1,0
0x8ed388e3222370013c5e4fb13a6f55d9e6a91e4a,1,0
0x8f01cb57fd857366303878b87622600c2b705e46,1,0
0x8f418a1f426210c612b1b293ffc937bd10d7e56a,1,0
0x8f8363bac76b42ad5531782ed8c696c0a79f1e80,1,0
0x8f8d28918f61317de14c93dc9bae8dfed4e2f11d,1,0
0x8fb5a7ca10b17c012c3120ac823fd50dccb4723d,1,0
0x8fb8a2da7cfd94891a9ad18155bf179e77373e06,1,0
0x900d54d2e6d3c7104ca2ab8895600d8fad07eb23,1,0
0x90429666900669bb2f1ea28b7452efcbcc5fb5f9,1,0
0x904a1a83b8dc36d518ed077e7c3fdf5b0e9568f7,1,0
0x907d42a04694680232c0457949ad28894b00ba95,1,0
0x90876256884227ca24babf9109b27c6d0c4a47ea,1,0
0x90928ce5fcddf39ebca585bb46c93848bc983e3c,1,0
0x910bc0455fffbb997b8a9a35ad1633c0fa8c7db8,1,0
0x9133da921f941b91e0d0c942a8664e898e3b007d,1,0
0x91392ea1c45a49160dc0d447fec63773cb3c00ae,1,0
0x9152c40c8f061e26e02a68b54913a0377ff0236a,1,0
0x91cbc350cf72c0ce7022621a0bf56807defdf53a,1,0
0x91e5f7b4a6df114692c5ed6f5515e22e6f35dea4,1,0
0x921ce8175da3a9afe8f7efc37bc15bdbb176d975,1,0
0x922feb7003f4243f7323c29f6a04504e1685d5f8,1,0
0x9233538ab687dd3ae34776b7fe0895de0eab53da,1,0
0x9265e7e70609b081b7e5da71e7b10dbb03c9e0a7,1,0
0x928439a795e3e673f876efd8f7084ca6fbd0fb37,1,0
0x9285e8faa48d29ada1d36017c00118d7c8e22498,1,0
0x929620a9c491fe5e6c0ea8cbc76a2107b2c82f1b,1,0
0x92a42d6025ff3e23d1d256c16067579e9449a229,1,0
0x92b0e2a34a38e64dfd1bb2c222a33b1543417837,1,0
0x92ec06dd7d6624889acef751aea8ef854d245303,1,0
0x92f94eea9e9234155221740305268d4b534959d6,1,0
0x9351ca9d2c65d2996c19febcab96d77a12f25491,1,0
0x93562acd3f72588ffa59b4b5afd3180bff0e0f93,1,0
0x93636d9f71313cb54539c2b5ac07de2469bc536e,1,0
0x93a7ade7338e3e9fc11a198a22c3ad67cb5b44ab,1,0
0x93c029b983ac700e4d7d3f70729342ae3b96fd81,1,0
0x93cec1b97ccfebf0d088801cc020421e9c4d5793,1,0
0x93ecd858ace4a8dfe4cd10c849afa98b570d3b3b,1,0
0x9403d995b455fee0ca2ea96754156e8b19dcf739,1,0
0x9462885f76dbd856bcca1cf4a8c2307c2438f634,1,0
0x9478bf1a2fbd3246fdbbff85d2e4f43c28b77173,1,0
0x94a9edc38388f1ea1eca824210f28465cca570ce,1,0
0x94af0faa8151f3186fa5cf64e37f07cd7374335f,1,0
0x94c3fdf8ddb2ed2f98f6e26a7e72f6ed889b03af,1,0
0x94f8e6f9e884e74790bbdc6f1ff5a4181e760434,1,0
0x953aa99a3e05132913a0b3645b21527f5dc2a5ad,1,0
0x95b89430dd5266dfca69296a3b385ae7274282ed,1,0
0x95c5b1605cb21173917d8350208af993f80d9add,1,0
0x95e00fc910f6f2980f6429e8eb2b65059a873b1b,1,0
0x9619ac46ae70aea63696e43ce39f03492001b2b7,1,0
0x96bcf10a99db762c3f28c741ce6e7bb0a17aa267,1,0
0x96c1696a06c4e4fffd3ecbfa21774a2a1246ae96,1,0
0x96cdd442ced7535a96478b88afeb92a4c0584ecb,1,0
0x96df69f613dc20dfa4e7515df19952ab3d397c0c,1,0
0x96e7377da847da3c05ce426b2b9046221cac2614,1,0
0x971bca44bbfe34ffb01de079a66cc21c4978177e,1,0
0x9733a9b7b9943d0f114a1a76a19906d4d26430cb,1,0
0x97838dcd1a077e47ca4d3222f8fc54c0088be0f5,1,0
0x97db550c7732fa8cd0ed109cabd2bbe7fbad89f1,1,0
0x97e1f3004cc759b4fee8f18b445ccf13a4afd20a,1,0
0x9801b20c837e68ccac75474640ce0788c4daca2e,1,0
0x9820db5ca10bdbd04a5654939d0913031b0aee8c,1,0
0x983bd09815948d887b84f982b0cb269383c93cae,1,0
0x9881efbba207b10846eebf3bbcf39d95c59733de,1,0
0x9893cfe8e458ed58a84cc90d6a4536dd71f9c9dd,1,0
0x98e3b978efa4431b9f41d4c50e7851ccbd8e0b8a,1,0
0x98e5df4ab052cd6a808b18a23ab963b466bb8374,1,0
0x98ee7fab4dbe81891a3c29c1b61897c3edcc8e92,1,0
0x99161055a832c407545325e3b91078ab64ff4998,1,0
0x996e18073886514c5f59ee4f93258e927d4416d2,1,0
0x9989b7814259509ead69045266d59329eb2b6762,1,0
0x99a74cf28b3777f36b5f66b59016c0c8d6ca69ea,1,0
0x99b18b386f7ee896fddbf305abcc976c25d08148,1,0
0x99be28c1bb23e278c8c8d8999c15787306ebb1a7,1,0
0x99d3bf94ef212ab87915d3adabede0bde0c19b19,1,0
0x9a1ec5633db9ff0becfa62f0856567b56244e299,1,0
0x9a4988450833c0c71f0070542422b4be62cd2a52,1,0
0x9a5289090238c70cb326c10cea40705b57c44d91,1,0
0x9a5ee134d550389d31bbd0f8443966bcf1d9c961,1,0
0x9aadd747a65bd588b22e83898c494533823d5f58,1,0
0x9ae100db021f2fe5478bd4bfd2fb74f2295c6e08,1,0
0x9b1ca96d28f61f7af0df7f7980f0961b2f0f545f,1,0
0x9b773561ad356227b9a5bde9f019b417e0a2c394,1,0
0x9b77f50372a5ce25509fca308b37a3e757880ee0,1,0
0x9b98d08671e6f40ce7a4b4e4bf39b8d2538ba47f,1,0
0x9ba0b8d2f28ae44c56df41356d9fc5089ac9058f,1,0
0x9bfffbc59b86ca6f76199265be7918be14829d4a,1,0
0x9c00833cba0159f36b5b08a36d2678621d6e86cb,1,0
0x9c498eb58b900c966fe4b887dc483e1c2ead9196,1,0
0x9c5d54793f7ad0f15c76998bd0d06b94a7f2c9ab,1,0
0x9cbceb344dbca07b828473a610f88e3c07a34c59,1,0
0x9cd2848d29953941b49cb29a67dbd10ea5d0af02,1,0
0x9d2f3c3ba9c5cb2eeed6fe9db71ae513c490ecea,1,0
0x9d37e8c4b4263093d812f7382c659e05c34d7ed4,1,0
0x9d3adbdb693aa4fe345f99023e6bd12665eb1bce,1,0
0x9d3c6c5f3f952f162dabcff38224dab5bd724450,1,0
0x9d46f5e45b8db6ece6ac4323b66c9943d4522cdd,1,0
0x9d4c5b4cbb7eb933fbe5e8ad58e434195887325e,1,0
0x9d70eb959739a41edc2a7a134296a06d1a657bf5,1,0
0x9d9c1715c66cbee0566f509b8db7344095d93622,1,0
0x9da87927cef8e7549030f55a42acce9a46753acd,1,0
0x9dc1ca6dd4d0db4888d5f98c8063611ba39be295,1,0
0x9ded213fed6a6cd29318720d0b19528d5ec8c458,1,0
0x9df5b07e22094c00188c27f3859fecd3428eb17d,1,0
0x9e0f0a2725fb35b30a789d1cb0059d24933bf3ad,1,0
0x9e1c033f66b8dc3fac2f48317c2421a186961e33,1,0
0x9e6e8bee3b9fbf9ffd5103d3e6c7a7e24b96f6ee,1,0
0x9e8314da6d161d3a434f6f16bef598ab34c37e66,1,0
0x9e9260bafecd76f7f4eb42ee74d6847d144ca9c9,1,0
0x9ea36c62e79523d9ca7c92d80c44c66964a6fece,1,0
0x9ea3b46ee2c29fad7abf4083909a3bbf332bb6a6,1,0
0x9eb6386faedab114c6541aed4db056ccbf89b722,1,0
0x9eee8fef7ff7034b65201977fbf2acdd959bc46e,1,0
0x9f1a9209e3cc19c103498515132dee60b1a3312b,1,0
0x9f62934cf4adff8b32bfd1962d2cea0c2ecd5d65,1,0
0x9f681a2daf346c3342cf9f40f0049220cd0e15ef,1,0
0x9fc7a10e952b7333af05d2d4f37629eb94bee72d,1,0
0x9ffb924dda698cebd88888a7f6dc5fc505ddb3cb,1,0
0xa002a76ccbccdbe7ebf041e6448eb7c1455c3a27,1,0
0xa008a94a5a1b78f0d6910666beca8359b03785ba,1,0
0xa0318c9909ad7469e0b68d029ad905dce755ed0b,1,0
0xa078212ea67599dc4f59817fec8140e10b0224a1,1,0
0xa0a800dc960c2dcca09a4b7152c00e0eade3349c,1,0
0xa0ab1e0d28a9f2014fbee9f6ec1ffcbf6063135d,1,0
0xa1138cdc67b166da382e3301855a7065a008a809,1,0
0xa147f30f3f7f60b87cd1ecb93991f276a96471cf,1,0
0xa1501625c45c52327d29b0f491a0e81ab3344050,1,0
0xa1680e102e3bbe112097793d544fbd9294e71e03,1,0
0xa1a7ea34fcbc70f58a4fbf6bd908cf972d8ecf44,1,0
0xa1bf0b4db89c0de39d01d82df30946bbb777497a,1,0
0xa1eba129c5e37616bc06a5aedecdd51a235e7931,1,0
0xa211a45a873a59f2a7b413da76fd0db78bae4fe7,1,0
0xa214f081bc3a691eec36918d905c7af8d5a792be,1,0
0xa2453ad40207083ac908229eee4e2401d3e4b603,1,0
0xa25165ca80340093c0de217decf5fccf8d33b1af,1,0
0xa28ad5716539bcdbeb3cf00717207f2a4b3c3a95,1,0
0xa2ee06fbed26e86d49c004519dee77c5059f4d21,1,0
0xa2f90a55147b947d312c4dd8116c3afbc1f97cd9,1,0
0xa3123acf1a93a3e411d0def9c7749650815f9448,1,0
0xa319fb5e3052b7df1f433e5989ad6438436b9ddf,1,0
0xa31e8272f5ebc398bd01368e1bc91076068dfe2f,1,0
0xa3266844d45e08d51d95651856f4efad852bb246,1,0
0xa3612639a90f9cad15c330223c71d2e979694116,1,0
0xa3cef220ad516a568fa8c904b030c6771c406488,1,0
0xa40f3aba3e1ef945a09775ae1c9c08edc4041e7c,1,0
0xa42353fc7c3a747b3cf17c6d42635e353e9d1735,1,0
0xa446d71d55fca1addd60b977b2d468ac30c45035,1,0
0xa470e12fb1eda9773c8f69dda0a89f7fd12e8e69,1,0
0xa4b08a11a1467068a801fd78ff55501ab0cf61f4,1,0
0xa4b0f4d2113b99d963e80b0443eedd8cd0bb4ea2,1,0
0xa4e1981bc036b0378f2488b091f99a7399d4be1b,1,0
0xa4e5fcc5d6ba73175e47db5655acd0020fdabd87,1,0
0xa4e871ff4391c7c6242486d5d54ff2bb24a0f044,1,0
0xa5b8ebf3f31d0809275c65f3012105e9c67cba2a,1,0
0xa5c2950b39aa515d985c815ed4edc787161974bd,1,0
0xa67bfafb54e30f89528116d6afbb437777e9aa8d,1,0
0xa6ce75b2b5b2669b5af14d1b3c59058621e92e96,1,0
0xa70bf0d91a0eab622e0155954f7e03566880abb9,1,0
0xa716e995ec9c0f354a86cd8c16e3cf09dcf3d073,1,0
0xa739bdb78880cdaa9f73d1139b0ec5c0a97c0b56,1,0
0xa753f294df70e4a56a6b937d2e400f0af556f936,1,0
0xa7a2d4e4c8e0d4551a967c2ef0966f74289ddb7f,1,0
0xa7a7dae80c403a36f47a30e17ac9f89c95e66054,1,0
0xa7c13c0b464967d7d0e70cf6040147bddf06b935,1,0
0xa7dd22eed424d5001b23ce2bdd08ee8f7a9646c1,1,0
0xa819d6c91f4cc6e7b309ce7337f0b0b69d8d9744,1,0
0xa81c0b0fd59749c9df141a790af051b8cd4c570f,1,0
0xa8453cae95025459898c099838baaec3220827b7,1,0
0xa8bb566351eb991316760c5153459ec309473d6d,1,0
0xa8d3f5f47f39c14bc85e13e660372bf5b8474d7b,1,0
0xa8d9974e9ead606a9382f74e8b0e90691bc06df6,1,0
0xa8db198c23824188732fdad9806421841883db45,1,0
0xa90b7b4d0bc5b93051cfb5897398e81f091e5f9d,1,0
0xa9308cc5ac6e28d09ec0724e739bbe884e705747,1,0
0xa9319240d92ed208ea35f0809ffa6fec194cda75,1,0
0xa9c305522abf3b797d21967c5ce2d12a2cd44c52,1,0
0xa9c564b7f0dd7006e50f5406790b8106466322f4,1,0
0xaa104aeaeb63ee6ce6db7f3520b46169448d6b1a,1,0
0xaa1987105f853bc42f32f951550a8c9918ba9230,1,0
0xaa368e9e51f88b4bb484934656973af2e7d7a26d,1,0
0xaa403fd20dc6ebf250c8a48b4d2cba4d24ccd38c,1,0
0xaa43bd622e9de46bcf3ff0d555ac69c8333cdcbc,1,0
0xaa4e0adb885ef4f33d05f14c3b2c4caddcba687b,1,0
0xaa60c36b851ef3af255a68072fbad11d79a79bb7,1,0
0xaaaed7c5ca048afda785ea1078bf0806fb035b5e,1,0
0xaac6292a7b32db7cb6939cdd0de335031424d70c,1,0
0xaae36139cdaf97951d1db5ff076a0f8c5f56e921,1,0
0xab2f87fc1e67717d1b9b4194851dcdf017b40926,1,0
0xab446c540439fb7baca5dabc0c39ab19afad5745,1,0
0xabaafea8acfce4843a69e69bf52a1e95cbc3f0e8,1,0
0xabdb9f079a2b26f5c42562a585fc9b0fc78b73bf,1,0
0xabdbf7ec855c605852123e4aa6411d37dab0dde5,1,0
0xabdff795a67d06e3c47ea66db190aaf2054646e7,1,0
0xabe061fb927a19565d6f19fa720b2dde568f3e77,1,0
0xabf140174703025ce32a17cfce67c15013732ba2,1,0
0xac066864893974e62bfe9f2a6713b8cdd26149ee,1,0
0xac1becf70f136520476d5a34ccab2caee16b475d,1,0
0xac236ea8ed1c73a83b5a10d17988028fec528f59,1,0
0xac3fcd827f199ccea817e5d1f9455f482de53fcb,1,0
0xac812add26634e5e32976226a35030feac78be1e,1,0
0xac87e099566f33233969a80a43255a25d4c989d0,1,0
0xaca54a0a36a1849f8ef7356a344370013f25b33d,1,0
0xacbdf3d6bee0374bda6129edb1b0069c119cf16b,1,0
0xacbed2b2d11cc0901f8b18254297e845e7a60fec,1,0
0xacc3a83f54ac52f19b5490c49f67606472274047,1,0
0xacd19234645a89a79e472baff782d5f0978d21a1,1,0
0xad37ef6e7b5e2790ec8c9fdb3eee9d920a54f19c,1,0
0xada4a0f0510e53981da17642a32c5da628f4df90,1,0
0xadb728172ddbaf0b3a8b87aeb5cbd3141d50f3e3,1,0
0xae187d69aafa5ae1d7d04c108da0e6e9e7526ac8,1,0
0xae3c9faf8896ef9b52e7940e26696ce975a8571b,1,0
0xae71ba15b459b0c297b6c955b4b03b6709585d6a,1,0
0xae8bd2fb3a44075b4bb3716caacd69c181cf1663,1,0
0xaee27d52a71416831b8ba004cedfb5d4f462c45b,1,0
0xaf62f6b7d1fb855b731879142ce0beed0476096c,1,0
0xaf680273d4a92ce6e13553fe0d1f43604e6db859,1,0
0xaf68e54e3a7581c50cd7b35f374b3aa3dcd5b3eb,1,0
0xaf6c6e1f906bdb9eb63367612b51ae9077925d00,1,0
0xaf808f92a61dc3f281a5188f392dfc531aa1f6b0,1,0
0xaf840c0b30c286cd7896879c9f9b43919e7fc266,1,0
0xaf8bd0975b147ebf2d22159d10a910b4127842ac,1,0
0xaf9a25b7e45c2297982edf63ad4d63f07b9c9ec7,1,0
0xafceec9c7f34857d5e1caf11917464f3b8557b79,1,0
0xb00a6dc59f84e2c568f3514238ea03cec14457e6,1,0
0xb015f9b73a8bb1357cd7551f590d601e176b037c,1,0
0xb01ceb3baaf5e7973ae270fe1c2caa8940b576d0,1,0
0xb084cc9b0092ff236e43658539b7eeb75ba08100,1,0
0xb0852c9f5c17d8c8ade77d82ae3722524937d34c,1,0
0xb09852861164171796b671882adee49ded1d9afe,1,0
0xb0ae89b4638527fc423b63288e3f99fe5247c0fe,1,0
0xb0cd3e0f901fdeab84d2df5c4e4455e6b83136c6,1,0
0xb0f37475569d8a4488cd726f411fa54a6472ea23,1,0
0xb0fe0bed2cddc66aea88c7ada9af77f90034dba9,1,0
0xb1710ccec9c50685d9194bfd4765626130fb6dbc,1,0
0xb17192e87e26e40b352b2040e1b97c1febf6612c,1,0
0xb181fe1ca2b341d268d5354b86ba63952ba2353b,1,0
0xb19e42e1032e90668a48538239deb97db07cb831,1,0
0xb1b231e6c7c895a638cfaeecc7eb498e28d9d7ce,1,0
0xb1b3b8b9fb5d5f65dfafe0558d474221ed7d4596,1,0
0xb1dd39cb92eb15b11d7c02702ccf2d415bd01328,1,0
0xb2593e18178615533224288623a66ffbbea517fc,1,0
0xb2a11d4c50b8bf6395d24adfc45fea3fde8523bb,1,0
0xb2a70bcccaf9a8c38b294b9ebc7019da3ee590b6,1,0
0xb2d28a13004389f240c4d67a132e257ed84dd60e,1,0
0xb312ac004f880df21c07a96d8feab476c48c0326,1,0
0xb35c1010ab5cf8acbaa6ab22272c1c9763848086,1,0
0xb379dd027643e23df9762a7dd011abf0c0df95f4,1,0
0xb39570f4842bf666d9cb1664eacdfab9c4d53f6c,1,0
0xb3a34c9edeadd97d1a6ba9e14043aadb92786849,1,0
0xb3d4ed670e7b757c82c7dd619c6a2e224bf450b2,1,0
0xb3fb4369d1079dc85c10ac6366b345925df71adb,1,0
0xb3ff68e91af013aeeae0819f9719c999514d10d2,1,0
0xb48497f7216e8640551f48d8d3c16d46a391912e,1,0
0xb4c5297ffc80b45340ba934124f1309851b879f8,1,0
0xb4c792810d3d84afece492898ebfa59094dc732f,1,0
0xb4d0157329ffec6d327cd145688f280a4aa1c974,1,0
0xb522caa704f2118343f94247e797f80ad0b67ea9,1,0
0xb5301775d6d9bfbdc9628463e5b30d2c76a936fe,1,0
0xb55b4688c7757858d6ab7b9ab1003b6dcd0b289a,1,0
0xb57ad23760a0257b912b4946f43cf95deb1cc932,1,0
0xb57cfcbcfc51396bb9817b38fc28194a692591b8,1,0
0xb5941ce1d53f687d51e82d5440e701013dfe92df,1,0
0xb5981f66366f1ef8d26fbd343177a0c6fa897499,1,0
0xb59ea9e35393f224cdbd57c03064dfc0c2682be3,1,0
0xb5b28ffcb3263b4389ef53fd7af17bbee5a464ed,1,0
0xb5c9b79ad890417f4bbd37ace4bbe8c3603ba0ef,1,0
0xb5f700989e596b0936b5f3e2278fc5bd651f7173,1,0
0xb6131d0d3cd707ba197100caa2f94e4d4a7a0b94,1,0
0xb622b12f820783d44b4d1eb727669670036ff94a,1,0
0xb6865477bf8656df22169f7a25a1badb19735157,1,0
0xb68ed317d54fd9e0d33b0f4d86305b0e6cbc990d,1,0
0xb6ad41eb0848bff99de05aa94a46211397c39b5f,1,0
0xb6b4fa827cc5a66285dcef2df5ae6d4dd0152af9,1,0
0xb6b636bda4506bcd8a03f8d23b809a9a290ee7c4,1,0
0xb6b99f923e22e1ae463ac6009e4da81e1e5b58c2,1,0
0xb6cd34ba8d1adc7ecf2c696f43d674def4ac9f1b,1,0
0xb70b3dd161027db0ab4b3a7e8fc2923b1e27a039,1,0
0xb70d3e43220b1fb3cdebb224bf1bbbb5a2853c2e,1,0
0xb727a4917de51d7e9612589bd3c370adbe56e3ed,1,0
0xb74779353bb7dedc8a975d6f6be498650abd7644,1,0
0xb75c7db0893ba890e6ac023b6a59d9634d0434af,1,0
0xb76b04d05bb4940efd795d02d42e084407d98642,1,0
0xb7c292ed1b8dec7e93dd6663f82be8238de9db78,1,0
0xb829f8c5b20c8014ceae74e4534c9ed04bd961b9,1,0
0xb85600e112b8d2a07a7a7d087ccbd113011d083f,1,0
0xb883a4f60609cbd0b7f098ce083603df16402a20,1,0
0xb8dc3cba941499731d6b6cc8a1dbd19250f78b35,1,0
0xb93211d767383c362923f10f60850a0605c0e74c,1,0
0xb9b2de2a23a56a20fb544b259f8fa875bf7aadad,1,0
0xb9b5df12ecec795978d5f78299e0c3df25d3f185,1,0
0xb9c8c34fef5ead00582b1069728fd506d63fd0e5,1,0
0xb9c99cf6ba95ed45d555c0668f1a63bd43ab4953,1,0
0xb9f3964503ee08b3f7ed0f55037bb240a31e16dc,1,0
0xba1355f983a5a6b78e7342793dec6b9bb7061ac1,1,0
0xba18c98ee50e53af3ab7fca465d325fa2fbb1fa1,1,0
0xba68386553db7ed32d30ad02fac7a53cee99b4e2,1,0
0xba8204ee496650f55a12790673fcce7544ec13d8,1,0
0xbaa4fc3481088ec93ec7419ff486779fbc7b6802,1,0
0xbabcd3845e0b518626fffd80f24fa07578c82313,1,0
0xbb2f33ca5f4c8cb290b3b7b9fca634357fe60a64,1,0
0xbb3b14e82653e8deba2267e5c037401776987fbf,1,0
0xbb3c47f15d566b5f26f1a4b1d584da56b8afc98d,1,0
0xbb484283cc0729f2593a398a5b54e5885dac3e2b,1,0
0xbbf47d6efff5e0e64a55cd94e5419688c57e9afb,1,0
0xbc227884ba2c5a11be60b05699d256014638983b,1,0
0xbc3f6b6f97ff5ff3f969416f7abeaa772e639875,1,0
0xbc4711d2356fe5a11db6354250fb897f656efd7b,1,0
0xbc4b8ff44e926d729dce09074dcc58d3a009da83,1,0
0xbc63b5dc080b7451b043d6f5a94a44aa469c2356,1,0
0xbcc6e9bcc47c7f7bf271b164d861a89f1940ee0b,1,0
0xbd457c4e4e4b423b2515cad3ff0202511b5b36d9,1,0
0xbd68642d977df067cb79b450f6bd028971ab802f,1,0
0xbd7c26ba338f5f45dd33c39b658a7eab2aedb32a,1,0
0xbdb548345e01e50e666dee3dc8de13a3ad5fecec,1,0
0xbdbb961f9c8dde553670dd04ae5d7a095550d020,1,0
0xbdbdafffe32eefe7b0b848d8b825abdd0f36d151,1,0
0xbdcdd9a974cb959efcfedbe3b442831d74d0253c,1,0
0xbe13db1dcc1815b874e2254758f9da89a74b2be0,1,0
0xbe33c1841b6159040ec8b6f4e3cdb86cb4bcb694,1,0
0xbe57661ebf991c854557a0c906c70c5ee5a06864,1,0
0xbe5ee28039dd0e3b53fc350ddb4970bc643e966c,1,0
0xbf09c70ca03edbd4dd0154b4ca209ae8fc9220c9,1,0
0xbf35300adcbe6581b0b11ccc0ac20e4124df355a,1,0
0xbf465a6bca3fd374faee2ab79c6846aa12d731cb,1,0
0xbfede827fc6afb3f427dd12bfd4cf51d06bfda55,1,0
0xc0934ae7934a60c9d73198a78ed02109797c6c75,1,0
0xc0c6c7f7469c21d39dcb9a86f029e83ec8c916d3,1,0
0xc0f60f5a6a2a4e085da3c1feaa1028fbc98ff13f,1,0
0xc0fdc6d5472d3d726ccb78b41179a72cedaf3437,1,0
0xc10494f2486457fd874f0fd7edde07956c765e6d,1,0
0xc11d0aab1c1390b03edce9e0834a0627cb6be6ff,1,0
0xc125c742b1b032260eaa169a8a5fde03da9f6074,1,0
0xc15453fe9fa36a3c757090d85a50c2e82c43bcd3,1,0
0xc154e09758f378e0a36f26ee155e73ec9910e8d0,1,0
0xc156bbacfef8b66598c9f72c8af0cae582dfe832,1,0
0xc1c16cf79d88b1f3af5e2e3277330d3bb6740287,1,0
0xc1c4b3a80e580a71fe40a9f34ac521a7731bdc33,1,0
0xc1e388effeeff3dcaf4d0391fe018fd8b5c2dc39,1,0
0xc1ea81ae62303545890cf2f7f34768a862f91c21,1,0
0xc20017a78e62498d9aa367f8508ef4a6b726becd,1,0
0xc202bfce51f611f016d62d0dd2048d6a41b9b81e,1,0
0xc20b0599a69f93bb15dac1dcf675358c191dd052,1,0
0xc215fd75bb70c0594449d9631ad4fa69383c9356,1,0
0xc2272d4f7ce014e10ec04238dbfdd1537d44f67f,1,0
0xc23bf33a532b60ca6705ea6a3ddc6d0547200620,1,0
0xc2ba4c1fd3f3554cefd084b78a3a6d8e756f3cfe,1,0
0xc2bf8467d3f7c6031862dfceafc4cd26707741ca,1,0
0xc2d79ce15ed40cdb5013d5a6ffb75a2472ed2e09,1,0
0xc2e3c313e48568b0f606defc49548315eee0b1bd,1,0
0xc31d3987a304fe3a6884ecedcb1b43de75bfd9c8,1,0
0xc31eac7199d20f9b6364f6fff0794c5ae8694a18,1,0
0xc33b105f9f1a671d46102bd9b3eb878ecef19ef0,1,0
0xc358dc7224441b6b3dd2202583793defa946588f,1,0
0xc3a87bc712f116fcd832e94c52e9825f04b839de,1,0
0xc3e7f11fef4414164dbfd5e5b8106d385097f8c2,1,0
0xc4464324094ae38f5142a366165c41d61e7c4fe3,1,0
0xc46efe98fcf90f7a77121ae9c09923f10a20ea30,1,0
0xc49ce20be2e2407e9ead331ce601947fe60dd63a,1,0
0xc4b5314c957f30f4628b0d2fe6b8320968920537,1,0
0xc50869169d7c8308ec9e9a51900bd328476c50a2,1,0
0xc5167f9d1cc2d814ea38934e4d01710f8c829234,1,0
0xc5215073618a681301ab7a59af8cf82952334fb8,1,0
0xc5956b048524a4d8b28fee8bec4b72bd4056b6e5,1,0
0xc5dc31f65c08b428dd2de28dab77d164c098e499,1,0
0xc5df8694911835d62920a9bd293a8d9cdf788d89,1,0
0xc5e7ba6740ed9407a4d11b5de6f964f0a563d182,1,0
0xc5fd654ba7c9c9d6b5710fc347c1306e855ec582,1,0
0xc647eb57302b3fd645df5ae1e1f5185030ee200b,1,0
0xc6480a6502d23882d0bc7b9871509b089d86f305,1,0
0xc6943dd138901bd219d2e7b4bfcdd6668a19faeb,1,0
0xc6a7fae25fdd5c8939e39a4f26c3d4753a5c9657,1,0
0xc6b5dff6868d49bdfab013a06b7d07742be6d16a,1,0
0xc6d972646c867da072a9def56112a85f609656cc,1,0
0xc6dd874e74f591bc623dd3ae28d2a3ed0de70cca,1,0
0xc6f1bc1e0e02a79dae8ec7e6e5769335b11512ca,1,0
0xc714402e22976a163e475eed22b8348711b25334,1,0
0xc74c748a9385cda5e989dc8eae5931e912a6dcf5,1,0
0xc75f2a6099d233516da85f5ae84ccb42e4d94334,1,0
0xc7d3577030a5e46f990b948491baf989b602eb09,1,0
0xc80454225e8434c16f7b23914749bfdb52a79593,1,0
0xc8343dac6ad48e7b35386a762e4d8cfe2807c62e,1,0
0xc83eac57d8af036473f8cddee7c4bd48176badb0,1,0
0xc83f494bc236883208498db3f79b7a1f0ee2c267,1,0
0xc841722ff18dc8805e7d98441c72eba53de5e2e0,1,0
0xc87965478bfeba97e4bf6519ddee230e529dadb4,1,0
0xc881544907fd814738e84a082e837435ee3d9ae6,1,0
0xc882dddec1556bada211a174ab0d4bd695b00544,1,0
0xc8a5c4de846c406cd5114f69cad0fc753a3f072b,1,0
0xc8d43b0ebe1df62026aa6dd36bd62449e6b0efed,1,0
0xc8e4065ee37e568173b56ab746cf263164d59d21,1,0
0xc910b529819ce57c545e9fd506a4d169009a4fa0,1,0
0xc954bbd7d0ec1a4792f3cb1f2c9b16cc541f853e,1,0
0xc9984cdfbec8898395fe076aa3195694ec47752b,1,0
0xc9b03837276b9f224eb5a03ccbb57438d9182e9f,1,0
0xca45ee48b91b6c647e3aba556430c862b0abf1e8,1,0
0xca991cb61bd1a7065f98bcca4e099ed4193b53a8,1,0
0xcaa77e7a0b25f3d7b8dbd0c239dbfcb476c6a49d,1,0
0xcad878a5fd303b21480267d9931627e8df8b8644,1,0
0xcb56addd0faf439d99b41a6fa3e103a062d09723,1,0
0xcb72581fada08ab6f07fb9c738bd5a43c578b458,1,0
0xcb935730884da16714b84a40480303d1520e836e,1,0
0xcba8f1fc29df715a1109ffa33695ea110184953e,1,0
0xcbad017da3ad2cefacdd1cd68f294f34dbda0f59,1,0
0xcc3a7d9f79738843ce6aeecb2a74613bccdb0f49,1,0
0xcc645e076e36361132678a7d3ddb84006b58feae,1,0
0xcc8d43d42ae7d92064fed4f382d506224a110017,1,0
0xcca3ccb08b6097bc01ecd0cd889525ec4cc2fbf6,1,0
0xcca658acb460c4f2372355679f4fd22e40e6e563,1,0
0xcce05dbfb9cb6abb1fd820ae1e8eeea1fb404018,1,0
0xccf5d7317ce3320f1be7ad0201175137bdad5e52,1,0
0xcd07d2db656f20c7c98c88c94aa6eff9c7a0d781,1,0
0xcd13b949f98490250e5ff2e70c292b93e7b72377,1,0
0xcd15202a8c9fe953686d65a3ef27390751745527,1,0
0xcd8f2d92b7f59940ec605436dae048c3d397d508,1,0
0xce239d9b5f95dc118473f4ff86322480bf932dee,1,0
0xce6a74b30825c1db80d3cb9cd010283c23f1edfd,1,0
0xce6d969048f64bd13c1aef81e7b95b6fd0dcc192,1,0
0xce77f5f98a684921986936cb5d9ac26fd9e58843,1,0
0xce8c8bec7222cf957f74406a3387e72c85372e2f,1,0
0xcea64cfc096e473a6c6914cc7ba41c314a574b2b,1,0
0xceac7903d66320951f72d722910b8847f7d8574a,1,0
0xceddfde020788b2a45acdcde228ea3edc756b560,1,0
0xcf083717089b05d3d6124dce8b00acc74e7a541e,1,0
0xcf179c84a7ea9b8b6401bfdad22bea83ac73b86a,1,0
0xcf62785165ef8e2ceeaf6bfc469911178738b599,1,0
0xcfd175a5830ac0d2dc38bd43030d1babbcb1ee44,1,0
0xcfd8b8d84efaa037949c1e93de8a6f71ff8d2ac9,1,0
0xcffce7e14cf44c0b786429bf2ee80b0bd9eca237,1,0
0xd0035196a266e195ac2063a45f236cb6aab8b07c,1,0
0xd00c0ac8201d0e44cae5f5363a916512ae3e65be,1,0
0xd029e10428827e05bf265e4b052657c8e47c3248,1,0
0xd0410cdb8f7e85b3b419b406242706c3e0a16319,1,0
0xd04f542424f4ff8677aacdd358e0c1064f836305,1,0
0xd0a92f0cfcc47cf959e68ce845753aa2deaba54f,1,0
0xd0acb02fc445ca5121101bd41f75ad25b485e21b,1,0
0xd0acecd9cdddb38417be32c176634f6588f4713d,1,0
0xd0cdd3dc99de5b29f62712bf7cdcbc024908d064,1,0
0xd0e598362732f08a614bf76d7d5fb397d32f4d43,1,0
0xd121058bdb0515a6c708cafd72a23b861fad7b22,1,0
0xd121c84734790ad39c639f5573684dd7cdd0494e,1,0
0xd136913bf0e281034fb86aeed05ae0f08b7d4765,1,0
0xd140021f61e615f9b7b15d2cbeac9e33752dbc67,1,0
0xd16526e2d88645889d22bddbf0e34963156603c8,1,0
0xd16a5de3f93695fb631f9e2cf73c4e19103eb345,1,0
0xd195257bd07bf24f92b98076e863b5637bac7fc9,1,0
0xd1e8701641033c8b6a81536d773866e9bd839e86,1,0
0xd209d61f1765d9b0f48c1ca08d9e4cc199313b48,1,0
0xd24628cb5ebaa5e57d7385c9c7efbc45ee51f888,1,0
0xd25891cfaf13c9ca8a102709261da2ffd0fb0a1f,1,0
0xd2606d34070c50410b7147b04663d5a7f61393d7,1,0
0xd28d13e894bb78aa7d4c1695f9fb7e3a32ebff09,1,0
0xd2b82978e4b71681508704ebc06d8615a064ed90,1,0
0xd2df79139afc0c37da40fab2a4e8638e30154d3d,1,0
0xd30a2b2f6685a3192bbea36e05874a614bee6c8b,1,0
0xd330faf77f91517c246c8d838acfeaaed5721159,1,0
0xd347bc52e00393c455d5197a459b4fbb6b297cb3,1,0
0xd35dfa8979d1c248ce494bf0ba73fbbb8aeaf4e4,1,0
0xd40ab882942ff8cda8e29cc9a520d01c5e7675d0,1,0
0xd41f45cfd69f8de5d95ac81848b110056e5b2a26,1,0
0xd44f8ef16bfb4d73f6bf15118e082d11a6121b8a,1,0
0xd498f99bafd467c5d06556d433ba89e52686f74b,1,0
0xd4b28c6ad148a105e6b0d9c114c41ae15622ea09,1,0
0xd5907473d4e3d185e617057db298b5d64d9bb19d,1,0
0xd5bc26ff8df9a82c36cc0fee47fc7a4e51dee499,1,0
0xd5d43b950b1f0bd0abac0b19803a7a497f963c23,1,0
0xd63234ae0bb76aa736cfdf6c7bfd562385f91417,1,0
0xd6642c07f699aacdae3de7bcc07d7d3416859108,1,0
0xd6645abf92e8ddf90160883051527e36355821b0,1,0
0xd69469a833cff83ef22a01f96a1e1133ba4cb355,1,0
0xd770b1e86eb65dc005a232be3b61dc4721f1621d,1,0
0xd773cb3589bc24df725bd129e0ccf4f6b13b6d4f,1,0
0xd7791b8faaebab8134cbe2db5901c842791f68db,1,0
0xd7baaaaf4458c8920483d614467a414662bb8e01,1,0
0xd7bbf90c52921f23a3b1cf08ceb4927917f68559,1,0
0xd7d7159a14394e26e7d39e04c880ff284fad7831,1,0
0xd7e8ba46923847d8b7cef23eb8f39e3e08e908f5,1,0
0xd816e31658377c923dcfb115ecc568577a46ce06,1,0
0xd83a88e7b1630ee262d059f4cce9a816ed2c2179,1,0
0xd8446ec399098b0aa02288797e1b381a1109ff9b,1,0
0xd879d90a9c3b6a782de374138eaad7fd3b51fbab,1,0
0xd87e415ee5bae12bede95477f04da89da8f630c9,1,0
0xd88b2d4b5febf8d5f440de9f4e5e216f56fea1ba,1,0
0xd8d6724cf6759614feb043c591782e7a61e9af11,1,0
0xd95a419c81ca6c0e5d3e16ddc5eafafc22e39657,1,0
0xd976b7727894bf152c771c8813e1d62a898cc948,1,0
0xda112c68a7bcf38bcc14eca68ed0020f69bbc25a,1,0
0xda348529dc53a8b13958d32f3e224352cc059bdc,1,0
0xda419be8768559b19d207a8a46583cdabe40511e,1,0
0xda69b133b5eefcb881b5c4edee97e07d0a3ce649,1,0
0xda79d62359557e2115f3eb502340bcc54635c8fe,1,0
0xda8bfdeb2ca0d8c9d02920dab32b0c000eb058ff,1,0
0xda9c6d24c7fbed46a1d99ee061a94756ca4ac9ad,1,0
0xdaa83637d24b78b8ac42cf43d7c02b6d581b6580,1,0
0xdac405583628d70a6b23783ff28d36cbf12fd4ad,1,0
0xdad2ed82ee21f135afbac671fc891a3e0f11c925,1,0
0xdae245b8318e0f1e792332c1ec99caf003215d28,1,0
0xdaf8c1f8102a83b6e82c3220f30312fe81448c7c,1,0
0xdb25a7884c810709d554985b2e721c16f74b694b,1,0
0xdba04589f85dbd0f7c02924956cce91b8c942620,1,0
0xdbb205d2816540c1daaaae7d094669bb5a53d375,1,0
0xdbce5798478cc12d1aa4c4c5b03a2a0e7f1d5660,1,0
0xdbf4b9d59590f81d894f1f1c37a3e6d213c3f0c6,1,0
0xdc0ac17b99898c1b0625ed6a3a2fd7b76ae80318,1,0
0xdc6778c5f8cc74b10aed11c48306d4cfc5737fbd,1,0
0xdc6fc13fcf7c24f3d0bd3a10df8bd43b215c0fae,1,0
0xdc70406d832e08af80c9d848a2fe8c5fe9417564,1,0
0xdc77161736c3100b7975b375ddf458d7c5df9257,1,0
0xdc8cdce20eaf9c019caebd43fc7385d93620181a,1,0
0xdc9dbeb8d36a3a324c1482b31a5a6474d227b3f8,1,0
0xdd121d8bf8bb009b6e9a88f929a2cb818470f2b9,1,0
0xdd672e3348135998935b336d270a007afbdc7d90,1,0
0xdd69f962ff9c632ca68c483ed2345759acec78a9,1,0
0xdd789ad8743207c19ed4fba79b384c4c3adb1389,1,0
0xdd7ff5c3d65e592ee8d37c5d56012c597b116f30,1,0
0xdd9541841b18b12d38d224f81033cf95082f3831,1,0
0xddac62ff7055675febf1d850e15b6a4dd10f308c,1,0
0xddbad0a25ba7590174634736d65a5eb26ea15cb3,1,0
0xdddd39127bf1aa2c3660b0843dc35ce563a3c6a1,1,0
0xdde8f6cf9d3cd1aa57dab82cce57bde7dcbc6755,1,0
0xddf676e0dce9a0a4a2b162d6fd357ba95d5be12e,1,0
0xde6511a92b54f551dec57e2107192ef0354dc16d,1,0
0xde6f40fa5b85a7bb9a78c9c5aa67141f31e84328,1,0
0xde82b5bd0a1c7b2a547b2598405f640de5c7fb16,1,0
0xdea382ee5a2156af09e1d6eab4071cc2349cd75f,1,0
0xded9fd0c7c54347de9df061ed8e14a3eb15f8dbf,1,0
0xdee21eeaba91f893f14c50ce1e26b09f3fb56436,1,0
0xdee4101d049b47ac36dc6d35ab25136fee7b4a69,1,0
0xdee652cb4db561f7e18c346ddfe79dd4926551dc,1,0
0xdf2c7bd8828afd9f50defd9c336676e71dd62e7a,1,0
0xdf30ec44981757aecb6dc7959ef50bd9dbbae70a,1,0
0xdf754136dc172eb50b3d11280df93b04547d3128,1,0
0xdf7887d1a4cd1090acb917cc647ec5d897ad88e2,1,0
0xdf9a534f7dfb952ba52ca586cd570e02a901744b,1,0
0xdfae81794d3ba0e1828f8a0bca54e4d60489d75a,1,0
0xdff1374baacc0903f53d8d6275d8a5be812bd17b,1,0
0xe032d06fb2bb0bef92f42abd0bd7b58d5ac4dd33,1,0
0xe06f1e2d5304c4fff0c5ec5ed2ede1bbb7dcfeaf,1,0
0xe07ec864e0527b04f1101bef9ea70182e8a8cf0c,1,0
0xe07fb3ad9bead780106bb15ba7f9b94d8f5cdc75,1,0
0xe08d76b755e87e92064ab88c4f97b9814c334ffa,1,0
0xe0c276cdb4af27a1e30f7f7cd7c473d3dad46414,1,0
0xe0e7f8d049de4ecfd3c1cece7d175150e337bfa2,1,0
0xe0f0567700f2cdba614fb69647655a545e2bfc88,1,0
0xe0f8515871db20cdc958d4567cf412f1f6db5a59,1,0
0xe13b0d515fb97383d91ec1410f361e47335f3144,1,0
0xe155fad3352edf0aeb40a618b85835341e75912a,1,0
0xe198c70d63b822f48043d0a405dda83d1f762cd9,1,0
0xe1b3e21752a69ff792f360cd69591afbab91e782,1,0
0xe1bbcd7d4a8a1ff00b7579086f13fb8f47cf3141,1,0
0xe1d29110ea9bc4649018c44a239b3a0724fb55e7,1,0
0xe1d77cdf25b73c06b6f090bcfea2d139a387bd3c,1,0
0xe1dd2339ef9ccf4910fc91e56ab43f1d7014b263,1,0
0xe1e4f7c359122a1a6f4f7c548cea8908cd0536ce,1,0
0xe1fafc20ab4ea918ca159b837ccb8af6f513a9d5,1,0
0xe2070d28960cdbc5efd0e00e55346e3fca2d0d61,1,0
0xe22af7d7e9569f838668a0692cb157409cb45e51,1,0
0xe254ed6a32579ae782b66178d718b2d2ee865e94,1,0
0xe2589a697178f63b53ff398386de028b0773ecd3,1,0
0xe314e6a58db9ce546c1d16b65e957442bb5af16e,1,0
0xe369aa21987c670058b815289a90fb7e7fe86238,1,0
0xe3ab66a3bf865f69251f034820d5a678fbffea26,1,0
0xe3ad75770f7e312e18d0d114658954bf24160773,1,0
0xe3c28d6e7602644165478cf340d26267afe1db50,1,0
0xe3e6d2a6218d653a506defa39e26496ab94e7f6d,1,0
0xe3ed3e38b7367d086cd97b4788c745cd2319241d,1,0
0xe3fd524ea0e0304fadfe3dc0ffcce5e47dbec63c,1,0
0xe4090a63ee8044006ba330990a1a034b439d51b0,1,0
0xe446f4bb82815fcd204d06398c1952840302a1ff,1,0
0xe449b5269d828fa476fc24c3808e3d85c71cc13f,1,0
0xe44aff418afd18950b5cb54051c6eb458f8c1a34,1,0
0xe4513ba01635f37d3b640ac8bdb362272bc7fbb4,1,0
0xe470f4f657a66fa4ebbf942fe80927fadafffa97,1,0
0xe4b975e23c1b88063f1f701e1b734071c88ab3ac,1,0
0xe4c743a50f5020e6356d5f42a5cc4a923d38f957,1,0
0xe4c9863d9b7662532b3c8cba0320eb3bf9ec158a,1,0
0xe4cf90d53210ea2aa5ba602cd860f205299530cf,1,0
0xe4fd834095a9660a69b058efc492dc9f43cf60a9,1,0
0xe52b6ad7f338ddf10edd0b43095318b9cc409580,1,0
0xe52da775affbe83acc6814dbe4a18c8a58161aad,1,0
0xe54b20301fa0b9d5419cd7bfef6f5dab8c8b885d,1,0
0xe567a9a92e30fb400565a2f691eeed44761c9cab,1,0
0xe58564b8ce8344afdfe3a111bc0b541ee7f5f7fa,1,0
0xe589f0e56575900cf667cf6e9950fd63d1ba207b,1,0
0xe5c330104387c61e9b5a61451328b32239dfc25b,1,0
0xe60022a3429365e5cab55777132fefe993d93a5d,1,0
0xe65a3aa10e45142f243c4832e67a3be201420ddd,1,0
0xe6671ab05d930de181d2b6a0ce4cad2b505e81f0,1,0
0xe67e92ee6aef20fdf32dfc5dc3cb90557a96bb57,1,0
0xe696a12842bb6733a223344da1f50e011659de67,1,0
0xe6c59cf1da0212df0200464cc54b68871d9ed78b,1,0
0xe70d71a5ea574a2704bdf07523869815f55ecc3f,1,0
0xe755e9be31cfb439f6ef65e8a62a1be0a5d74eaa,1,0
0xe7a9238abd475d9b233691c8117778b0ce827a3a,1,0
0xe7d6ad37b33a6f5cdb8dcdb54fb2e1db13c9ca47,1,0
0xe7df4f1276f3d7c5617a141fe4bb5c18889703b9,1,0
0xe8104818c4b773a9271554cdce83f0459c4933c0,1,0
0xe828bc0509baee0fe49894ec23e23a53bd1e867a,1,0
0xe83cf9fb5aacff954644be32015a5a270775351d,1,0
0xe84a8169a49c2ee6a6de24f1196a8cb957514939,1,0
0xe84afcd0786ad5fbec59c3beb010cf1ae4dd9bfb,1,0
0xe8515cd8435988b523a08354add2189a1823150b,1,0
0xe88b7f612875048357f0cb235116b8a83eb8d1f2,1,0
0xe898caef8072f019597f40280dc41353846c12c1,1,0
0xe8b54b451110bb558908854632010bcf22c94e1f,1,0
0xe8fd1d8ba0f570d5120f0451164a8a277ea6d3e5,1,0
0xe90724daa395f98366831871738ea5cf8b84801a,1,0
0xe92730629c362b9642a40a3dacdd02749882b3da,1,0
0xe92bb27d00f830a17d57b6caab2e2e2904b7747e,1,0
0xe98d64a67c33c64ac21db6cf92367551119f2256,1,0
0xe9ab151bc3e7b90778013b4bb422c8aa4f39c25b,1,0
0xe9ae658351e74308fc6f0c3f7001ec9ee8a52339,1,0
0xe9b276e5be750b940ce4fcd557d6ce585ccf0717,1,0
0xe9f3b6b2a72dab44661a9adc06af6d8bd349ce18,1,0
0xea19baec842e9dd7241c2a09cb5e6ff16fc904fe,1,0
0xea708d8627a2a2c7a96a14c0e3c8ad8d4d2dc402,1,0
0xea788f83c9d38d89ecafee20be0389ffe4d6ff8e,1,0
0xea87b2aafddc082529e54bae596f315e1d018354,1,0
0xea9a0c58d18f780c90d60d182628b781c551300c,1,0
0xeaae51262d0341b7a360a31258660c44442478d1,1,0
0xeab9b624b2b275c0ea1e884991b7f50d6cf5cae9,1,0
0xeabb9a86894996b738200e3418196868b4ea231c,1,0
0xeabfe5b3f642c4c647ebac0c5999a26105dd5444,1,0
0xead6b4d3aae28934a898e7c383755c7740608d48,1,0
0xeafbcc1d6f0ab4050b5acdf5a5f2b8426b9ba144,1,0
0xeafe181e696060650db52840249ba1d893b9270f,1,0
0xeb1113de70ce9c711c6cd0dac48612680805e87c,1,0
0xeb7ca91f097905868d5321675365c1e0ce9cbeca,1,0
0xebb14fd907fd7919c835da8e750f15c986500658,1,0
0xebd006e3eb609208b390617a4527ecc26315fd83,1,0
0xebdeb8da94962d142b1c634217ed88e94ca4c567,1,0
0xebf34648cd5fa70137cab5632924a9d66ac97111,1,0
0xebfacda0feb7dc0cc30b0c8bc82d43743fd89b53,1,0
0xebfe46ca00d4212282e3106977206467e320a5ab,1,0
0xec67cec987214d6e90ff167ba83a6d579db67abd,1,0
0xec7c70b17cb308cb65a2cac72e4345a4566bea17,1,0
0xeca6ca6f9831b9a2ee8ca5ac647e99a742914721,1,0
0xecb4a102f2ce2c51f97db5591e076180b14ad970,1,0
0xecb4ced149c5bf02abb0e30bb2b531f45506b264,1,0
0xedc56332dddc1bfa68f528484ccff471f1bb97ad,1,0
0xedcceac7d9f192380c17c9a3d442c913bd68ef27,1,0
0xee17c36c33bd50bcc2e9e0d7ed7673e455e87a89,1,0
0xeedd1d68facdcdf400b421b0cff315ea84c26939,1,0
0xeef1d5a39604e283be88c93b8371bdfe4b5a43c9,1,0
0xef431d86e573d5a0b6b32fd8e0d47119c68031b8,1,0
0xef5b0e73eebcf4ce46411164f2160559978521a3,1,0
0xef6c690a50c368fdef2f00a5b5919eed7455081d,1,0
0xef75d606fb8b08d1ee5800fd379843ca53464ce1,1,0
0xef7d37fe380df45ece3effe5089626b6dc1bf6de,1,0
0xef93556855635cef146a7f76c3951b1aa814fa1b,1,0
0xef9adac5140a2ee706fc407308c11367c4387ff3,1,0
0xefbfb09af026509c9cd38783a91f40f7e5fade8b,1,0
0xefdce6ec63c067d52cae548ccbfbab3c777a8960,1,0
0xeffe27e38329f3f324b229f181b402a20656ea67,1,0
0xf04092d1e7b36227d8348783a95cca4077c9436d,1,0
0xf04aa02777fabb45844923e72abcc8ad50f38233,1,0
0xf04ec0a54e8a9c7bb42a71ce00377be21e21d09c,1,0
0xf0557c4304bfeb7a001695f01460360e2dfb31ac,1,0
0xf0568c01610cbf173b23af23bb82f2c2675dbbbb,1,0
0xf05a61c91d61e753147b1361ab3e9c9d396e2a18,1,0
0xf0b39de459ba00c3aa3a96976124c948c7de6c8e,1,0
0xf111754d3d0f6ef742192044554da2feee646be9,1,0
0xf112c5e37056526fd1c725acd3512e8b73729c78,1,0
0xf1492538d58c136261cef18743492eca18ded552,1,0
0xf14b03af68ad0862cc6816d587811f40468e3846,1,0
0xf15b1511616671469a533635a1966a5a81343015,1,0
0xf167502093d1de1810156707e1542e78807a35ae,1,0
0xf18246f93fc16f89a781a60e1cb92d1838b9019b,1,0
0xf189467ccaa9f68090845df6f2cd4a4e91697579,1,0
0xf18efe42827aab7b129d548d405cc758e7357ae6,1,0
0xf19acbd4607d85808e766437a409eca1fb14673c,1,0
0xf1e9f6adab41016b89be9f80b745ede83efbbee0,1,0
0xf222121e17ce9472a0d3edd6be02b11290dec32b,1,0
0xf22b7fac789030450ba12572600246d6aa57a720,1,0
0xf257099a47d5f68a6ec62280ab543c2011f3989b,1,0
0xf2818cde178c918f9d3c9724e10abe697ff8278c,1,0
0xf295c5ef314dda0a9ed97e158cd0dc2355144c09,1,0
0xf2a863f9bab6a9777c91ca0579449ca8fcd9f80d,1,0
0xf342b9ced3ac2ca74d8ab55b710a8c720ebf7a6b,1,0
0xf3a55a179479c766c5234d874bf0f3daf6bcbaa4,1,0
0xf3b2a791bcf8df23d7da3d1863d082d79afa1945,1,0
0xf3c2ad8de66ce3219f6d3a5524426104ebb8745d,1,0
0xf3d018039961a039f12aa376aa53a3834047c383,1,0
0xf3f0a7c1a7fd61c37576e5d77350e46f46c2b8ad,1,0
0xf405d53610629c5570e12f40822184f77e249e7a,1,0
0xf4218dd963b08fd1832b29b044dc7e898fc0d761,1,0
0xf447873f7d21802ab4ae5272da3a674e7744dee8,1,0
0xf472213f4414a236b24bfe5a2ede3e48a1f0f71f,1,0
0xf4a38cdc754c6b9c9aa477817e93a7637270fdd9,1,0
0xf4addab2c8dbc6b66a663e4d49374a1c104e53f0,1,0
0xf4cf9d65a635d00d701049b4c69cd61e3776c159,1,0
0xf4e3b7dbae52f815c7ea2f2959582cd23e5be48a,1,0
0xf4f6e16cbf13dd0dafab9f3ba5dd29557c41403d,1,0
0xf5238cbb0bddf0e0ff8f32ed8841313a4cd4a205,1,0
0xf553dc4d6a5a49d8e867225c9931cd936fde3e79,1,0
0xf561ad6c0801f0caf23f906ac003afe3305cb205,1,0
0xf58510dde672d585a60ae5af4f3824172e5a73c2,1,0
0xf5e9f5d5c9552bf221dfed2372dc2bf7c9f3136b,1,0
0xf5fd0547be733df36e359eb3ce0e73d34ac2a744,1,0
0xf62cb5257fccb3cf7d39741c7581bcdc0a0eb81c,1,0
0xf62e5577d2dd33b2f54df3d8c54477de00b4cf9d,1,0
0xf6c94cec9f75f14649827d7bfa427d777f0724c1,1,0
0xf72acf9d3d9753839d7bcaadff4d45da6d90a270,1,0
0xf74ceb3c7cd9424ad639d488595df1dc61270cf4,1,0
0xf75b594ebcc26baa702b59056b1f7b732cde6418,1,0
0xf76186b31b2211111d91cf5983804927682730b6,1,0
0xf82d8907ab2f5343f209a185cf516022bc9c1569,1,0
0xf854b7eb06a0e688f5e7bfb629378a237e3fd85e,1,0
0xf88965992b850326e7abeba5ad01540444504fc5,1,0
0xf923e6f0179b4cd0df2ec61449d0fc1ceabf8acb,1,0
0xf93e0e969a8e4cdc6834d6f1aaf82c5ef5a4511b,1,0
0xf9d2383e6c9fcd4fe43d4a5826a74415b7f9a3ab,1,0
0xfa146a9e8d9e900abe472a1c72cf5d345a10e1ce,1,0
0xfa48a8369031f793032282ff187e59aa659dedbe,1,0
0xfb0857e91ca6ac98feb8748bfd4532e785d8fa64,1,0
0xfb2e4a576f4050dcedab86b328ff4d3deaebacd6,1,0
0xfb6ea090de39bd7048962acce94c6d3b14873f15,1,0
0xfb6fc44c89e6a997e2b6e186d8c812e8ab47b0c6,1,0
0xfb83fa9376b90852f8f2e33ecae2e89dae322beb,1,0
0xfb846922a38f16d017565bf424f179a3ee63e39a,1,0
0xfb911d682a22d06fa55bbd18e995bffbceeac943,1,0
0xfbf296a4517a4327e763c1a17c1be65220134b3e,1,0
0xfc1fc727751094c6e91caa8d4ba2e60b1382e54b,1,0
0xfc4113edf56bc61c54237a086bbf3b608ac6c1fc,1,0
0xfc5e886fb81a417e573158bfc438fd5237ea1fd0,1,0
0xfc6c84bd2c5b909227f9f691a03f90922c983376,1,0
0xfc71f032ce2ec10f0a1f648f689490250cc34ba2,1,0
0xfc86728d7b8b3d4fa0f5fa2d4609c22e54d2e5e2,1,0
0xfc88269de2c1b7e099ae5054d059c4d574f9e466,1,0
0xfca37d2b690e4ff31b487c41fd326f90c1f6771b,1,0
0xfcf746ab1929e132f4d23bf66e270f6bffbf8f48,1,0
0xfd9d47e104eb7e07073e19a8519f1c8095016b6d,1,0
0xfda93f3f3b01a317165e38eda79c4d22950c1716,1,0
0xfe5144c3cd1d5bdbd8e95fcc6796d966d418ac65,1,0
0xfe5ac701df1e595d60e0c7829f83725dd7ddaff6,1,0
0xfe67581eb608e22c608261c15a2d5217f834ba20,1,0
0xfe7cd49bad18bb2548edeaae58dc5582b059612e,1,0
0xfe7ce70eba107e3b65cded8781e5c82f75d68173,1,0
0xfed71021ae86c9da2e4508ac44fdf610f24886e0,1,0
0xfed92cffb85745d12efe956e86fdb0915f0be8d0,1,0
0xfede3eb68ca138329f9a5061f023cc9bc6cc072f,1,0
0xff68359255e6559f62f37feddaa44852db629b5b,1,0
0xff6a69cc7dbbf37328d3e452c43d61906b5ea659,1,0
0xff8399769fdc72c825eab41e0b40cd7fd7366630,1,0
0xffbd9720813182b771774281e9df5a4a7308738e,1,0
0xfE1D806AcC52A67040a0F1d21FDc56ff8Bb0e538,1,0
0x7d0ccff1e94a0e0b0ed0a9c744064db42af65f20,1,0
0xd616c7b7fd495242669b37056e357a0192c6d8cf,1,0
0xf4a03233b23fDAc17be35783d0D3F539E154aE22,1,0
0x296FC93476822F91f8360d933267E8b9AA1c3D62,1,0
0x7d0ccff1e94a0e0b0ed0a9c744064db42af65f20,1,0
0xa53E63501Af89daf879ecf6D2f160fdd8479Bc3B,1,0
0xd616c7b7fd495242669b37056e357a0192c6d8cf,1,0
0x3efe751396e489cccd31a95ff736634c90795b99,1,0
0xb9778119714Ed781d0322851d95648745cc3761d,1,0
0xC654A78f774cf1ECD348AD85a1e8dd4858f7f7e9,1,0
0x13a1ed8d2e373007e525b5ac962b2c24b43d7357,1,0
0xf7519e9222fe4e60e2b8509af8da883d02819050,1,0
0x6d6696a60270262d930062c2de391736d40ab4e0,1,0
0x8b071471a28830b95AA7768e2F924e746D803bD3,1,0
0xe917dd36b704994634667b174a29c70179624ab5,1,0
0xAaA51Fc6be134A6Bf4d39b03d17f4A19dFB20742,1,0
0x556e429CD4Be8a9F1AB962b8748BA0Ffe84aaEe0,1,0
0xe42A2ADF3BEe1c195f4D72410421ad7908388A6a,1,0
0xC779CEB0853fa7AB6a38c587c1CFC702e4603d9B,1,0
0xCc6b7dAa102d15110015825e5DFe89C13c447A19,1,0
0xD3Ae3C8E2700eEc76A9823d6a4bC4e11b22Adb28,1,0