Wallet address,Custom mint limit (optional),Custom price in native token e.g. ETH (optional)
0x0000c20581fc76cafa1b2583dc4d5be370fcd95e,1,0
0x003723aa327d371aca38cc79662b6ed00fe430e7,1,0
0x0039a63910063aa2e4f39261a46589a77767e580,1,0
0x0057be07beef5d9b4beb9e2d147906e83d1915c8,1,0
0x00595668ccd1f2b19104a7e64cfdc5ec7de71064,1,0
0x00612ea1fa3d8325b17a6d38d2e2eed2dd6535e1,1,0
0x0087727fdc2209e27f632c390c6f03b8110e2183,1,0
0x009b7d94ae71c183a72c2d1d4a7b64f0c09b64b7,1,0
0x009da7a1dc66baadfaa791223a835318751ba430,1,0
0x00d758aae6cc209c4977625d76fb986cf6f71f29,1,0
0x00e2c52c4e7939a532045cd642d34d97cbeef6c7,1,0
0x00f96bec0201e1d10b22929212a359fe9842d4a8,1,0
0x00fb222e6f38a7710087a40ebaf21bf768cd0fe8,1,0
0x00ff8517d4c16e1e4bcbca0aadc03eb873f2b280,1,0
0x010cb3f69383ed4bdd9e36cfbaa6779d92d2c5b6,1,0
0x011443caf7b3be4ea86b1b245ed3b25d6e604ddf,1,0
0x011646dbb5e7ac45e64b2ac70a18700c14f41f9d,1,0
0x0130b5d1a32ddc149b48efcdb0bbd701e1119314,1,0
0x0142cc708a9db9fbbeec8ca88578a0a2f6c0bd36,1,0
0x0144a694ed64e83eca9ea8b4804adf228297d984,1,0
0x014ba73b021f4962ac51fd8782a96bb3695436de,1,0
0x0151f3c137c484cc6fa7e4fa5a9e38ea20f0c49f,1,0
0x0178274ec3e22cb684a35d829f5e15f66441e71a,1,0
0x01969fcce58432b6a22ea4131723dbd809075f38,1,0
0x019c55c667abbb940c1bf934973accd75ca55aac,1,0
0x01b565a04c9375952faf84ca7d885713c6ba9b14,1,0
0x01cf8b16472563913115a26861356b1e61c30181,1,0
0x01fb7d2d48906d87f0124446502ef3b1692f8e56,1,0
0x0206c4ef1b1e071e236e952de0c035e04a9a7285,1,0
0x0213910d8d774acd32f9f2d989410271f1485f51,1,0
0x0243fe10e482a1a902d3c15fa13457036212ecf0,1,0
0x024ca1d0ccda09de8f6ee42d089bf216ac9b7abe,1,0
0x024dcd278b57232c8c166045b7e97b8e942370b5,1,0
0x02583ee699ce82c57fafbb7a692cbf2170b168bd,1,0
0x025aeef8c42970ace293f50eb5b233929cebbb3c,1,0
0x0260b7bd4ffb835e6b6340e34d5b9729ac8830ea,1,0
0x026f2ec04c196f6f345c5d8f0efd6fdcee637ad9,1,0
0x0294e653abb8fe93ec8f147c555c251b98ecc1f9,1,0
0x0299331f86a8eb772d2a61cab7437af120efd24b,1,0
0x029abb31c112205c12091a8f013a57b0a86a798f,1,0
0x02c40c7dac57f407dc4f272b0d4d7b33b00137d3,1,0
0x02e1e78ad82de9c521b36ff592fc28ad77616c40,1,0
0x02eccce984f15b8f3aa8f9f04ec281091438e697,1,0
0x0302cbd876efa35cedfa3b24ad7349e0e7a402f9,1,0
0x031cb7a540b47019ef543ddc158b4335d3f45f87,1,0
0x032b879c76fd42ba6ff93fb3548c0e33c36d0079,1,0
0x0347362f7a9d90270fa7bce842e6d7a4eb2edaf0,1,0
0x036ae11d388ed38b678427d5b72710affa00952a,1,0
0x038a1a4730ace320c2e4017807f0f39431c637c3,1,0
0x03925fa2726cda346525112f6d5f21797e72c89a,1,0
0x03a8b2c5df909f2695ce5f3e4340d554ad68970f,1,0
0x03b098fc23ff324367322dc1c337c5246acb7740,1,0
0x03bc71b38f02cc1dfb1e824744a28a524c8306e0,1,0
0x03c67b7feb84aeab3c0bbbe1d44b381e27c4d996,1,0
0x044f20ae022ca789162e05374c12318f41240122,1,0
0x04607ca2abf16899f92fa3f2ab49c21c1fa3eb2b,1,0
0x04609a256b814b67e18086cb754ba989c55cfc12,1,0
0x04795cdee2b677b46878896dae76be5cb174dac6,1,0
0x04860b1b394c42d9234600ba297863698c6b8475,1,0
0x049450a5f84a74a7bd7a81ae00c438d2b531cbcc,1,0
0x04ada439b162116f93f543de58a454f2b781b6a6,1,0
0x04bb84d226cdad9c9077ae16f7ddfd168b20882c,1,0
0x04bca3d60b49930f5ab0bcdb65be36610d057453,1,0
0x04c471f60f3d0b0d7736c889b7c564972bc26f76,1,0
0x04c92983c9249115a4c719416fd7e7a10b33cb55,1,0
0x04cf033df8c1a48d88260b3987113f110457b203,1,0
0x050050fa351c3de8a342fbbca883dd81624d8f19,1,0
0x05017a4302bdc2aa0c5fc73d136df7ab1fb2c0e0,1,0
0x050541f30f7a44ebd1996bbcfc1f17b9a3847a54,1,0
0x0509b82e4edcb3a0f07012c2998f007f8696a356,1,0
0x0511eacde64130d8e4491fbb9cb4d96ba081aebd,1,0
0x05172f31c89a9d2ef7d69fd4d3b28a6823f737bd,1,0
0x05254a6d8770526a094766542d1bee63317eabdb,1,0
0x052fc70c47740e3d5ad44cdfd30ca1e6ce36ee0d,1,0
0x0574adfee5475f8f9174443ab7304adcdf4d7400,1,0
0x05a7199248e0f234473dfb74caa2167c431cdc58,1,0
0x05b15b5a286eeec472dbd1878b9bf911d0bb0e0e,1,0
0x05b7fd0070c833d6d34a7e456dfe0a0035a66ac6,1,0
0x05d1ef0311cdad7e8b5c854f1872262720315f71,1,0
0x05d9fb3a2237cf789375d648fef71dfaf5bd5442,1,0
0x0618bfdabaff0a4aa3ff3f38d2c0833d42b97499,1,0
0x0626209a66834a889097650d73f24618f9c18f49,1,0
0x063560d831876c9bcebdb1ac48d81815e45a0ab9,1,0
0x063e358807f55c6c7ae4feffdb62cbcd7926cdaf,1,0
0x0659b9541a481e413bd249c6ecf1fc08a88e97f1,1,0
0x065c0eaa9941c2e6fbe216b3413e5a1ebc065d17,1,0
0x0674cfcd5a903bbc78d0b5ee802495e18733ddce,1,0
0x068c4f1a798daf5765d3452f3c9c09e6dfa90d1a,1,0
0x06aa626f74db012538a6a38a6f12a46c66a8f334,1,0
0x06bb9c15a7986e1973bd68cbfe87d20ae3d77a77,1,0
0x06c76ae19f37080ccbb3e7e259906165bf826672,1,0
0x06e705b23d2d7b9b8fbf22e1b2b839c8a422250c,1,0
0x06ef6e2b8ea4683c6fa63b4e1b67ab1133ef19c3,1,0
0x06fd25c15c705d6e560b4693acc56a81737ebfed,1,0
0x06fdc5b147ca90ba94a274ec1ba2b36d6d721507,1,0
0x0725e1147d44a3479db9071ad76c1f25e6b0313e,1,0
0x0741b4386965355d89f5e407001f98b1b43431ff,1,0
0x074e7c1b11c6c7bdeebc2bcb3bb25adc7632459f,1,0
0x07507fcdeac79150a8c7981da8931cddf549b5ca,1,0
0x0752d3ca1f3bd2ccb3a57b66027f4df6f7ffe209,1,0
0x075d51d4714d8d952efa06c381853fc6487fa1a4,1,0
0x0770e6e68ffc4332b242f8f08d0c8081618e626e,1,0
0x077d6f67945cc482b91e0215465a8d785dd886f7,1,0
0x077e4a7310854d4ebbb39d8588c524840fc64e86,1,0
0x077e79a0024c01ad78cc157711e9581cdf32c5f4,1,0
0x079797edf235a5efee27c15e7e6b66ff6eb84749,1,0
0x07b036b99955a6a18b3554feb25b65f56c277aa7,1,0
0x07bd1c988838053fc49a1389a67b88e5add93463,1,0
0x07bf41ade9d3499c5e5e7e6c16aed5d76eeab9ad,1,0
0x07daea7ccb84ecf6d821718bf0953a0ed21561a6,1,0
0x07eae18e8845928a8d6680cf9eab5344802aafe1,1,0
0x080982013ed73b449e74702218e417cad4ae260e,1,0
0x082784c86d4d6e9ca0e19e93da1f78b116bd8307,1,0
0x0830d434746ee4fb5845267ae5da11ab3123c66d,1,0
0x0844b0e57ce39fb77405e2ccbb8eef5255e6437f,1,0
0x08532ab9e15fb53763da89a41852b83554e37569,1,0
0x086a7a897637c6c4f5e591b3581eda441b8ed8b9,1,0
0x086c57e5b4c26ff9644f2148ff1c96b265afa652,1,0
0x086fff8fb816215bfa60efb21516b4e6385ba6fe,1,0
0x08b82026a9f5da879a9dc1a0ad662a09684fdfae,1,0
0x08c86eee8afec2e4f0c81a9392e4219926ddaaf3,1,0
0x08d92f8d4ea5987676394f3765d4c57fcb31d1f2,1,0
0x0931a680a7e31eac712c3ab8dd34e600c65782f0,1,0
0x093a676f8e1206a2d8f52d26b2f4d0db6b72b016,1,0
0x09d29c5250647af7b3e4174f99c67580c43a0e01,1,0
0x09fbf25e549e6e80c595a0092df8ebe2d23d32b7,1,0
0x0a14fe099eb696c09bdbb89b4a8ba19886752f79,1,0
0x0a3e11f5516f13f222cc9cd3872e01c496b7d0f7,1,0
0x0a3eaf1a65758d2edbeeed89e85dc9a824c33a8f,1,0
0x0a4251a716fbc5d92d3a07efd38c82f07fdaf696,1,0
0x0a5d3e873f42a513d49deed37620a1c5682123ab,1,0
0x0a6bc3389f4eca70a1c97e357c689279f12c9460,1,0
0x0a7d3f7b8ab028dc70440e9b2fb7069a819c6121,1,0
0x0aa08f2035f1d6daceaabcac2139404cf006d9ed,1,0
0x0ac4aa0f46d66ef25646e52c60ea017c7d795ba9,1,0
0x0ac6cb817be355c15d5bd57d32df516181188d63,1,0
0x0ac807182841779e4ad34fdddcee9e3be522bf49,1,0
0x0acef4298bc0110d13a8940707748917d79f372c,1,0
0x0acfec99fb8568c8bc6e3eb75e2baef33ecea152,1,0
0x0ad1bd348d4fc2905150189812877bf37b34009d,1,0
0x0b177eb717ee01f10345d46998681e97756ba722,1,0
0x0b414017d8a62bac8c930a2165e91e578d4314d1,1,0
0x0b60ed935c38616c081280e76295270e2b307a93,1,0
0x0b9617615bf539acedbbdceef666e8135d320b9c,1,0
0x0bb7a0194d4bd767ea78aa5b6c0ba1ca1dd7fff0,1,0
0x0bcf48e0b15ab1ae7468d4b5b0bc5db11ef42e76,1,0
0x0bcfe9ce9502a5d700f79c9b45a69a31446c4650,1,0
0x0c45f10eb7fd8b76159a29760d1acb39a88c7af1,1,0
0x0c467eb214e1e74da3a3dde24b4798d6bcd110ca,1,0
0x0c64c866846a961d2e3b1c7d8ee7618d5970ac94,1,0
0x0c66784514a28bc148e8e00ce8877ad2a2df508b,1,0
0x0c6b11640e4af4df291b3ccbe12c923d02e8e6cc,1,0
0x0c7ea5c0df3d1912e1ddd40847ed25b02f7652b9,1,0
0x0c8638683db3efc1f009f6df769e5270a215da02,1,0
0x0c8b76760174d7b6c8894287324dffada1916222,1,0
0x0c8e46abebdbeb549e5ff36938a555e174849366,1,0
0x0c8f3097055fd9dc3ae12c3c22b43c8f986768b3,1,0
0x0ca9ef7f67e6ca559075164534f0a331640d7821,1,0
0x0cad0d124f294330d7e2474c169f200b4f55290f,1,0
0x0d0dc2fce1d9f17565af71e53d75e2f6d5aeb965,1,0
0x0d1af666bc222d288613590ccf86c56f57466aac,1,0
0x0d36f020293ced226c1777a3a8c077c13095d944,1,0
0x0d397eba4000ba17ef882fb61af11748d5173521,1,0
0x0d537f9844366bff8ee409eadd5adfd6b517c0e2,1,0
0x0d8f716664c58794fcbc779e0b74bafaa0ed48a6,1,0
0x0d92b956b5619f5f1de568b39a0ffdb037e6fc26,1,0
0x0dadd714cb5ce6ce49802ff9730e5e10129112ef,1,0
0x0dba47b09d980417828db4b48dc997ea62221fd7,1,0
0x0de63356d3abe204d446ad85124045051bba2767,1,0
0x0df16384b67ed924f030c14515c3a71bd0044774,1,0
0x0e2c7d39e77bcfcd3c0fe1f5f705754310e83422,1,0
0x0e2e01a5cac0e490a8413842444bcdb20cd41a63,1,0
0x0e33282209ca339bd8a57096ac8d1ae574cd499e,1,0
0x0e58f092171b4126ab1a83616aad0e97e74e0fe1,1,0
0x0e7548217a4ab8a0b64562ddea697af2486193d3,1,0
0x0e7de59028f0cfc261ba7fc4f4c63bede3d27dce,1,0
0x0e91f82d08461927a8e3611a55799bc94dd895d6,1,0
0x0eb2ff16330d0f0cf3086c43018a71631a5af709,1,0
0x0ebd655859b2111aa663b8149fd04f7ca8dd9596,1,0
0x0f00893d3e3a5440687dce9b780b05d13f332a5c,1,0
0x0f08e3be96b74042fe3dc0ba15770ebed6f03c8c,1,0
0x0f187df8f6d441c4fdde2210a16da7499690a32c,1,0
0x0f1954444cbe9718ea4512a2ff4861a6389ff01e,1,0
0x0f248d6887f1b2dde2f878638f26ac032f754380,1,0
0x0f47e08581143dcb31a11313e6ccd3c0a9c4f9ee,1,0
0x0f5d298aee1ebea81d39085abbf2ba55f0c9d89d,1,0
0x0f6cb3b4e3201688ee03fa4cd69c4ab985629651,1,0
0x0f732892f48c2c07983f311ff9871e4e9888b8a1,1,0
0x0f95b4b40fbd91e5153d1c60815ca1d0080df21c,1,0
0x0f9a90aa55b0ff30cb03fcde8f174bad1d6bfa6e,1,0
0x0f9d25b67ce9b080a7cca1a5d0e27800d1aa9c85,1,0
0x0f9ec279d6c990493805391ed2a7ac6fb89eee26,1,0
0x0fa9c9d294317aeaffc630a21247043443c97631,1,0
0x0fbd148c2f79b922b9989099ba4dcbefccc5ce87,1,0
0x0fc9ecfb66ce4623115fba96bf215960d45351df,1,0
0x0fd57369d49ba8713b59b3599fb8c15632c4152e,1,0
0x10092de705cb60c9b90ae93257d5b309166f3913,1,0
0x101580c10a8cf6608371b735ae7cc3436ca9d9ca,1,0
0x104c2c4283eaf0d2b88415ef04ac64a60ea44593,1,0
0x107283516fa07fc913c76fc634ffe64367bc2472,1,0
0x1077a2aa8ac8414ffd29001e72563b7190389021,1,0
0x108473bdbd7d411bc1bdd8c4db7ba4c2afc64ee3,1,0
0x108c3b2963f14f9bc15be295cb55b04d6ee87212,1,0
0x10a7cb800ebc74ecd0a1d85ed357baab02365634,1,0
0x10d076dd3074d23ef4b136ddce406eeb0a3728e8,1,0
0x10f1042a5bfd40b8cd2219d85440901456ee5c50,1,0
0x10f8cb49ddf315e3a8bb39910a9b660238f82ccd,1,0
0x1115498897ee4d8eead4ac49dbe0c7f0ee49b3d9,1,0
0x1118f4baf2965d4373580dcb210681e4d2329506,1,0
0x113b83be80b75c7f3bb1fa8b317466f3a3179653,1,0
0x1145927533b1984e293822a77a85c11381667cf6,1,0
0x117fb50564ac908f2e1cc37a224ba49d337cc7cd,1,0
0x1186b5e8f2d850cabb974ed939519d2f62bf4545,1,0
0x11905d5835a336922e08acd4ce35e633051a94f7,1,0
0x11a40c26c27558a335ace276dd82e16390c59dbf,1,0
0x11d41b75bae1b945d26c7f17feb0a458ea5e5b7a,1,0
0x11db6765e4566daa656153d25088fc2b459f203f,1,0
0x11e1aa4edf96d31f9dcfa38094316dcd5b04c8d1,1,0
0x122888f267d6564c896e701737a2094f0282163d,1,0
0x123a00a0cb5eca3c9f6a2390dded98ba1e69f4b7,1,0
0x123fd46287ee04bfa08031fb4a7e9bcaec0dcfbc,1,0
0x12533d5f34c2c1e4707f6e38da13898a4dabfecd,1,0
0x1294120c18b216b08181685094d3d3ab72f9573e,1,0
0x1297a8af40d965677c3023be74a7c53c91b7b10b,1,0
0x12a1517693491ea580dfbc1be59e080c95989ef0,1,0
0x12a8d9bf53b1685c262e8979aaeb81adc20baf5d,1,0
0x12b15dc41db157cdfb54b58d8397fc0cee32e613,1,0
0x133ce2c37e78ba7a7965b9ec390a48d89b5110bd,1,0
0x138308323652edd886a1418a80ee5e74a1bc1503,1,0
0x13ace42f22a6e5c1d3d334aa9cde8854b13c748b,1,0
0x13c5dc21be92d96c69b154eb1beb24dd8fe8d15c,1,0
0x13daea54537ccb33caf9131812d0441caa2ad63c,1,0
0x13e263e929cf13b6c07f3a6156200b1134e95853,1,0
0x13f44d550c920d4e73cdcd2145a16c131db6fda2,1,0
0x13f63166e85267820ef0b41b17bf4920447cc078,1,0
0x13fd0f712d891509da07ae767493af0886f7c01d,1,0
0x14279b95f9c2080de270f9d92a4f191caf1cc794,1,0
0x142ce6704cc5cdfadf34d3718fce12aaa697c266,1,0
0x145bbc6abb9bc63b1f15a78d1472befc215000ac,1,0
0x145def1aa1d6b19e7efa5d30a727e674fadd0ab2,1,0
0x14839adcaa3bf1ce45c6cc42215f7ff6d06024a7,1,0
0x1493a9e15f6b7d6a88570e7b9c9f8aa13ae02285,1,0
0x149c4f80210c26db639f9cf2c058a393c48f4d45,1,0
0x14b7505bc74524e9e498bc3984adebd9ce6e6d6e,1,0
0x14cb910bd50ed9fce3a913f806569e3f0ed1b756,1,0
0x14d5e541a5e610d1d903873c387ede656c58dc89,1,0
0x14dafb5e74ca175f70db28235ad9a56bb15c3b82,1,0
0x151663ca63aa12fc53a52ab5d67fc8c84e92adf6,1,0
0x1541408170b0a35f603158601e769ecd93cbdc7a,1,0
0x1542fdfb78d0f95c7107a3d946411c93c34701e8,1,0
0x15434a35e00897252a16f9edc45147d92fc52725,1,0
0x15759ee7fafd2487afafdcfda0b8931ba4d315ba,1,0
0x158ac037ff33bc1df6878bc605a6cad1f378886a,1,0
0x15dc6f56f634cca9fdaad8c54eb54ca8709e4fb2,1,0
0x15f1737a172fbb518492aee9f446ea91ea1a029a,1,0
0x160459fec8e00edb3eeed56215ffab6fdf0b9a2b,1,0
0x1606d50c6676a39262ac57bf094f56cd2a49ee01,1,0
0x165abfd952e22d43d5b753ac19893f481a2fb978,1,0
0x166516ab48afedd5621c9c6dba9e4bdae806c47d,1,0
0x16bb014559bedba33b2ad8e38fa78bff96f00436,1,0
0x16f1b7577a8cdca298559fa197f915e527646a48,1,0
0x170e94fda4b3c9cd91e96186963da2fa54d76db0,1,0
0x17177177e35cb7b41f1fa35c516b4a0790faf3a6,1,0
0x1719bfbe511e061697fd3e2e10f2c4b669011afd,1,0
0x172ab2d352b8e3b528c81e184f698ae0fe630d09,1,0
0x173c1d02119844dde80d283140720e13897de064,1,0
0x173e95508500371588927373b0ea2a768b2f053c,1,0
0x1751ad9e5fa0d4a42e74c8eacdcc73e52608c689,1,0
0x175685af3adcd79058b95a9ebc64efa28e3fb0e4,1,0
0x1780cef1f14eed42e38e7def3c00bb38727b7a52,1,0
0x17811ef0aa78a0250442a69c7010b1b692a2aaec,1,0
0x178e1a232be1cb2eea82d091215268c4215335ca,1,0
0x179ae71f166b7091fb3d3b51d9a5ea1ae69d4267,1,0
0x17c55e81bee10dc1b593f9bd3b2d4ccc1d462bee,1,0
0x17cba4b935d74db6205bc4e08a787f43afb9fe41,1,0
0x185531b3aa13f500825de46e7c6ba4ca541c193b,1,0
0x185ea9fbb4e47e059fd5484d86b2e8257e91fc79,1,0
0x1876e6e82e0f3f15a2df4121a7a9cd331e9dea89,1,0
0x187f41eb5a6458f7ff9f94873c62790ccc683b32,1,0
0x1880d2892eeb29d585671146449547eac16d2262,1,0
0x1890e820f0448106043d55f6bcab593b8d43d7cf,1,0
0x18a6eb5888d052f599e510fb3a840acea4d14044,1,0
0x18e8178992138e334055be146087f81415df5cb0,1,0
0x18ee99a9e8ba0bad9bd9e935c0458b23e49a3e06,1,0
0x18f84fd7c11dcb901d9472b34d17b733fd9e2c86,1,0
0x190f74c97545cb89b9e92757d3cb5bb167e0f427,1,0
0x1962ffd2295c7d540b79a8f5d9405e3aed07db58,1,0
0x1964b221daba2e46ba04c0e4a5b8a8d076bcb91a,1,0
0x196afaab0d734396107d87955cdfa038b49726eb,1,0
0x198d77eae3af87c1b635e3fc5fd5c07d50fc2241,1,0
0x19a0051a871f0b425c53bab2d3f655d5a4632518,1,0
0x19bab9922f2aef361c4faf20d591f5d6c9e36701,1,0
0x19c9e0099f40354269ccbfb8a6a1f54eea0692d9,1,0
0x19cd1dc4bf2785bdecfb38552b3d289560a6c55a,1,0
0x19df5d96f5024f53459a282260cead38e8feb3b5,1,0
0x19ea5e537f70a3753923d35ef237af9fb8b764f9,1,0
0x1a07bc50be28d03264b58b3f4be24af5105bde5f,1,0
0x1a2496d6c3208d919413eee9cc48aff36bb81cdb,1,0
0x1a2538519dc3900481721b1694b408637e615d48,1,0
0x1a25473c7a6601555b89caa7e2af64b7a882617b,1,0
0x1a52956a1b0f41036c66ecbf3394d94601f513f4,1,0
0x1a743ca7b15354ae9ca3e3b823f8df16e85804f5,1,0
0x1a75b1be01df7f772ed8956efc12328bfb26ecbb,1,0
0x1a75e077ad58095465e897c06ab0ac130c678728,1,0
0x1a7875d50c3e9b44fb5ba4a371530620054685b0,1,0
0x1ac205efecc2fe31377e273db93f4bb145c67a19,1,0
0x1acc25fb8986e3aa1a7190086dd864871ba601ee,1,0
0x1ae483291b9f999632c19a3b234598148a02b4f6,1,0
0x1b17546e1d5ff63729b4922f86771f1996ffb987,1,0
0x1b1820d6d887c69ff942afc8406b86bef270959c,1,0
0x1b1f7a116644d62976c826c7cf91db7130540d24,1,0
0x1b2fea3f8bd860ac0cb3cb539f5a44aafcb4bd51,1,0
0x1b434765d568db6235c333dcc952a64d31565d3c,1,0
0x1b50b5150a7dd8c1a8d022971b115050f148d8a8,1,0
0x1b71b11d713170b2b0b44a417193651a2eb5a0e9,1,0
0x1bbf5b22c7ed160285baac0f0b3989be948043cb,1,0
0x1bf14b140e98b5168c4758a995be98bb8efea121,1,0
0x1bf6950d90a143f866b86a6f472a7da194d77992,1,0
0x1c0e9406afaf7579c9591cc52a05bd2cd9ea443a,1,0
0x1c3aff83a0f445f8896bf9a56e0a3612fb42fc98,1,0
0x1c4035d05ef6d914215a8df351dec4a72ffa945e,1,0
0x1c6cf2a07f95550dbc4faf41bbcc8e533ff1b470,1,0
0x1c9ccd3b4f2f1928410a828a8eb87b90ebfae7da,1,0
0x1cdca177f3b2c63eaf962c180af244131a06866c,1,0
0x1cdec9a38f2fcd01c07d84120a32c3dfcb70dacf,1,0
0x1cead3374a856061be00f5c6d2a035eedf1c3c76,1,0
0x1cee663d9288b4d46727d785a157b8b7d69778da,1,0
0x1cf87afb088552802eeeeea4aaa0b4a08688f511,1,0
0x1cfb430a9704aaf0e9a63f7558d70a18d34eddc2,1,0
0x1d0429cde9ec24e438d49c6ee40b6a69d9ee8d98,1,0
0x1d05df54ad3b9f0cbe22e3855e78761c977f39c9,1,0
0x1d167a1de72c3d81ec145fea933b59489a7c133d,1,0
0x1d54ee6c2e15b168f35a578ca2bcf49f6a46c473,1,0
0x1d824dd50b66da2ded07adee6da7c5f6199dea99,1,0
0x1d8a2eb7939b6b998dbe02837a6b0024206a6373,1,0
0x1d8ac47ff28c38a984828afd0859db0643f74469,1,0
0x1dd55ffda236e4a54bd4c5e87cfc71f437adc1ae,1,0
0x1dece9c2ce7582a89ecdc239e2d59bf44c4a716c,1,0
0x1df65069283f3e3924139e4d26820df97ffd1fc0,1,0
0x1e030dccf07054cb75f700221c8e52f2de987ae3,1,0
0x1e1104d2200cc4b713dfdeab501c4053050fa293,1,0
0x1e1358f38241e9e70bfc59455ef4e5295f77a27a,1,0
0x1e2f7425b7c68009103a2cc368e2ca47587f6c51,1,0
0x1e538bc470e5bbba9cd56650ff905a04580d72ca,1,0
0x1e5abcd83eff52bc239bae5cd8078709f746605e,1,0
0x1e6c3c2054ec6027b653715be963fed04b836501,1,0
0x1e9494f3a4f07c80bddbd12d214ff10b6ab2a7dd,1,0
0x1ed5e83ee040146eda07e639abf35c4aed96434a,1,0
0x1eef52a41aedb0feffe22274947ad2fcdb5ec2ce,1,0
0x1efd71d5b48c379cad8fb7f9726481015dc40564,1,0
0x1f24779764625cf3f7209f6a0087dd0e236bf686,1,0
0x1f31ea6fcc7d4ab6357e5b3a8dce9d53a4f6aadb,1,0
0x1f3da08ceae0f576a46be6857814cc56ae1ad2e5,1,0
0x1f70efd1fe10d9012280ebf0c4c0c0de9699e7d2,1,0
0x1f87204edd875b44562b6ae7cdb07518d63cacac,1,0
0x1f96cf61fb6231dcc420aba23dd501840f5439f0,1,0
0x1fa406da31eea33752481c526a249c06279fd9a5,1,0
0x1feb23b2127f187d0054d086e695429800df6d49,1,0
0x1fed11ddc19a0e0948d9c97185b3fece15ea62a9,1,0
0x2001c79e19c8f383f47f8b42513204d951ff0eb1,1,0
0x201e27dff8b377c74f93ed3d962c860cdd5d25b3,1,0
0x202369f20e6bf4db43fee21474923e742cc14687,1,0
0x2042739e7ad121fe0ff7d8a81ec2f58fedd03bae,1,0
0x204286ed6ca4a652c0d69d7ea10f0da9c72c950e,1,0
0x205ddda83af0246f4f4fd2d6f3d7ba4b0088bf9c,1,0
0x209b6c6ab564d19fc31d6322a8cda553badc2c70,1,0
0x20c1892f8a7c9a1d99719a3bb444539a24887e58,1,0
0x20d615b6d0dc12f238e3bc211f8e9515ead701af,1,0
0x20e133197f696095a3ba37e9bedf6751095e947c,1,0
0x20f495620ca81fd5566df0215c2913bae7215cc3,1,0
0x20fdf3686323de800e9c100295d864f5074c73c8,1,0
0x21081e37fa26fd7da27ab3e7ee17d8594f74d7ec,1,0
0x210a30daf2048dd8bdcd27bff1796a33ae337bc8,1,0
0x2114be38890d9c089a83de498237631fe536832e,1,0
0x2125da9ec0a898c877be07123b9646e129abdd4e,1,0
0x2132b159cc349075d9add78054c744394f15f8f4,1,0
0x2136577b019086e0b3e94c8d295152308391fc36,1,0
0x214bd138280810f80f356ba29ef09361b4c55c04,1,0
0x2154988cbd0d505917a644c0ac6c7143b68efa2e,1,0
0x217cee877c54dcb5d54edbea33d6daa46dfafe3f,1,0
0x218ea505fa789beccb1655eb322e5a909a98db6d,1,0
0x21aac99379b03af380254fbc0954eb64495512e7,1,0
0x21b5b9c17c7b7ef65a35a4169fd43a39c405f885,1,0
0x21c027460be7776c6618385cbf23728a6a5d9136,1,0
0x2200aa201d20fe4666da67a832207d0c9f9c35d4,1,0
0x22078b6f9bdf34a964fe42ab5e1bae3800fa88e7,1,0
0x222806c583f081d6413c2ddaa88c60e4133ba0d1,1,0
0x222ac9abb7a75d14ceedd12692d2231254d43e7f,1,0
0x224ad0011d58f786ebc6c32062800618ca76dac6,1,0
0x2274af4a4d7041648fdcfa342ac8f40b771a4199,1,0
0x227c0b597b8d40005287e9a155435a2b93b4d437,1,0
0x228cdbd04f45f2c2c7f64d2ddaea0329ec851e45,1,0
0x22b7a060bbd59a1509bb8091774d8296bd98da93,1,0
0x22ced1e630374ee9d36fd9f35cf866f292d5901f,1,0
0x22df26f61a297f8c8c52c56783ad2ff4781e5579,1,0
0x22f4c1a659a7398e7882484e3dbc004c4cd3c689,1,0
0x230b509124aa36f29d2e89d50da890dbb2c46fe0,1,0
0x23180f8f95907354b2ac4e7d1e9eab10e0af6e7b,1,0
0x234b462880ce5f46e98a528fb7635443ccc44a86,1,0
0x2354c690942324232111745a398a090554e4fa2b,1,0
0x237436a8ea914d4261db545f897084630e7fb413,1,0
0x238cd6d2e0726672651ce6a3dbb1a7fb7c62f1d7,1,0
0x23a12150f95eb016a99625cbc8a877b2f758e823,1,0
0x23ad62021851db143fc69697ac3a1008373cfe9c,1,0
0x23ad77f7b2cd868a2d2ec25c75b65cb0e000d6d8,1,0
0x23c3b33ffd26ca865b74ba169ec7beacc407b8dc,1,0
0x24056a490e1c5597e9ea9981c346d15811bc5a30,1,0
0x24503820b5e1729e83626caec295a090a7d8a313,1,0
0x246ddca9f492020c39d905bf40c8c959fa5a0e40,1,0
0x2470237d91dc20f33c7a1a4a7a35499678189011,1,0
0x247119d2fe1e1276341b39235dafaf48901603fe,1,0
0x247573b60fff523eed41063aaa634a463b08876c,1,0
0x247f6c1e99bdd26de5f957ccd75a4600a8c6da82,1,0
0x24b4954ac28363c0562e96cfb7547a77a060f8b8,1,0
0x24bfad5f47dddec24d50cd9d9303e53a00d9cc05,1,0
0x24e18aa6f49661ee9d352ac943213e650dd49c12,1,0
0x24eaf1ce0c610287d55130ef6e9358ad5084a18f,1,0
0x24eb68cdf90ecd8ed126772248c398516f2820c4,1,0
0x250645a73b5f1548ce6bd7cbdf2cab28dd277d50,1,0
0x2513503c37f5643addfb45e319ed00c9fb6b919b,1,0
0x2518aa94a204ca6e5fe1502dfd796a9f796919a0,1,0
0x25223289b106f5ff74b269747aa4265ae6ad768d,1,0
0x252897a9a7db7f629343b251422dc0ac40debc97,1,0
0x25418cf6c4eea2689bdc85ba2a9ec30127ffecaf,1,0
0x2545b48ba64283c827fe9fc42be999973f4051c1,1,0
0x255e6f85babd3355cee5e702018917c8c28c16c5,1,0
0x257a32815c6bd4a3e8a895ddaf78e5fd142f7f1b,1,0
0x258149937ec484eb22b800cd5b85e11b8c6760c0,1,0
0x25862880ecc0e83beb2f99ad8d704cd6ce3c02a6,1,0
0x25aa6599b5b0d599913b4239e99a8ee54a6912cf,1,0
0x25c7e2b5c42f20d7e3bf625e177876dbceb227f2,1,0
0x25ef4e5ff31a9cc5a86b69e62f2e4db72ba04fa3,1,0
0x25f66e8be3562ccc1f5ec08a296459c322505614,1,0
0x25f9bee1a64d8fe5ccc507ea06d81291572932ab,1,0
0x2625cabf3e4460745f74821c860a14155e238eb7,1,0
0x265d81d7c98ab44e6d95a3f935a22649e42b77e5,1,0
0x2669d3aeff545aaa955848b5fec230bc5a3b45ce,1,0
0x269567b311e59531834fbb0192e87c2e623ec879,1,0
0x26a6055382db9d715d179ba7f147cb962b5c096c,1,0
0x26ae2cb0afda71ec028139de6033d7e6cf7f6193,1,0
0x26be09b48f23a47c592c4b17bbc0751d55ce8e78,1,0
0x26d831fa9c278c359f6bbcb0b93289ca088c06ea,1,0
0x26dfc88a09c1ed766261858035c547c153b4966c,1,0
0x26ecdc26f816d38c8d1a28ae0d14e4ec4d71c402,1,0
0x26feb5d7a9520bb18f60a4d3a6024889bb55a924,1,0
0x271e26fea4136fed0ccf43c027cc461183ac2056,1,0
0x273d72618620084bb2931c8f2f2d96c91df51aa5,1,0
0x2740ae9447914126e21213a42c9fc21724ecd0ca,1,0
0x2746a4b79e315529bcbc8e8de96e64083e7e2fa4,1,0
0x2758ec9c5c542f4dea8117c155f8da50d8a685ac,1,0
0x278050dad39b863d473ca36ca1997046bfef6015,1,0
0x278761ff2ab7af2ce31370e8c81399929e28ac3b,1,0
0x2799d91f1111ca7ca7d53d923f679c2d7551281c,1,0
0x27aca53cdd3adecdedade620a202a81445cd0399,1,0
0x27f9263d87157b6c45ac3451aa8fb11eacd3176c,1,0
0x280a069e7f37978ca9b1319190895f32a376ba5d,1,0
0x2825861682f978d5df5044c42df6a7fa56f43933,1,0
0x2897ffbf1a5ee25456eb03b0c5785bb008390f4e,1,0
0x289d64e97aae7883576f5b2fac1f25d9383deb2e,1,0
0x28b3982784195c56301b5e076749b8df7ac84cd0,1,0
0x28b44b3496529d97ecc5b6015cd2143e41a414c2,1,0
0x28ba18e449c6d69cf354c8758268227156941567,1,0
0x28cb01ca87464fdac9456bea5707da53cfbaca7b,1,0
0x28e51f0eeb61ae58047e47763f3ba3837cd64327,1,0
0x28e709609be84e60ef997c39cb253c5e987f8f97,1,0
0x28f5c80f3283869db8d98123a80df3eed3bd90ea,1,0
0x28f93e4393322e7a6ad170cc4b0583769fada88f,1,0
0x28fc05945f49aee500fc6dceaa0b7ad870309b0f,1,0
0x2907a3bbe3c84813975889de6a5a078d8371955d,1,0
0x2919ea16720a48a4c4ef645b86fcb60eb57eff76,1,0
0x2942b907c1276338e2ede47f9b9de96b55911cdc,1,0
0x2974e122d42bd207ac76b1bb528c25707954bf3f,1,0
0x29a77da61013bc3100e518af4eeba88d7d7341af,1,0
0x29a80061f66964b07c91c6e24095f654e2d6a7a9,1,0
0x29b5bc94bfc34966d2c9b272d004d6f23fa2eb40,1,0
0x29c460440b7d84bdf88a8c6565c4e05af0da00d0,1,0
0x29e8887de3357f7a1302e26f5ed34203923b8c14,1,0
0x29f4cd27c698d228137269725b56638b7a5240dc,1,0
0x29f9ce9e7518b1cabb6ea4992085f55b7b9f02da,1,0
0x2a397721c6fc14c2618397ee404f309156ace35d,1,0
0x2a44ac6f1476ebd7d4b067bcf6107f3bea367ca0,1,0
0x2a7bd806b4fa61cc85389a4a0177989d0842850e,1,0
0x2a8330b16956256ba1666b36e8b90f964a9facf3,1,0
0x2a8d6d8b77be7e07cd4b1871d60d7be106e51e70,1,0
0x2aab7c8b692466f892c1d7a2d54da0c098cccf99,1,0
0x2ab9599dcc66396656457739f01925a0f55fdeba,1,0
0x2abc753ac0a02339b0b38ed6aa8ac44bfe95fbde,1,0
0x2ad43fda15b31d5ba2430f9738fd7cac01afd454,1,0
0x2ad7fbb694f19a4d3177baafcf3a8c30996d90b8,1,0
0x2ada0d1a2f2c4508e577f76b42140873b8f832c1,1,0
0x2adc7c45828ddca95aa1f254c64274ffbb1dc2d4,1,0
0x2b0226d3e493a0a5c051f930092d2a9014d00977,1,0
0x2b0e2379e4d4970644eb430b4e8f5b907383d3fc,1,0
0x2b1882478bb920a58dfb86789a56e9b2fcd3abfa,1,0
0x2b21fa36fc6c0c7edd8ad484e142f33848a0ec1d,1,0
0x2b3decd46a12da913a2bbb56d73f27771ff2d696,1,0
0x2b464aa1c30024794ceea6689856e2c5e671754f,1,0
0x2b501ab37939055842eae775a61cde19e0d4cdb0,1,0
0x2b5d6b9b94d3d38dada1af420ba4bcc110926508,1,0
0x2b7895ae7fc7329caabae6e1f5bef141d9a3fa9f,1,0
0x2b7ae4a84f7ccb37699d993d2a403d0b8f89fa48,1,0
0x2b9464216252a53dee1a074cded0571031405b16,1,0
0x2baf4ab0f1b2953967aea834fb1b05be2d2a4c2a,1,0
0x2c06e4316fc60c5db6aee7dabe86dce0afbfeebb,1,0
0x2c075cb8d62b28d6ab22121a1e0aeb1bd4277395,1,0
0x2c3664ece88b9c0e0a45af03ac8619537af1da51,1,0
0x2c417b8e154a99f962b3b386313ab23f99fa6171,1,0
0x2c5263429113ce9549fa3824a8a58179b670cf37,1,0
0x2c52aa410a9836cc82aed0f3fd3800cfeea12aed,1,0
0x2c639fa2dbb1d24b86566de6125f1df54e8d0950,1,0
0x2c7aeec1ea56afb68eb8ed4444c4fa65c75b3afe,1,0
0x2c9dd5b76cf9f5ee1f7dadbd67ad9a30c5c956c1,1,0
0x2cd4209284536e84f3d9f6648a32c9b4b21c4348,1,0
0x2ce950bfa50b9d7c0cdc27253bc1e2c5144abea3,1,0
0x2cf4552197d9cc1ae113c729f5ee1a90d366751a,1,0
0x2d0af6b7e9202358ead703a35709f55eb2dd4350,1,0
0x2d1259b55a6bb99094b1916ee82abc0a1556f622,1,0
0x2d3c27ffd4dd6d49b7cd7ec826987b122f133181,1,0
0x2d3e3af355925b0432edd3423a44c294a7b2d43d,1,0
0x2d6020b3151a4455566efc01a3370ce641d4980b,1,0
0x2d65b540c09fb7c133472576455ed9e1c052048d,1,0
0x2d6c9c469d5cbc1567c586b0608ea7c18b9eacca,1,0
0x2d7224884ad8c27e218480d954456b4ec88baead,1,0
0x2d79752daf73a7de2b8212e8ba07f4c7b1738d78,1,0
0x2d9c146486646d5d48ed493ac659a48ce5c18785,1,0
0x2d9c80bb783abda3715615f27f8173be620b7bff,1,0
0x2dc17853edd8b90896f0dbe36549d050686623b5,1,0
0x2dedf989b1f6458b128e21ef54100b998b8c695b,1,0
0x2e192921b849b33f3909e695134d3a71b945e23c,1,0
0x2e1a98d51697015122ef41e9b0466d1117fc830d,1,0
0x2e2440041d83bdc661b091990d29bab006b159ea,1,0
0x2e4218d4a04ab7f80bae0dbcbbf6c60c01b395b1,1,0
0x2e510f9fc3ab30150eb08abe8d473e5e598abb4c,1,0
0x2e7df035d253ee157da5533cd9728a482cd43a75,1,0
0x2eb285467336abd459947a9035e52156ee8f79f7,1,0
0x2eb5319577e7607b4fec6c507f7df93b676265fc,1,0
0x2ed8e6e8e52a3cfd6dcc06f3c190c5edd6ff840c,1,0
0x2eed3d3cfdaefc97f290d03c36b5eb5dbb2785cb,1,0
0x2ef1a55a83270d372c1ece94ffb6b713516d8f78,1,0
0x2f17c820d71893aadc534fb9e06cb6c04cf33f6c,1,0
0x2f22de7ce0aa59b9aabb212d1f2ac58761dc1159,1,0
0x2f33ca173bf54ddf86ffdef6ed54c7f2e3187ec6,1,0
0x2f3409fe8bb08dc400413795926123533e1b8907,1,0
0x2f4c670be38030c4c942ba2349c9df69fc274b95,1,0
0x2f7fd10fc0eb22675ca7fb28aa08a7a2cc8e7ea6,1,0
0x2fda3da9936eb9537cdb562e33e7750d55a8df49,1,0
0x2fded477ce9493153505ac7c49ec39cb9ef23993,1,0
0x2fdf016c7c6d39ca26af2631e54e2c1959569dca,1,0
0x2fe8c44f980d48105dbc652cbae27a9b56a9499a,1,0
0x3001584bde5df5641d7e7c77957d1397327e62c6,1,0
0x3023442161f361339a5940e3606aec5ec7aa9923,1,0
0x303f5e5bd47d58b569fbbc0fe56e596a792317e3,1,0
0x305f9361b459d79204db21ca27e23167beef5a57,1,0
0x3070a68db30ff166d047f1fd0420553c6440f7fa,1,0
0x30883d1f1d447e1131373606540706ef060c2343,1,0
0x30b8eab7d560840a78bcb22e58b1a47b82aecf99,1,0
0x30d8aebb8d2070eb27ffb72ba3f13fad69ba240f,1,0
0x30dab2fd427e99c2daab62a13fe593b32272db99,1,0
0x30dc15a6cbe490eb0d592cbdca9774feadd75c4f,1,0
0x3106754e3ab6f56786a9b4be803182b8369041aa,1,0
0x310fabfa4707599c8cdc89d9715cd415802eac64,1,0
0x311d392e491149916bfa433c7eaee435ce70cfe2,1,0
0x314110f686f4b1af93b3e2efe2568f729d139936,1,0
0x319e631333b789b59b63be146f1a67191b37e608,1,0
0x31a51fae58f0f78df43c8e90f2ffd257e93d2afd,1,0
0x31a811844ed3d9125555c27b18c4ecf47c16f73a,1,0
0x31b79b6f090e8dbeb362ca8f2ac6789ef66e38b6,1,0
0x31bdb6c2ed9f36636e5d5bbd77677bce8649d4d6,1,0
0x31d8cbe963bad07615cac2e7fe15d36847878a43,1,0
0x325aef70ef4f0ed0e52f85182c9392ed62f9eac8,1,0
0x3267b67d4d43194402225286c3802b9bafcb035a,1,0
0x32778259cffbe0cdd24760d8009f106c25f55c0c,1,0
0x3288b543cd46e4d32066099340f8fe6bfc5bf431,1,0
0x32a48f830fc490400c5aeaef1b82b2c1f67e0f61,1,0
0x32d9fc7456efd6b1be4ca3d4677a5ceef2a0cf4d,1,0
0x32e43816d33ff322f612ca42cd94cefccbb779cc,1,0
0x32f6f912133d4c36879c79a1415f2e1fb39432ee,1,0
0x32f940e8667a375a9af24600c4789cf0920b240a,1,0
0x3356d7f8eccb0c457a4a0f6861e7265b14e59032,1,0
0x337b0caab5c01759d4cb23b8fe60d4dcd5f94714,1,0
0x3382fb8856a22f0d328b328245a2065235bca1b7,1,0
0x338db3fb4a27b4d4d28c603a622afe07ef86b1bb,1,0
0x339315ca29a876703999a59e874460e38c20b016,1,0
0x33b4e54fb630dbc3e975dd6cd2615265fbef9810,1,0
0x33ca8d7037244408816ac80ca47340b6ced7d184,1,0
0x33f064cf1d03013ffc8f7050d85a1a258c0731f4,1,0
0x33fd8e88a74fec2e8ffa23916b47a8b03806a85b,1,0
0x341a0563ac3fc3ad0cffed67a38304eec26847d8,1,0
0x342835ba6557742d3ed457aceec787180a274323,1,0
0x343c9579c4cf686d49da2696939c062111609d90,1,0
0x347ad823532155f8e1b3431536f928da4b7587e8,1,0
0x34917a614dfa211a218d0ee35fa572e740401638,1,0
0x34ad6bb55ce0618eb2008e869b40f8e2fc42d3d6,1,0
0x34b81454f60b5a5f1b83e9b2fa7ac7d867a08a32,1,0
0x34bdf2ced0c4f4fe199eacf64f01c56d4597bee6,1,0
0x3503a8b3edf6f9189a9c3e4f0afca3556916e360,1,0
0x3503f76955a0f9ab1cb70759b2a57d62a4189da3,1,0
0x3570783394bd685ac0548fce23a8058dccb6528f,1,0
0x359b46ecd7fd6a12ce368acd9fb52c3c51fff440,1,0
0x35bc32de5f00b5f126a45097e5034aa4a8df7339,1,0
0x361233d920182315ce80c2e4d29bee999629dffd,1,0
0x361eaa0ba9126784769256773578b2894ed4fe6e,1,0
0x3661c9167b2becff13b155def8b5d1c6a14f8974,1,0
0x36625c4cfe2eb63552e964643fba1127748eb375,1,0
0x3679f9e3e4022bf76b7ec674d851f01ae2bac137,1,0
0x3684d0176fd6242f136435aca494361a3b002d4c,1,0
0x369dfbf62b8d50180de233d4b7f8fd84f38c51d6,1,0
0x36aace171bed20a6975c09eb4d54157a74a0a165,1,0
0x36b6e4b1b70322be83f0372d3db0f32ba3f9f45b,1,0
0x36b7671b29aa2de5834c5c4926533b7ab8ade768,1,0
0x36c57ff2941dc9194aa5e1f7fe9bf51d33b81b37,1,0
0x36c78fd58308d403e3b5f3cc0a9d86dc93227197,1,0
0x370d9710fd45344db09a1d86ac218fb7e9ef85c8,1,0
0x37122d81709ac7d277cf3aa7898ea6e13aeea249,1,0
0x3746cd23522ef37dbbfcba88be274b126510078f,1,0
0x37641cd7e812d72de5db3b506e2e3969555b0690,1,0
0x37717a0b91038a87b4d5eaf9ebd9772f0796f148,1,0
0x377458b11dc666a3138b92abac800a5105bcf442,1,0
0x3789c612b05eb4c1f605e3c42fccfd9a1e9c12f9,1,0
0x37a2b9f08d0bd68876a1f86a841e9abc31caed5d,1,0
0x37ae93fae07cabae22dfe154fd7fda02ff60efc3,1,0
0x37f689327afa3567de4c46c801547f17e1e61d1b,1,0
0x3807309e7bda5f241aceaa0580963949b40d5183,1,0
0x386b8c386a9a015584c96c414e95bb016bb68950,1,0
0x386d3676ecdc632be330d54507c158dd94ec4704,1,0
0x3880b79e4c073d2e50fd21fabf37f7a0e682c0e9,1,0
0x3882bb635ae23b5b5278a0abba4c58951cd62405,1,0
0x389c93c9814ae328a7dc7d4f3eb57111894027b6,1,0
0x38c283c399aff350f2acbafbc76006cdf20f1d36,1,0
0x38ce8d007f1f7431664bfdc526b30e52ec1f53ca,1,0
0x38f02e7400be3fa619a463d4a17a076ac1e71b96,1,0
0x38f1a5f789d5e393c75be8124b2c9ab9f97143fe,1,0
0x3915ad01f22ecc8fa50092fa5912b4c2f8d11118,1,0
0x39228509ac2c6e4a9990c5183bc51b88e505f7ef,1,0
0x395b805ad9f68923b6b21b30cbdc970bc26aaee7,1,0
0x396399b8fd4914223983aff6578350c80f3cbc05,1,0
0x397f50ad08b9df8b288800e62fac488f8fa1a97c,1,0
0x398ed28b092587ad4f7f1504ded28f4004c64c5d,1,0
0x3992185d836560522adc91a3169f9634472f861f,1,0
0x39bd15d52ceae6a387c5d5b3601412b78d82c541,1,0
0x39e3633b7c4369181a65d1fd9f5e3a23f435efac,1,0
0x39f4be06c0c49783d0d3cdcc3a15d23f8294991b,1,0
0x39f79140e0aa88065a42ad5080729f07b0796d43,1,0
0x3a17f1d1822944c608759c6c173f95ff9813b8a3,1,0
0x3a1f17b142df73478c97220f32039fecc7113d54,1,0
0x3a31169d91181dd1aef25b646a036bd62a0c9cba,1,0
0x3a4017904f6e699bffaddce1ad1a1f8467383150,1,0
0x3a417682be34e55d16a5bff2ebdfb48eaa708505,1,0
0x3a4d37e78f7c55f43657018c239c3ba86f53e4a4,1,0
0x3a7ac671d06d6dcbe1cde3c416fd88ca98f1806d,1,0
0x3a84ef65116283e5c283a118a36b21b31ecfd92d,1,0
0x3a96d57b4cf57934c9b3ef2bafff8e459c966997,1,0
0x3a9d9c3207bc9b5e8c047d017ae7550fb8890608,1,0
0x3aa5bf514d7f67b6dd2a0dac2394d0dad06e8f49,1,0
0x3ab6576e959d196b3f8a5a1b05c7d50231fdf40b,1,0
0x3abb0574377427a1536c83e260ced6bd0aadd0f8,1,0
0x3ac384a696bb2230f540f7d86a7ae91f982df70e,1,0
0x3ac98827ea81e9997e032caffc4b11badc29efcc,1,0
0x3acf2c870f688445568604a8f83819f40df61398,1,0
0x3ad21faa538901aaa7302521cc2e691ac12fe629,1,0
0x3adccada100e81bee91549b03124682075fa0b17,1,0
0x3aefc6e2e99deb2e8fb7ec30ab692f3ba2dabd4b,1,0
0x3af0b457c865be5a9a0802b19cad66282b2411f5,1,0
0x3af173d985f5878b83f1a638e4ce1c1a4c4bff8f,1,0
0x3afdd164605122f7ee98b9197b9761d26a8772d7,1,0
0x3b0f5fb4d5cbb9007d665cfb77e139b18b6a75cd,1,0
0x3b1fefdfa29d9b0425e273268f8e71725212e632,1,0
0x3b269cedd02a4deda902208661243c59a9a0c10c,1,0
0x3b3b54040a3ba0dc40fcdf3cd3b89db69220dcc5,1,0
0x3b7ba8fbd06d3de2b0b26d7fe2d9119d143c06a4,1,0
0x3b9b1b19eaace67b2b455f931968dd6e6a51e8db,1,0
0x3bf53e8727313adcab259752bf716ad3ebb5b359,1,0
0x3bf7cfafc7ae07e34699a684cdf9c816e7b7f52e,1,0
0x3bfac75894a55a4063299b0a1c28d7c8f4867576,1,0
0x3c089cdaa1dc4416f34b31b7adcea46e42823d73,1,0
0x3c308c56ceafc51228bdae98953799c232a16524,1,0
0x3c521687604ce4b38d2e579ee7636069eb1355f6,1,0
0x3c7722807561603ac714f522e2ed57c8b3792bce,1,0
0x3ca5b4e228aa4327879326970d73e2687f13a24f,1,0
0x3cdf021fa8625b8dfbd0db7a3fd9be72f5801969,1,0
0x3cf1edefb3542080e255fb7bd45bb35c81a2899a,1,0
0x3d34d0c45e25c56e75b9d44732a797cf8043bb05,1,0
0x3d36592bf3d4a3c98fd498aa833cb49105501352,1,0
0x3d3a4627524d85790ff833926d3378a2017ccc8c,1,0
0x3d4a393b51a9d81601332fea37fa214fa04c879b,1,0
0x3d6ef45c54d15a892ad4caccd41003e60651b7b1,1,0
0x3d933f49c96999dfb2aa9c82d70b0cf5ee69e5bb,1,0
0x3def3a443b719ca73068ef7ee5988a0576ccc299,1,0
0x3e34a739c1c6d20ffd00bc7a55bfd0d2369594fa,1,0
0x3e40651931d364b025e9bc79b552550f0f109bf3,1,0
0x3e729846a571f447b9af454d27e7bf4cddedfcd5,1,0
0x3e7a98cf40324e87fd047525661d4272f9d5cb5a,1,0
0x3eb2d700f4b1c9911eb85902c8414a85371583c3,1,0
0x3ec5b42376bfbe988cc619a0acfe68049d4fb9bc,1,0
0x3ecdb51a0d6688f7841392b972ec5b6f018fc946,1,0
0x3f4e7573a1b365f6552bc84a56c0bf17b00a1959,1,0
0x3f7d61ef2f4464b7fdc9313b1f0eb5a025ccff7d,1,0
0x3f8473400a9d1949ced5b355a86571e98415acbb,1,0
0x3fae064afc96437718b98ee975eb453c07320a91,1,0
0x3fb15997dace4c1b873b6ead3db1b567fdd58b09,1,0
0x3fb54192875ec6ef1922f4159906f9fe97d5e044,1,0
0x3fb9aa87cc705480d75ca8a5ec64d825ed0c2c03,1,0
0x3fccb2ac6c3ab2c4d0cc201ee5a85bf563c00fbf,1,0
0x3fd005e9737c4fc7d685aba17d728776b2daa553,1,0
0x3fd35beb079012403af74455eb37bd90bbd798a2,1,0
0x3fdcd8663c898504a65773e8a7c2be37516d7fb0,1,0
0x3fe98335789b791db5bea29ec2b3282e170666dd,1,0
0x401cf15c7d41fba6f8d81dea4fce4bb075f5542a,1,0
0x401ece12111073b4a4f60b3dc694f3d993fac586,1,0
0x402550c954c4f72fd0e247c81f962bfb6a082b31,1,0
0x405708975819e5d85a21b88ddfa7cd7a65eabcf3,1,0
0x4064eaa347b1b099c685ef2a9a7b3ede40c0e888,1,0
0x40720d7f9bb16c8727406d218ff7a84922303d7d,1,0
0x40730004a28214db8aa8d648ace2b47b3a495d08,1,0
0x409e732f38d1722174fc4746e69b1077b117ee35,1,0
0x40a0bb02efcf9e2e169ed4fbd5205fcf7f007e61,1,0
0x40cc464235db94ad1e24644b668561b6930e11b5,1,0
0x40f578846ff6ae35a822e9244d8c50a281111500,1,0
0x412000ff7ac186d8907199e57bf960b34bad9934,1,0
0x4121689249fb7cb98a517ddc5bd57dfc64a3a19b,1,0
0x41268bab8ec6c860b247059cea2f65263abcb6ab,1,0
0x41324eb16e0405ebb1034a833cb8e5794b5186b6,1,0
0x413477d32ab5bfbb500e0027f71858547120869a,1,0
0x413c14d9e018e66b56c2e333d78443dfecabc240,1,0
0x413ec1cdec4bbbd1abc6d1c839b74b272edaa1cb,1,0
0x4147fcc1abd9fcf7df66e704f8d44df87fce412a,1,0
0x41527c7b0eaa8313bd8b774c60f036312d267788,1,0
0x415b3932f16e2714e3407a04fdde8b159dc96b05,1,0
0x41627ac06c0815d388925bc6c6d85231f9566290,1,0
0x41793ef75a6d11f1b0dc51aeeb8885a2d81f5aba,1,0
0x41b3ed5001ab2cf688a05f50a562cc8c8deae408,1,0
0x41d25e944f53774fce938b7fd336ed7bf1dd3bfb,1,0
0x41f0f219e3f055be815609a440eb1c3952306394,1,0
0x41f8f45f7b45540f7e9b5aca8065d676c3004530,1,0
0x4205e2c171e33f6626792b2c3d29d3628869371d,1,0
0x4209925b439e4de3c2f0c79eb3a5068b39b1397f,1,0
0x4210485cfeeb1ab541fdf40ee0255bcfba444a50,1,0
0x4227941655c7d736fe2405d81928571d65ff84e2,1,0
0x423e1342612ee1a88e44d471873534b6449a0e27,1,0
0x423f639528bac2d80ebf3c84962f7f7a81554542,1,0
0x42ad1088f6523289862b2ed5dbba60479688a251,1,0
0x42bfdb7bd5407bc982fad2d8d4b4ac3a35e6b8cd,1,0
0x42cc19697aa9ffe29c8d9ac3b8e5acc2950ff0d2,1,0
0x42cc5a08f35b85d9e78ec961e17132688621eea2,1,0
0x42d7d661704c0600cf155781058d07a74840c68c,1,0
0x42eb7173ed8dfb9da931eeed6bda5887e3d427e9,1,0
0x43080cc05be87f60150d6bb8c7ed1620582d9ce5,1,0
0x430d00c7e4b80e771cf26a17e03f1ce6da70b134,1,0
0x432c2ae9ee0992f8e0d7bccdcae13ab0bc514293,1,0
0x4367acdf2403adb0c261b5c469f5853ecd84b513,1,0
0x43727b8883992ba81e975a556db019c7368bf005,1,0
0x437330ee9982bf6eb1b7d272eb262fbcedc64d5b,1,0
0x4375f6feb6cb247aa070c694dbb354eb8bd598eb,1,0
0x43a234c2c9f698d7dc56cfb32b7dfac31f7fe0de,1,0
0x43ef034b7ee37999fca84b83ef9f5f014969818e,1,0
0x44077d2fc5b379840554167f3163aec890374cce,1,0
0x4407afac54edc2215db4252995cccf7946ef211b,1,0
0x44247e0de99415aff1d94db23f01e1fc0f56de1d,1,0
0x443c861d306aa7b618e49060c4ff476a89b120c7,1,0
0x443d84005f3f08fa7d7ac7e47fa8f333f483eff8,1,0
0x4447aa6530d2cc91778e0514fc0ae3edc53ff08b,1,0
0x44672258ec4556ba5b45b208ad959593ff33853a,1,0
0x446b4b5790c471737201008112673e575d0e63ad,1,0
0x447154dd6f956ce7143c686542ec1318769d566d,1,0
0x449cc5519d8179c599ff8e1438e9c13f91b04315,1,0
0x44b30a2c8f8711e32a3e08d9ab719b81cfb51c2b,1,0
0x4510a3badd8eaeea0a756698cb123bee0b94726e,1,0
0x451a1a6cbe31af25802c33120c8c8ea51ae0b29b,1,0
0x452b36a5c1f4103172fd570922b7ae8233415ecc,1,0
0x456053bfff892e4bb8196168ac1d6bc720c2559d,1,0
0x4563275e87eef55c914db6e45357f07be00e288b,1,0
0x45a8209ab0e224e72bbd3dbd6fed69e39a14d128,1,0
0x45ba56852ac596640355e9090db2594375f66180,1,0
0x45bf4eb8139b85207d593d09ac44accdde5001c5,1,0
0x45c9ee64a3000e00c5f57bf4ac982affe8975192,1,0
0x45d630b952e7abf74ef765c72ac5d046426d06a8,1,0
0x45f03149a8d9777d7fc55f658346ba03466f3618,1,0
0x460745d33ac53996c57ddae0f05fe03ca0f5f9a2,1,0
0x460ad35c886249cf0fd0a10b8fa70f5b9caa617f,1,0
0x460ff37d4d820854b0bfb2d855884df7b619e591,1,0
0x462bbbd98ff9bd45f1c52cb78601d50f43851bed,1,0
0x462f055796ee62f705e17828f70c65f6721927db,1,0
0x4647b31aa8b442da2d19d2a1345575a00b318c7f,1,0
0x467508c41bc4ab7f345fcec7244b8eebfac52891,1,0
0x46d858bcb02bf6e46c703417986ac935c7f9a24f,1,0
0x46ef6d86c1844b15a125cc6de8d3aaf3d2816819,1,0
0x475db810be4fe7965636fe4f08cf81e427d88efe,1,0
0x4796bf4d6cee9a7566fe16b8355ed93e4dae5ecb,1,0
0x47a629f884c498fc51e40290c1f190e8c6a6c7bd,1,0
0x47b504cbf33865beb09415252f90fe239e804e2f,1,0
0x47d140ad90a0dfd2176043675332b9f8a26c2994,1,0
0x47d312539f8210b334ddc89fd1694a086ae9bf7c,1,0
0x47eba71b631a6318b0fa2b410ce73dcfe7cfb320,1,0
0x480661b0facbf5d0ee85855216ec34b7859bad5e,1,0
0x480db0e03fd67a0b5072fa5151eb08ccef82ee3f,1,0
0x481355c565f144a3093b15f28cf1abe1e5c0a00f,1,0
0x48172f53ea5589dc86c7cf9bca41fbd68ad6c3c9,1,0
0x482c6dbd2cb24c100f3b5e274432a95eefb9bdbb,1,0
0x483964e112ceeb6ea778a2c4bbf368babd71209c,1,0
0x483d87134135cac1ffd39e16caef57f8f5841942,1,0
0x484c5e6252663ee6836db7801b875e39d071cc4e,1,0
0x485a736f20602bb0df3c548db21956424f4b23c5,1,0
0x48673f16b606c49ebdbbcb7d51032c432057b2de,1,0
0x48696553c8e312453870c71e3a4a3b7e54076adc,1,0
0x489578dc87e25313e644c18a72d51475fb854ddb,1,0
0x48a540bb12c2fd2a0834318da4a32a3516441ff5,1,0
0x48df6bd3b1e7ec0240a80e8113f7d95b4f29ba00,1,0
0x48f7b98f6ed0b3b47c3d6f51dba9e7b27c8acdf7,1,0
0x493ffed1cac8cec8146dbd12b4e80edd7a26a9c3,1,0
0x494ff8c3921d064b1c5195e4febde117b5d1c4e5,1,0
0x4991d1bab38ffb1c209c3cac181a17e9ea6ad20e,1,0
0x499e0c5bc38c0f32c96c1e7ce751b5d1805841b1,1,0
0x499fb05f001041919c42639233b895b035880174,1,0
0x49a157e80c12b4b43a44447b2cb40dae1a912100,1,0
0x49a1cce184ce3ea226ab66ad06b564daa11aa60e,1,0
0x49a58abceb824d2b2d226a2530459ca41788a8d5,1,0
0x49a6763e6e76796114aafb2a27a7563cb9564bee,1,0
0x4a188f6fc7ece395bc1f0158363265f612eefee2,1,0
0x4a362d7de010b2b69d751d1b3b43bfe43c488b1b,1,0
0x4a5c869c65b18a9561df9ae49e65be1d41629276,1,0
0x4a7e9a1762c33cb234ea6c28b827f7fa94c196b2,1,0
0x4a8f74abc079c1c6a7e561291911da0017063946,1,0
0x4aa6b59fa1d1a23836861238de1167819e34832c,1,0
0x4aa8511cde6f9990d39dab835c91fa2753538836,1,0
0x4af422b004d394329e9c7a3bbb78e46c5259d11a,1,0
0x4afcb6677b91e63558e55c3fb0276199057e6b34,1,0
0x4b0e967febbac663fbcbf9df85af8fb16757e7a3,1,0
0x4b306e5281b556b8cd435749a6155fa89cbdcd76,1,0
0x4b563fbeb30d25d7ceeb61f9105ba5c1f11787ee,1,0
0x4b5a0bb0220488fb2e11868ed781ae9bc0438de3,1,0
0x4b675e83a9f85c70faa89789dae4fce51df55ebc,1,0
0x4b6825d40a3beee6a50d9207a928edfb04ebbfcb,1,0
0x4b837988b7a78e148a6a7578946bb3942c58db36,1,0
0x4bb6ffe3f5c16a7b19000134e43a187d2d9b2ea8,1,0
0x4bbb161c274a89d65c8962efea530dcd03eb7760,1,0
0x4bbd1826cbba3630289843a370b42aaf443500b7,1,0
0x4bc5ec2b2c715100b4249fdae0633f2777e74811,1,0
0x4bdcba858dca35ecdc2a61bf0db4780e19a2d7dd,1,0
0x4befa4cbc29a0f8a5fc38ad46406903de32a5c39,1,0
0x4bf56d2345e3cafa02469d9ae29dbd99ab714bcf,1,0
0x4bfd956cd30cf427be4da7d69ffbb5985f4e1149,1,0
0x4c15557c8f368e49988c0ad01a818fcde37d9be0,1,0
0x4c28944d9f6f59cd497d85835f25c23a99b9d006,1,0
0x4c320da4c0433ab48bdbe024a5a02b3534626859,1,0
0x4c3cfbc1a946177191b12aa856d9a5867b98bbc5,1,0
0x4c5e335932d2fe75eca4ebe595396caccd7bf2d4,1,0
0x4c8d8eee76247a7740ab024fd488223f43acb892,1,0
0x4cc2588c7176493d0ea69ba88a61a100bfc25b84,1,0
0x4cd8b90c50184f56632c596b42567320dc1b177b,1,0
0x4cdee5a7acc9bf838e927171c6429156a7c77f32,1,0
0x4d22f983b3c7df1a8f1af234bc1b63ee7b4116a0,1,0
0x4d3bd7ff960ecea18591a140286e8a9e928dd480,1,0
0x4d5ef8e7cb44938fcf4855af9706bbb0410a22d5,1,0
0x4d7df67f782b15c3159cc0457156390e42f0678b,1,0
0x4dabd3f1fb30613c3823a94caef05533be151d20,1,0
0x4db4a70f1670af8ef0951dfa6ad8aa90979a25c2,1,0
0x4dcacc289fa152a46c731eec3ae036001839b4b7,1,0
0x4dcc8dbfccd21959e18dc6ec23f07d869a184aab,1,0
0x4dd67e6ec8a943de7a5d96d7372c9f476bca30be,1,0
0x4de4aaa78d97d2f471ef966abba3ee26a5233f71,1,0
0x4df13d8e2d7d3067460baef1124a6d16caeabee4,1,0
0x4df4eeb8ca9d8ff40e5b1d2b28180305dd7daff4,1,0
0x4e13e58902bd7bd60d13f35c8492138bd3348e47,1,0
0x4e200378a294e4e3cb8b5aa021d6cc2529b825f4,1,0
0x4e4f99f932cd35e762c7ae144a9aae84a90ca441,1,0
0x4e83c90aa6ea0cf11a57a707583c4effad298f77,1,0
0x4e8c5c6d5e17cb299819875055aed48ba7313a85,1,0
0x4e99d7dd210d2c7c2dcce0e2d3e1315864d146b0,1,0
0x4ebe1b254025930c6a03199d3ee0f9915edb288c,1,0
0x4ed6be3adcd596fc4adffb6015bcf6986445b5f2,1,0
0x4eda1d1f40912866cf0893d5170f66bba74404b3,1,0
0x4ef88485afa603c4b2b3335fb2ee868e8aad762b,1,0
0x4f342d7301938b6b0af8bdea303091f5853a97e9,1,0
0x4f45496dad60489ba24a27e5968726906e9f9a8a,1,0
0x4f559a0fa7f238fd04e471b78a7b48e216f2a747,1,0
0x4f653899ac6152cfa7058a9b5bf62acede6a955d,1,0
0x4f785f113f3edb50524358269cd2a56c69532e45,1,0
0x4f80b5c475fced34fc9a07ffccf39e1adc1406bf,1,0
0x4fac84d8459a80867b3e2a7fba0e18385441742b,1,0
0x4faf86750965b7779e105b6c17b07e6a14a75a47,1,0
0x4fbe804fe264802ee3332687f56abe755c265b94,1,0
0x4fc1115f22ed2574052752e0a498e8210d336d06,1,0
0x4fc50e3001c2f5d6fc71bfa5de2cb96965e0899f,1,0
0x4fc75007f7a2a44d337c58eee8306143a78da85e,1,0
0x4fd3dda405f9c3eb5992747950fb8b9b3319996b,1,0
0x500698e9ffdbfb399b188b92a8602911e65a010e,1,0
0x503287cd4d15d4f83cc5e5dc12c58fd406defbac,1,0
0x503cc23ca2fa54fb1d6af3fb905282a566ef1fac,1,0
0x50649a44392fc1f91210f0a27bd92005368659e7,1,0
0x506659e1a60b9c2007b719078414745d09e1a3bf,1,0
0x507a0584db073eceac762cc2b7433d73aabb75e8,1,0
0x5082cd5367f62ff51b7e2d419c6ea745c69acbce,1,0
0x50bc39ef835baa2f3854a53dc914da4c08a43af0,1,0
0x50bd9a8885143c6e823d4e39a30113b9b152f594,1,0
0x50dbdbff913fdda0f4803300332c5d38e683ed44,1,0
0x50fcd98045bda8ac820ad60f866b7ed5138fe6a4,1,0
0x511556eb5353f22eb10b6a61e62650fcade2d67a,1,0
0x512ada149783a45136745af4d6afdf2f4d16fa2c,1,0
0x513829be03ad12bfa9771d52fd0b311e97b18a04,1,0
0x51706d1402438b01207351da04fad36c0cb7baac,1,0
0x5184a072ece7913123835b28c5f7c46f5f36d752,1,0
0x519c02f6f601b5fd91be586ee97412fab8957902,1,0
0x51aaf6fbd0f9b070b9fbfb504937c3c3f554f23a,1,0
0x51ae4933c4f9b6544332b364d4eff937437d1c0e,1,0
0x51d2a42fe1bd67aee7cfd026fa72593cc3db7fe9,1,0
0x51ecbeea491ee08a19fadd3af47996558bd21b37,1,0
0x51ecf500ecc23285fa5eda279d769e5f2ba4348f,1,0
0x5219d9aad47535036d644b2aa2495c427cf0e7ea,1,0
0x521fc11e02ec3bfd1e0b9664dc180a667b46bcf7,1,0
0x523be46a399f0d3752c5e4a97bd7a07993939521,1,0
0x5254e44d8077e81939d4632cb9a262d44ee781db,1,0
0x527453776fd97201a8a98c3644de1e91a855e395,1,0
0x5275cba20fe85f0ef399ac1c24a217483e950722,1,0
0x5298436cc811ee8a1678325e6f95a03de15364cd,1,0
0x52a6cdb0fc8c34bc3bda1e7cd56a108b4d75ce85,1,0
0x52c1c05ce193836a09845824dc724bde7c6dd08a,1,0
0x531b8a6786d2ca3613afab9d6cc3a48877cd9a0a,1,0
0x539377582bfb2f01cd6204e00fd40ad44aedf3ce,1,0
0x53a761a3fea74296cc5dd84bd99ccdc948c86537,1,0
0x5423f8118384e4381df5eb088f6a0dc352ae99c8,1,0
0x5430638d7272fc8b82d6b63e7303b26f5c66ae56,1,0
0x54509a65fa72bccf7034b262301a1e3d3f6feb71,1,0
0x5480da5921dad64ceec729690b95bfefaf755436,1,0
0x549b5ca4e523893cbf51446d693449cd18e2119e,1,0
0x54aea6e4d52f6c5ff6e967b3ce430305828a982d,1,0
0x54f1fdafe4268d9e936bca995af922afd82aad5e,1,0
0x54ff471928afa616a7150c3c7dbbd37ec9d10c1b,1,0
0x55237b6be31904f82da11195139a1b7fbc4309f4,1,0
0x552fffaa39b2b50b7e4c42c467af8604cdf141b1,1,0
0x5555379b3a00da1bc4513ca741b3dc42a49cdf87,1,0
0x555d85e70a5ef5a96245312fbb9c9987e7a04229,1,0
0x5571810529522a1d77d268db3712a3e04d177e46,1,0
0x5587af34d5c6e9184ed02e55fc8d8e190f2887f7,1,0
0x55956407630e74c73243b73174ca3b7097c7a25c,1,0
0x55ab167e8180cd777affd0d9c0f7a00078ba211f,1,0
0x55c1d1103675fe5d997ab442c7b2d73af631ba4d,1,0
0x55c2cb39c90e39cb224393743bc410f8e9793844,1,0
0x55d4c8bf6e56a24b7875904a982b6764bd1b85a9,1,0
0x55da1ffd1d69ae674d42d070e0bc3af8fbd109d4,1,0
0x55ed2de4444230e816745e0f82f4db17a7a9ff2b,1,0
0x5604715aff5732dc6bd7e670c5934782dbcc4975,1,0
0x5615b91b204e2d5a342972b2aeaafb30ad3d1184,1,0
0x5616f4d263fc1a0a2efb21290ba4a7c32d5b3457,1,0
0x562316d20150fe897de550e019fc4c4bd8402726,1,0
0x5629e4320bdf5f1c1ed0970fddc4d58dd5076965,1,0
0x56332458c2a1e9a065cd46e31896aeecd8fb3ba6,1,0
0x5651305b3a8ca66158fbaa20005706408fb387d7,1,0
0x5667fcde4f9b2d7511e360ecb793c35ac6e21f86,1,0
0x5679bccd281c06435b558543d9163256750d15df,1,0
0x567b096b163e0bb5c74afb60005b33fcfbe3fb47,1,0
0x569c7f35a6d7735094103a6bd24f5ad0ff271f69,1,0
0x56ce748aa31adcff948d19e03922d00ff05ddeb7,1,0
0x56d613153767953668395caae5b57f2ec645b4f5,1,0
0x56dbff33c15e5e3011b8426be59b3e475cf07533,1,0
0x56e02a911cf076b2df318c0a7372cdd52f7c3408,1,0
0x56e6b5be68005682df28b04a55decfae0bd6b624,1,0
0x56fcdf3d3a87cfce4bca3ca0037255fea8da3135,1,0
0x56ff0315a5bb13043dc769ed33cdabe6b37c3bf3,1,0
0x57047b296d3036f0161b970e530d5dea7ac85d35,1,0
0x575bf0ab1bfa16790ba3f30c9712f5eed4197cc2,1,0
0x577f38bcf852c678fb1ca7945df9e2c1fb70a5b1,1,0
0x57a2966c84a7d7ebf16d06439b8b5be5519d98f1,1,0
0x57bc3f978f223518864eb05261900a1c77629a1d,1,0
0x5828b2535c0a72d6b82015a29ef2560a12e80978,1,0
0x583b106f963ee3323f588273912d93c50732083a,1,0
0x58464bc6e25adb82f3ec3d23fb5c2963a241191a,1,0
0x586f00754bebbada42ce2418df05dd848f82cd4c,1,0
0x5892af250d9c4f8a870f708b7c1befa77558b265,1,0
0x58a622d348307279f33b5dd083c537d87a188963,1,0
0x58cd5b12a58a794cc2956f213b4d4490728e9a87,1,0
0x58f17f28dd7ac600b872b3b35a00cf08d7eee83e,1,0
0x5913f17d59282284640ed050992e90f3a1ba7b40,1,0
0x597d65595e1031f9c82bdceb08f96809d2998f78,1,0
0x5991bd7ee4ef0ef79526bebf42963f22935130d4,1,0
0x59a2611c9c7e832528fecdacf0852f836eb693ee,1,0
0x59a6bdcae1657af5ddbceff96747510392d7675d,1,0
0x59b6ece4cee5f00c617031374402d2a0e1baf4b4,1,0
0x59bd359db4bea32f5cc03f8689d7f72aa088d39b,1,0
0x59bffe7f0f4cdda62890b8744ec76c3e7abe1bc1,1,0
0x59df1b55570a18c0c9cc510a8469a29b2e822a0e,1,0
0x59fca736f6a774ad85d92e23f21d6ed6f341af3a,1,0
0x5a1f36d12f99469a445361209a40c36ad33aa0a2,1,0
0x5a356b6f8ccd99e00af907c8ee3a41ef25e02e0f,1,0
0x5a3edf4f14c6882a7276575a7d2f621b3ed3e935,1,0
0x5a4cd524113658b6a5af23b0aeb1181fc56c0fbb,1,0
0x5a7a28326109b0a018a08fe15f73b62e184dd5a6,1,0
0x5a992192ed2c3cbce9733c8a5fe1ec3a3337559f,1,0
0x5a993e208084037e35767ab9b33563a352837a35,1,0
0x5af99d79d74a2f14e7f71af444dac47ab0f8edc1,1,0
0x5afcf08cd4b3fe4d4d1de2287afc15ae33ef170f,1,0
0x5b1586a2530208b6a9ecd69deb2786a3d23683d7,1,0
0x5b18a7fb25b9bf512994d4ca193893ca1b97d7c7,1,0
0x5b1f06aeea8d4c5d13b46241965fa9ba339dce70,1,0
0x5b831c4cbfd00b0e4705330630eaa2b53792b22c,1,0
0x5b8342053122dc052e4d3445b6b4fe0f4cf9646b,1,0
0x5b9ac892e7a579167aaf004288bb9e73a57e164b,1,0
0x5b9c44488a0465bd4b7377a019968305c5e7acff,1,0
0x5bab326b9d9b014c414f1e948c2cf445716ce8be,1,0
0x5bb11869276b7789ec16ca15eae99051845d6680,1,0
0x5bc5cd12b99ebfa997cb625c9e0484e8e7bbf40a,1,0
0x5be07c6bd4a766555bb8e38d413b176e5b05abd8,1,0
0x5c1679eb432be2d59548a8ca188e104159d1db8e,1,0
0x5c288962f02973cb4a4606ccad51b9ed5c492798,1,0
0x5c33052e154964da3d26c8b8610d508df050476e,1,0
0x5c3c5d9335646cc82429da231861cf7e965408e1,1,0
0x5c5197f75a98e2677b0991e588bc404341474377,1,0
0x5c533ef2bcda62c0f40518b9515fec8993f17662,1,0
0x5c6cf9c5dee04370b2aff17f817df6bd82273ae8,1,0
0x5c799ebd655831a5a484e2a47e95b9ada8515e5c,1,0
0x5c7bade6a97e1b6bffba9c9583f549f0749db8b4,1,0
0x5c884e6d406e93d8a1b36822acbbacdb44031b1f,1,0
0x5caf59c7eea93ecd0b6ac1916449c8a6832882d3,1,0
0x5cb8acd78703ad49d353c76b8704a125f102e8f5,1,0
0x5ccebb062fb4a59c8a4bf1b0b01cccd5f9723cc2,1,0
0x5cd98d91e3efd3836681e1736f781796426ab592,1,0
0x5cdc500ee3b49b902bbbbd6cef319a0857e06f6f,1,0
0x5cdeb90a2e41047de947fc5d9765d1b9316e4abd,1,0
0x5ced960d4d69ce0c24070ec57b87b84ea7acbf69,1,0
0x5cfaae367003a682712ec0bb6480734a4594cfe3,1,0
0x5d1cb78829693fd94cb69bb757df0b36141e463f,1,0
0x5d4adbee9b014b09bc33e5c6a71117135b4958ac,1,0
0x5d60efb039864740c67be5d47907e956f132af93,1,0
0x5dad00d25a44e5fe9e31602ba763af0c59ce5dad,1,0
0x5db7b9eb1d8707968fed39e6e968c47802b31ef6,1,0
0x5dda68f36ff335b82c6502946802163ad4cb1684,1,0
0x5de18c4d567c80a69360411470ed79ca4baeda82,1,0
0x5de35d99ba7bef2e1ed7de18ec4d2298f37e85aa,1,0
0x5dfd359e331b0a31b46026e21e64fdb0731fdb7b,1,0
0x5dffd99b2ddf534e6e5e02126f99887e865a8bcc,1,0
0x5e18d19a472365c77b46ddcad80ba3561c2cfab8,1,0
0x5e3d5be645f126f679d3c299f093fbe00e6498e6,1,0
0x5e6429493ee91b7a781be18a4e58f6cf96a31f7c,1,0
0x5e90b7bd1173e9376133d5535f9aa432771d5df0,1,0
0x5e9a2590491ce455ccf0181a35bd8280bbf3c462,1,0
0x5ea32c0e6c4aad63dd1bfaead6623959059c3743,1,0
0x5ecb9028d720ddbdb79dce212aa8718967c5eda8,1,0
0x5eef17a7d8d78a3833b3787bfd3f436676ae5cc6,1,0
0x5f2360870067d9bd71b89684adee92aa4a2892eb,1,0
0x5f35d8a1cffa3633843050039d5adb89ae74a200,1,0
0x5f37e34d57c00d5a8a64ecfda0ad614a46c586f9,1,0
0x5f4bbee81435ae17e8b01b3f933634432b1e7dba,1,0
0x5f78c89a507b43253cd08b0543383ebf33afc8c1,1,0
0x5f86a1f5f879acab42aa069b5d6fa7fc1a84bcd0,1,0
0x5fa1ff3118528052f8a5c718df77fa25fdfe3aab,1,0
0x5fb1030032ab7c766db10cf7a55157b7ca7848d8,1,0
0x5fb2b349626ac9137eed6570b623601dd792eaf8,1,0
0x5fbbc2fe36fc9ec87a21ad28d05ed55b56bfec39,1,0
0x5fe15332ea515edca7a79846ecad208d5e39d219,1,0
0x5fe6f58f389bbb45f8ae896d4de441ce51efbb04,1,0
0x6002938380bed67d16199196b3faa82d319e7310,1,0
0x6021fc83ae2ab5359469462aaf401a8e80412336,1,0
0x606126f763c9863b561ee322ac3cd67160509c59,1,0
0x6063c83577735cafe33f4cc30913a3f1e1a1662d,1,0
0x6065e20a2f9ed11cd6beacaa534835518598b213,1,0
0x6073f9e8d12b8ea79050dd715a0548a261f93032,1,0
0x60a778b195faac0d6bf35ff24acba878b1a1126e,1,0
0x60c29f719a7c99eff8e0849cccefd683cf11cfdc,1,0
0x60c7e57747b22690ecd2ebf5e35c4f7cf5f348d8,1,0
0x610e4e1e6120d78ffc1925d961e0efa4b7eb5c2c,1,0
0x613e667233925548c09980917d376e6ec922c097,1,0
0x6161d912dbb94e0e7c10b9cb9193fafdc8a54a92,1,0
0x61724a1920823565b7eb49b4d56827a28159da5a,1,0
0x6177dd45b152d39e4c20f6bf531a155e0b4a2ebd,1,0
0x619f1a7092aaa9a054354b38de82e8c7e9ddee81,1,0
0x61b57bb1f4f450196dcc0860bfcb6a718c9fa143,1,0
0x61d1427bde2b012f6ae29c94ff984119ebe53434,1,0
0x620d7beaacf88f959b961e54adf218382afc36f5,1,0
0x6210ed1a1ee7f5acc79a2e0cfe14d60ad43846f1,1,0
0x62297f7a46fdc70ae984d5041a7c4a0a7cf3f177,1,0
0x624eb487262e4177421f9a64a94eb3ce9e786f25,1,0
0x625157014f943da8b8d08c2416daddca91795365,1,0
0x625c9a9c9effcc4092872a215978158f915ff85e,1,0
0x6261bc7d07d1075a8928664733c733378bc6c07b,1,0
0x6276fe33ceb1a5d165bfa8efe73463bcf2c7e160,1,0
0x628d1cb27b09f127d66b5b962d1f9754b58dcb08,1,0
0x629257b4abc19855c70340eaa8effacb8744799a,1,0
0x62fa5df7f4923f1a6a29fbc8162e3ac6b6d6a232,1,0
0x62fae4d8e12ca3db07234ef77747c0cb37a6f3f4,1,0
0x63005412be6656c60008af390b250ed22d796fb0,1,0
0x630c72ae4e3c0c6b4e995babede6d43ffa2416d4,1,0
0x6317f828ad566b885c7ae6785c314cae78ca5a62,1,0
0x6384de33ca27e6ce9c86c2316cc4f8ce98def5e2,1,0
0x63b16fa2a5957ac3c009828ed28def7a2339f85c,1,0
0x640ba979caa5336351bc431117bbe24b37422227,1,0
0x6438a2bcc2abae37aebd6565b7ec3077e82150fe,1,0
0x6455f60c15f64a1a1ebe61175bc7a251b4db4c35,1,0
0x6473bc8af90e4e6f3417bc6f4e09acee6022a9fc,1,0
0x649890078da0f9219d73c35d648699252451c627,1,0
0x64a32f763768f5ced0d8334d7323807225f8928f,1,0
0x64a8809c6340d8014ab90326f4954f39b0b586b7,1,0
0x64bc6c0a969076c98e84046ae452faceebb99fd8,1,0
0x64e66ef3159a21b5c685b853ab654108b1f205f9,1,0
0x64e9c292bc3400d13b23bb8b3d468032577bdc86,1,0
0x64ead1e866180951e509248e3149bf766e1c5dce,1,0
0x6500cd4bf3b729f1688e462fbf08e2bc6de85eb1,1,0
0x657539433cd0e5f28d4651f2fda7ad39b3d91ed7,1,0
0x65779dd1d89cc2f77dc7063ed71fe9463f3417e7,1,0
0x65b7b363d4b5640e721c3896e2fd916aaf2d090e,1,0
0x65b7ff1830c2089b8f892f191a85c5073f55d1e2,1,0
0x65bd15774f34c3a7e09df262c447c5fb1c91a8d9,1,0
0x65ddf7a28093811ce8c24391ff29585055b676de,1,0
0x65df07bff6a7ad7ee0f3fd72f7b9f696f1d2a282,1,0
0x660ee2e183926d94781ac819feb4017b82bc4771,1,0
0x662529c598c9c6ca0f0b611899cb907cfeb39f28,1,0
0x66329e79249a39460e76333bbf24a96e17924bea,1,0
0x6654e5f9eb27ceb081101260a6bdb46c8827c4dd,1,0
0x6667547d94891c238b7c3c73659a0bcb7cd11c80,1,0
0x66693097570a7d9c3315a4a508c76ec5c7d0cf3b,1,0
0x669b4db76565725559018f30b2bd84cd11c0e1a4,1,0
0x66cd59dcc487e2fc0c4e2c0b8cca4fc32895f225,1,0
0x670eadb0e273af116e5b49d17dcdc71e05687031,1,0
0x670f2b7b813c0bc147c43e35d8d5a29ff95422ff,1,0
0x67118945a5fd4ecffad3441e5e6e070b5c78674c,1,0
0x673e3157016b19900873e57de96420d1cd69b904,1,0
0x675bbb658e04ce24ec241ed86e97f740613527e8,1,0
0x6788ca74455f44bd71158e47acbc8b1071c2f180,1,0
0x678eb2eb9241aa087ff153ab2e6b4e90ff9b6a9a,1,0
0x67907b2c56cca687f95a3bcf270bd1ba1111b566,1,0
0x67bd68838ff79f604633e6c48f0938a0fde81628,1,0
0x67bede3d498a7f5b45ed2f29d3c1dfb1e0f121de,1,0
0x67f8587595e86159ea44539fc463c5ae0a55fa3f,1,0
0x6814d329479d011c3f46130c4b4517a6d31c1978,1,0
0x681f956778d8c208c330e233c87bb57b2c0d4708,1,0
0x682a72f0ce0dc23e54e57881a657f91afbeb75ce,1,0
0x682aaab644598aa0f5fb4fa9c8ae7ac076c76ad9,1,0
0x685f06c4cd10778ad2298202ab79ef84b60614c2,1,0
0x689786fb3c0031efe79849291583a6f9f80312ca,1,0
0x68a797f6de86527fa181142cbfb9004d292d3ea6,1,0
0x68bb731d95442fee1062a1239f184d94fb753c3b,1,0
0x68d56d53051f7cc52c82d1af49d2b2798807afd7,1,0
0x68ea1a12ae8c13a7024a8b0235a576b1ea1d651d,1,0
0x690e5ca4db98fd6f61a9f69ca06de342ab07441f,1,0
0x69165e9b17060252e3a74d38fe04b37f3b0e15b3,1,0
0x69232e1fd8434cfe4e1b1bd9895e1e2588b0caab,1,0
0x696aa426a03e4fbf634e66559874716531a379ca,1,0
0x6971264c364cdbd352d9f5a002b48e75de605d19,1,0
0x69737ae8b073c0298c3b6807bfb8c1cbab402590,1,0
0x69a6a0a5f7f2373b5ab43d3f3838249410d27842,1,0
0x69c5997833809b77b2812bc94e36dd9af823aa22,1,0
0x69ca6e88bac333210b2df033348d7f0bb25ad852,1,0
0x69e9324fb4bc7db3fac456ddd6a37da27edad34d,1,0
0x69f8fab7aa20833b7d1c232eebb9ee85c4491ad7,1,0
0x6a06a174135e13cfe2827f019e95129e0f00c9ec,1,0
0x6a15175126083c8c9bfd7bc6eb2665097357dec6,1,0
0x6a2a13891b1dbf0a8f04b37f4f936d10add10993,1,0
0x6a50cc50c7dcd718ea7297de3f4ca267a6f0fd92,1,0
0x6a5706f6bba6e3f9611e534072ec374d57797a6e,1,0
0x6a5f5c69584cbd0e3c9185c4313579d072928936,1,0
0x6a7f3a11a9504d3e0f6d71dc16404991dae85fd8,1,0
0x6a9e80563cd4ab44b07824e8332d39930df11952,1,0
0x6b1ec5e9f39afd5f593cac12ad2a22edaa88d8b0,1,0
0x6b380b4b07616eb2e1956bdf735d5d6a8d37e9c5,1,0
0x6b626e882288b97107377ede0a6ece146c777cb7,1,0
0x6b7bd94f9f984dfaac21b3c51388964a7c6a778b,1,0
0x6b853c65c6b5070bae81f5af4ce7f603787ebcbc,1,0
0x6b8c213703e8bb1d3da380cc19421b43138f34eb,1,0
0x6bc1c5e6cbd92e5e807c91f4fdf4f43db52a4a09,1,0
0x6bdc0a2e7cf4a6a54788ec29c649bb75fdf77af2,1,0
0x6be2847680f0693ed35eae1c428a057e3e679975,1,0
0x6bea72dfcf8e497742ea6c4a7b4bfdd0c43e848e,1,0
0x6c193d098af6c965437823d810cdab103c2e4ef6,1,0
0x6c22f4fb3b35d59db1fb116c75ed77554250622f,1,0
0x6c4083ae177259b196318ef3df461b3e9d0b588d,1,0
0x6c43876956672429c065912a6025a5836f1fcbad,1,0
0x6c5d17b38bbd769e1ac6fe2c338c35198ccce954,1,0
0x6c76a37682b758cbd56abe429b3411b276003128,1,0
0x6c7d9b33b78e39775880894e7dd899d304d9344d,1,0
0x6c866ff3e6faa46dc4c5136a5feef0ee65021ebd,1,0
0x6c86fc718e553e9571be71d7b2d6521cc69ab437,1,0
0x6c87b03ad4966b5db3cce4a10d2fcc052b3bb3a7,1,0
0x6c8c4177a5252207f87289ed318cbdf8bb9338f1,1,0
0x6c9258895ffbe2178b3edefe09af304a1e99bf2f,1,0
0x6c981d1745daa84ab0da707263c44811fab8a2da,1,0
0x6ca21f00ef3a4985d19259aa0f119082825d329d,1,0
0x6ccb6a414c663095b0e2bf8473488f2615a72640,1,0
0x6cd7864607b7efd02c50880c2bcba564bc75211b,1,0
0x6ce7845fad5fb8768bb5f97653ca2c90ec5a9f7f,1,0
0x6cf9bd43d988394b25dd27f4acc7cd48beb2c5e9,1,0
0x6d0bea02760b22b62b69836f5c6655f645d33901,1,0
0x6d6d7801004995e1756f9c11d93e247f944b95e4,1,0
0x6d7edebae3042f87f8b0eca434b8196114acd72b,1,0
0x6db36f30639349d528c3ab6811175810a1ba9f19,1,0
0x6dc0f572f526dcdcb927aca64c3dfc4f9301bbcb,1,0
0x6dd06de4cf5e7c970d904f1959a211fb7648955d,1,0
0x6df373873d13dc816bf6a2c9ff07b2b9ffee205e,1,0
0x6e00b05c4a7f14e126719594b068fec409deee47,1,0
0x6e6063d9891feb344632c29ffd68e2ca694d33bd,1,0
0x6e886d7acc917e25b63a7a40d6945424446b8452,1,0
0x6e94ec530764b6b04ac6dba36bdd995074f17744,1,0
0x6eab3b33e8abbd0dfa303ef427e7978f32bced41,1,0
0x6ecff6cf7b8fc76903ba027bb639eafdd49b8d08,1,0
0x6ef122d01dff32f688b10db3155cb06b30d76c1f,1,0
0x6f1acea79d6896f54b8a2068bc451e0de6308f5d,1,0
0x6f3108ae24897bbe5dd540dd0e714b203745dce0,1,0
0x6f366c0f9edff9124bd089569d1a20eecd4b72a7,1,0
0x6f3f78aff7e99c2095a5d43eff0b78bb68fc90c2,1,0
0x6f4021d9ce416192dc183ef8b9ba6e7360481e45,1,0
0x6f5f17a8cd9299ef60952d377f65d109462233d7,1,0
0x6f6222b5818fe829ddfeb7917b4a85da09f22b19,1,0
0x6f701bd2dffb87601e8e070021221c2a3fd4083d,1,0
0x6f80d7be698ee356722e2f9ab44004a453c2fb26,1,0
0x6f8fb0985a21de999d360fd1d65c3f4463437d53,1,0
0x6fb8b82662e59a5f59619bbf9852c6f05d7b5208,1,0
0x6fe70f1e993b0f8576d2bf3848165cb1ebf8e846,1,0
0x6fe8178b63cbb172cebb4f739e5811ed314684bc,1,0
0x700561189dae4193b8e9adf88dc53f8a416b3163,1,0
0x701d5d5bda969299022cc115bce5a39665874896,1,0
0x70222bb4322804cae5fdea268c9f03423c4826e4,1,0
0x7028ee09dbd11a44248b0d9fc399a9961800ee29,1,0
0x70505b1f71bae20e85ba600e7a182477ac6cbd68,1,0
0x70a66b2384a15ae223e7598d476b8814a3865db4,1,0
0x70ad1c11fb1b8b7879bc0d69d54bb1ec11cf3cef,1,0
0x70bbf1735a61f84e8918ba77641bf72a9a9b5997,1,0
0x70bf464613f2ca5113b2b23139b1cc95cb17ac17,1,0
0x71012b870aa3b02b98c3c9b0f42992cacb1120ef,1,0
0x71053c2b18d091e0bc3b58aee4c9e4f47f8980fc,1,0
0x711f8e79aa6b26a1630ed7db6883a1f61abd839b,1,0
0x712e205a07df4ee9b8156738d1a9530da6f172c2,1,0
0x71384c9499f38492016fd76ab95ab89433fb1c2b,1,0
0x71683913559eb11a1225df3868eac8a7dd83cc99,1,0
0x71762d8dac7553bf94811a8ef12cfa06780675bb,1,0
0x71776de5fa8027d375633f25a01dc097d19bedcb,1,0
0x717c7cb1cc0a4876c02e40b1b8f5016bfe63c293,1,0
0x719dae87d51b65d37daea18684c448f523fcf56d,1,0
0x71a29c2c4d36dd7341e88fdcb28fe91a917e23d2,1,0
0x71a8e49490b149b7d05d81652c2f57b75d5d11f7,1,0
0x71accfb4e05e4d8561aac7fecbc151494c4e4d66,1,0
0x71bd3e4badf9809f3b9465ff0ef9b4d6bf928360,1,0
0x71c02ddc5b3357dc912be633883205f4ae6a3188,1,0
0x721cbdac393d1acd9aab422723c31cf26898921e,1,0
0x72310f903ac924e10f086e65d8a8e1bc8e947c93,1,0
0x724c87cbfcf2a5238a06054e070ad6bf45082ee2,1,0
0x7278a4d2972d718174f1ecacbf8d9f1dc29c6111,1,0
0x727a15011e6ec6002f4b021afac47e911585db53,1,0
0x72811a391796d1224115d1eab850116109708368,1,0
0x7287de43a12f208e0d9ad76d06c3b0776488485e,1,0
0x7295b1d808e70af00d92e0841a989b82a9adc4bb,1,0
0x729c28387a8e37f3365c2d873a36a6cf4802ccda,1,0
0x72a88ccaf7c9f500f7bc7bb45180f586d9d16fb8,1,0
0x72c878bba156bf389a2a36f5f8e3a0533c66d14e,1,0
0x72f9370ef7e03cf5117b31d84cdafcfb5714d407,1,0
0x730e991d0d860308f76bbc8c280ac3628ccf02db,1,0
0x730ec65748db18c7a0305318719a3ef46b70904d,1,0
0x7321aebe394e7d186e9d86fc8ac704e79dc4864c,1,0
0x732f98f3f2eb021fb0ec852b4e9f50deb1c51bec,1,0
0x733075a5894fac6174a4d5a42bdad86dad988088,1,0
0x7339da63dc36cc064c23e7943642a12292ce4e2c,1,0
0x733f0e0e410c1eb15fca7c1ce86f506eb56ca3d4,1,0
0x7372e892ca896141bf2b4eff109471672c5d1680,1,0
0x73829f617c04f545a0997678f7f258372f6dfd61,1,0
0x738af4f1e6a807d381678116a99b86559dbb8556,1,0
0x739dc8d1e4c9f32198de96a96232a9c5b6d3bdf1,1,0
0x73b4b8fc60179c7523c015ff48f0892671a15fd1,1,0
0x73d2c2d1bd921e7909d7abe6855d5f0ef6aebe42,1,0
0x73e50eb7cc83408a3e77d40a5fd1e84e099dff57,1,0
0x73edcf735ad1034bdac235fee87cc70e9bde5a97,1,0
0x73f24d41f4fa3405cd3ac8a5b1dd252cdef427d0,1,0
0x743b30f7f52554368b3f546f7294374757fb878f,1,0
0x744b006b90dc48a53f8988a2c7a76b97135358d0,1,0
0x7468cdacc7fb301c2c5c3c6c6a24e1e74bf55375,1,0
0x748508b7aeb61388740178478e843aa17b0c4ea5,1,0
0x7485e8b2f3cbb749ef3a52b5fc60e6fb8517f6f5,1,0
0x74abb0491ff67407fc34fc30d949beb733b84fbf,1,0
0x74ce6a1a473033add6d246225a51b457fe63fa27,1,0
0x74cf0e0da34348f0c75d1af7d18cc868bb7f0532,1,0
0x74d87be4e1ee5af1ff6f7bb443342642fce87c66,1,0
0x74e2a632374206f6450fcd0441fd39ca8763bcce,1,0
0x74e69e1318986bc9944137f68c3064e30f003307,1,0
0x752d5c12f524e0b4d27781f5c404804c757f5f34,1,0
0x754c63a8e3c763aa60b86c9be08b427a34d8eff9,1,0
0x755c370f7ebdc4c7ff43c4e2f6aab30c3a5ed67c,1,0
0x7581a20e143d1fb4d56d22dfef00b8e2d6725de2,1,0
0x7591b5105aae76ff8e8a601c151e5f7e1df48ce8,1,0
0x75942043b3fcfca165d2311664536e70693678a3,1,0
0x76108f0c89509d5d79c9375dbc2a1b970b094e2e,1,0
0x761f3197c13d74a09547fe14911044965dc13e03,1,0
0x762cd7597100e23c9a3f95b06534ed3920727eb1,1,0
0x7632c268d1cb877ab6200cbaa7703d9d8fe9cd90,1,0
0x7659c65ed9449c98d3e91a157d1bd695406cb4dc,1,0
0x767baf178dd65e8afae5af4dbd9a0ef37423ce52,1,0
0x7682526bbf295d244aea880a17e9a3d61c826a0c,1,0
0x768ed888ede1be38af1272e67e14d3e4e3b0428f,1,0
0x769ab85c737d559eca94c2618cd05f94c2dd9d1c,1,0
0x76b1c03e3d1a00cdebe355a7b61e818659733ff8,1,0
0x76e238323087472fcebb6863015caa0e684f180b,1,0
0x76eab94acb86d33666b124d64f63e0d791c5ee31,1,0
0x76f057fdf0a196802ae6c56d9fd4d246bac29ee3,1,0
0x76fc9ca4de8ae755b3d7e881003e41633a0ad73d,1,0
0x76ffa9e2590f395dca376fd3ea110eeb05b8fc2b,1,0
0x772441fe9b28f1b92f21f8c8238a819665f55584,1,0
0x772697bce6276dea7e74251107e0bbe6ab74417a,1,0
0x772cef81bec7543ecf95eebe0fc23a14e34e8a5c,1,0
0x7743ec1e334bddc7433cf2dc8f8e923b89dfa167,1,0
0x7753cbd463206d3ba6a0e49e945a20190399985d,1,0
0x7762ba29b70bb197cce7e1e55c89b9ea5b7b07d6,1,0
0x7786ff0f761c34a44d2d40551bd5502ad93957b8,1,0
0x7789643ca71190a1d3e6b226cc07452df8b4e015,1,0
0x779c7a7e7af5c14c3513db5df8c713fab36119fa,1,0
0x77b74def8a3f8e7d57b602a8eae90ae817e72781,1,0
0x77eceb7be682f500fca23bfbb1780af8f6e0d63d,1,0
0x77f79caec0052b520ef892b05702d4c7b955f57e,1,0
0x7800c997a3b37f79d91c7b0ee8ebc2390384a3e6,1,0
0x780d1ad5d26113a92f7124560606c830b1ceaf6e,1,0
0x781105b49a888aca5377db82a6f26146e07668d9,1,0
0x7819c06b42e33cf34ea2ce568df165abeca31c32,1,0
0x782d6d2a4b938943c696e33cfb5aa0f8eb48ebcc,1,0
0x784061aeb80870a11b68b646b3e4c4bd8da24c70,1,0
0x784a8d20d4f6fa76b158fedad6a4306553da8022,1,0
0x787bbbd6f8f7b10405491b935f9cd20b5406a798,1,0
0x78992abc85dae4878508c3846c84ea1bcaecfe7c,1,0
0x78ab749c6dfbcaa9d82c3715a36c0016989e0e68,1,0
0x78c77d0888fa2eeceeeb026c21a66cac310a90c6,1,0
0x78dfa53788e4f4e93f0a9b986b9eb095e2d477f8,1,0
0x78ea2a6f423a42826b8f34f3fb8a8aa03f5ab728,1,0
0x78ff07a006293a826684e458de29e408f09838ec,1,0
0x791ab4009b655cbb660f4915dd5fe6c4c3d02fa7,1,0
0x7929a3b7b1066fabe2eacfa99ef82df29674ecfc,1,0
0x792fcaae79a20b3eb7a3a4d632e3f789a7e01f31,1,0
0x79386b2b6271176adb80d758b4df6fb8a70253bc,1,0
0x7944cb9032a672a1020ccc5d6286afb808cb3ce0,1,0
0x79543675186070f3cc18a3ba6cae883ca495e153,1,0
0x79595a97ef7e1fae7dfc2340aceb8aa12aa26b77,1,0
0x795a5a6ed365111a62b0d8db7125d8ff95ba0310,1,0
0x79674fea35ccf3ed7c08342a890e0f7e06997e45,1,0
0x798f6cf9f1ede3e704ad9660aa2ef5ff8abdd87a,1,0
0x79b6ae52170632bccd0e162541deecefdd4df2a0,1,0
0x79bdda65c706cbda69c0ad4c8da1d3e91724f48d,1,0
0x79f0ca4d4da556911aac711c1140c89646e380c6,1,0
0x79f14cd937210d2b2e23cb36205befbb844941c4,1,0
0x79f999b3dfccaaa087924fef28c4bd5fde37bc89,1,0
0x7a09e2a465bc7a63ccb39bd151e73b2c1d05550a,1,0
0x7a13b213ec0b23625343290a097f98d09f665ca2,1,0
0x7a1fddeebaf637a3073cf318c0159fcf19c1ee2a,1,0
0x7a487ad9891295a675b179f570ac1b97189904af,1,0
0x7a4f0c27cb0c6e8ddbc4503d86c4ec1d96705f2a,1,0
0x7a575fa6ae9c6897150badfb4b6490b629c22aca,1,0
0x7a5a55d0dfd566b23993756714853a15c6e4d47d,1,0
0x7a72f1bdab8b996a9176da872d1452cfaf471612,1,0
0x7a99beb568a964c9542beee5d4b78819e1a64252,1,0
0x7aa623338cd8780abf48f4a638ca5f2fa03b3310,1,0
0x7ab50eaaab79e206a9b4f4f1bf655cfb3a0c3553,1,0
0x7ad35674e4c4530b2fbd1e57f22941237bf56be9,1,0
0x7adbc9c8142d30e645789de841559a8b96b1d63a,1,0
0x7b0321a175c7a313bde2419ab61b8b6347e6fcb0,1,0
0x7b433c30c4bd3b1fe05180f185e281b5f8385cc4,1,0
0x7b48f5e992510c7bb4300f395dff1a72fd09c2b5,1,0
0x7b5e3f8607907a1c13c37325a13c3a3d87aceb03,1,0
0x7b95a1fb5cf94f7ef79f961a8f5afc1dd87d3832,1,0
0x7ba431140a1aeb11b49b39e401fb8ef5e8576a0c,1,0
0x7ba8130a9afda396ffbe2e846ec5ecf03edba082,1,0
0x7bcd66fafb1245d4b6cabab26ced014928aecaf6,1,0
0x7bd8a9cc10173815801b4d05baa462107b3ec24e,1,0
0x7bded9ef1903fd11c48b74ce12e7347d631d3ed6,1,0
0x7c1462c014d12ce8114c8d20897746e418d0609c,1,0
0x7c2b7542a71ad0a353400178f23b07e056a6ca5d,1,0
0x7c3632a9502abd17184f902242b3ca837a7a299c,1,0
0x7c395465d3c271ac6e1151773bc96420aed0618f,1,0
0x7c4adaf8d596aba67badd2c4798ead8ce26757ed,1,0
0x7c5ddb0c548ef5cb2dec1e86fee8540cb2b1505f,1,0
0x7c74c6b00fa78481ee070d97ccc725387cb9db42,1,0
0x7c7edcfefd59982e3aa635f4090a25539bb1ac3a,1,0
0x7c8632186d15963761f3c5b54822f3961b02ce3a,1,0
0x7cbf57d5a053c1fc5714598ddf759aadc6e7d729,1,0
0x7ce0b7219755c5a1ebb768ed3b8ed047a2992100,1,0
0x7cfd57f400d5b07a2700db1a15b918b28433f884,1,0
0x7d2a137e5a270804d5f3164e6c15ae0b5b7aee6a,1,0
0x7d30809871e5f4dba5845fc5cb2c362a9bfcc01e,1,0
0x7d3590b478d3afbac0056bd3a4628ea1ef57d822,1,0
0x7d489fa859a364e23e2adc3c2e953c6d90767823,1,0
0x7d5ec303ddc739b1a71e03f0116824e808b3e79d,1,0
0x7d66fde010d4746b1d8cc45473ca65fbd6a6b4bc,1,0
0x7d8ad176230b1cb13414d0f282932ed699c0a84a,1,0
0x7d8fcebca72f94c63170bc0602b55929ac349530,1,0
0x7dcacfa42fe99d722695e7b353a019cd6ebbd6fa,1,0
0x7dd4b503fac32698f2a013f79df79dbfd49e5300,1,0
0x7dd5ccd42cbd0e6216ba1b92f0347cf638ffee1d,1,0
0x7de0362fbe8d81c52919d8df802dcca84a2106f5,1,0
0x7df502175620af454ae732a43ec8ef2f57a7e2f0,1,0
0x7e029e50be5ad68c0fec6c4e8df7731f2db7e310,1,0
0x7e0eaf02f1ef49db478ee9b0f26445692ffe3d78,1,0
0x7e17ae9810d037750ee33922bb1de2cb30e427b9,1,0
0x7e4bd09691be355d148b922fdffbd4867cc31900,1,0
0x7e543518cf8a23abefdffbcf5db55e68ce0fd4be,1,0
0x7e580b91b068cdb4c48e5a893d859631f71a3569,1,0
0x7e7f205266c9f85819be9f5fb53a78a34cd56a65,1,0
0x7e9e40fa0350bb2a444f17ea21b4e75d817c9d4b,1,0
0x7eac79a4452cce650993ae53320d7cebea6262f5,1,0
0x7ec2873df491237570f48d8cc3f841a2657e28d1,1,0
0x7ec3183b3a47223b57d5125e7640598e84154875,1,0
0x7ec4c46da1268ded8c69b3009ab268a6f2966bba,1,0
0x7ed3d34a1b92a932a1864cbfb76a5a2aebc39ed9,1,0
0x7ed45c8d952ecd6df5d8fe5ec5ccdb545e10ec8a,1,0
0x7ed5335d57d7a969ea05a7fb9ef40c2faf5788e1,1,0
0x7ee7fdcd4caa3e4b49604c82e3220d87cb1e92aa,1,0
0x7ef7c932f8f24bf6b2705241ed4a17990215bc16,1,0
0x7f28f610047c8f7c1e3eb5c937de92d62380b937,1,0
0x7f584459a65327456453194210d17eb78f9b3e45,1,0
0x7f633fe9ec56dd33672b0c3140a5e34cbfa32211,1,0
0x7f6e00bdf4f3e44094651a3729c126868f94395e,1,0
0x7f7533665bee3ba0cf87b1dfa5ac4b92a06241a2,1,0
0x7f987c46fa5ade0b9afe0f9ae2ea50e0ecf9c228,1,0
0x7f9c827d0ce70f88e3e562848d1df89fc382a2de,1,0
0x7fc2e2246c7c34d0800e96963107bdb46874fb25,1,0
0x8003378a0db6c3d2c0222ef964612ae3e4832550,1,0
0x8009f2397864d61487b709441fadfb8235777611,1,0
0x8025018d52104a312101da036e8b5a38f52c7111,1,0
0x8033c3a7f9364791e43a0371ab7c9cd6238007aa,1,0
0x8035c00fbb71845cbb9d571db2da9c0c747374ce,1,0
0x8098e3406d9ddd7bdfc230cdae7b555dc8d4ff7f,1,0
0x809cd0f0149280319d0d99c139513691cb5b610c,1,0
0x80affc8200c852a614a3a1006cf32285c15b218d,1,0
0x80be7ac6593aaedbdbf5472966ff9baf30b32753,1,0
0x80c83e758fd5e10f5705a6ff5a3ccd7940654f3d,1,0
0x80ca4448af6958e5d099df87cb235f4d18d2e011,1,0
0x80eb85eccb263acbe3aa8a35cdd4b9d1fbd6b256,1,0
0x80f16185adcb3a6271e94645a2d832575aab342c,1,0
0x80f7c3f511a13fbcc237c2a9e107b9bbf2bcaa49,1,0
0x811e2579e6dc621d3a58a3d891ff1be55679767b,1,0
0x812e4b3483bc970df46bf67fe53d130b09015888,1,0
0x8178cee2fd5caf00512a182cfb9b3afbcc7fb72c,1,0
0x8192acfff7b00754c29e8b468f007336f4a80718,1,0
0x81a1c1b610b58ae1e87eaf50a5475f7093682d70,1,0
0x81e7b867902a37330f64593a4c10f6215eb079cf,1,0
0x8206144d919ed72c49016395b376be5846beaba2,1,0
0x8233650230d3709364c4cb49240c9a9df1bc47ec,1,0
0x824652881f28fe0e72786c04b8c6686aa0725a9b,1,0
0x827439139438e94de596cd7200e21639d4b5c650,1,0
0x827bdfa9311817b87c8b428c271f4b0585022ca9,1,0
0x82e5c6daa70db16a5016497bd6a93c2029455b1a,1,0
0x82e8a97c7a68d210954564e688387edb6f498e7d,1,0
0x83035fce09ee44d146775fc6c408167f75abe77c,1,0
0x8341bc38effa140be9889b3fddc24e7ec9c87337,1,0
0x8347fab00a8ca940bb2c4cbb515fd2e772dd74d4,1,0
0x8348aa3903be9c2503d0450dbaec07f0c15e216d,1,0
0x8378c4244503ef7278f85743bcacf7bb9b4eb883,1,0
0x83865ed0752720f9095352021f2290d58ece383c,1,0
0x8395c8979bb81784d43530bb750c06cde5810b55,1,0
0x83a6dc76c662e035f2a7396560f91ba4ef669009,1,0
0x83b3f813cba118062e7e660f2e9da9ce1246bf4c,1,0
0x83c3089151b6158f80179dbaa177c801bdbea6f6,1,0
0x83d15bc81515e709ef8a4bd66a637062695a3436,1,0
0x83e6df4323a5699f7be6c1767294dc0ca9beac5a,1,0
0x83f7eed0a8bd2f44069c4a3197adf737be79c22c,1,0
0x83f9ed3e457e93c5f1000926c8aa9b4e7b770784,1,0
0x83fb507335788391c903c2132c02ecc7bdb5c0eb,1,0
0x840d823c3382aa93298c0ef62d0fdd0ba74e35bb,1,0
0x8439a73cbdafdf2fe9262d5b37ae30246c1229ad,1,0
0x844203780009ed82a1d2c9c220f71f88091f018e,1,0
0x8448ba0fdc5f48eac67278655afd1cea1a268412,1,0
0x8461a83e904348b2e1cc52ddef153bd64f25ee25,1,0
0x846e30e1ccfd32f5b7982be286a3f35cd8c8d1d6,1,0
0x848a38b5d3935e1292afd9c2fcb4a7c22d1e9cba,1,0
0x849fd3b9b1b800f034e87d8ddcc4e345c52a6028,1,0
0x84b43df017cb2fc544703a61aa751f2aebb0954c,1,0
0x84c7e41d662de34981a7b2b7181be8f85c48cb69,1,0
0x8512ece7abf90bdd7ef372603512609243a29d96,1,0
0x853bab6d4707f3ee7db94ec969d08cb52535dff1,1,0
0x857dea2953559d88dd405588847b4e4b8b65193a,1,0
0x85d232763f1695ae384a54ce14d291ca40be7744,1,0
0x85d6808fedc6224aa237dfa292c89e041f674972,1,0
0x85fedd824f7b68dd1bf0fc325bceeb1570f7a251,1,0
0x861952a9e114bbb9dd3027fd007195ed231295bf,1,0
0x8634063672f3b17990fca6faa999447131cf921f,1,0
0x8643744e25f681deb43a7983a8419c9dddcc2464,1,0
0x864adcac817cd82db7dedd17db0efe7ec19e6742,1,0
0x865bc00e99c6f4bb0d11579688f88204b8ee485d,1,0
0x86841f565f79ef8cb768ed95bfc918dd87314748,1,0
0x86851049355b8838016f1c7ce53a044aab755319,1,0
0x869f672770acf98b37cca571148da24be465d8ab,1,0
0x86dc2855c5a49b1e2f0ef159d082fb2d61acf806,1,0
0x86e451617515414e706767574d86e892f3a3328b,1,0
0x86ffd5b0c5635a91caadce419a84226d074c7921,1,0
0x870cd82578453e7401b1572d83359cbd69d09c3c,1,0
0x8710e8cc66883267d22677dffb840a05a6abbc23,1,0
0x8724c6c0ee67ed2fbd092a5731666f156aef2953,1,0
0x87382bd94e9a43a87b481908df35cd5d7eb828f0,1,0
0x873d15b9f8d7346cde8eb621726f7a5b463e8729,1,0
0x874827edd7c2a21a8b5bea5dac972380b2fd09fd,1,0
0x87749bc4a4fd2b4660fe152bb75ba04a3c919f8c,1,0
0x87763c95d2f823d242ebd9e78092638351404cc1,1,0
0x87af0aaf5792a3034597cfbb12a6d3d5da75111f,1,0
0x87d0d26b053d75b8a947dfade7333b6fbb137de6,1,0
0x87d5ad0bc494833f84be0dc8596c8009b3d49949,1,0
0x885b85ea168634972fba60e63dbb2d0c62299282,1,0
0x88706857beb2e831ae3c596aa758a85c40de2299,1,0
0x889bc36ebce89d1e1312291174783e29f6b47055,1,0
0x88bab6f5c4e5efac2fc49de599f1618e7987afd8,1,0
0x88e9c95ae56500754469d9909de39e93b51a62d6,1,0
0x8908bf718a1cfb8964de53bc6512bad3aed12ebc,1,0
0x8916236d407f2cca563f19acd4cdce71aa08db36,1,0
0x8957c98b3407aa10e466c218422c63abbe5e6f13,1,0
0x89649fe923d5ff30c1ce66a690947106eca8f350,1,0
0x8964ed30562d88a84bac836e28465172f1884eba,1,0
0x896599228e6cdc679154d2c357c6aabf7cbd0c48,1,0
0x89659f92b4ff2c66765c77ad74874e22299e36c5,1,0
0x89938eef7cb2dda6f83960055cd3fbda60315be0,1,0
0x89fe3e43644e1bbd509120a1bcb9e71e0367369c,1,0
0x8a10f89505f9e6f6e70138978621fa6f94d89bd8,1,0
0x8a2ea925521c111dad7e328a32c238898589cf3a,1,0
0x8a39a1828bab79a32d1006bcc780e1e606b3657e,1,0
0x8a4d0026363ee9fb9c65156c7a0de19e4eec0ee3,1,0
0x8a56fd5e8260f92ffc1ffd33bd7df105a71650b3,1,0
0x8a6d0eb1c6809307bf1249e22920fc3977059a58,1,0
0x8aae0070a045ac01b7a20b55529e5bd2734a9602,1,0
0x8abac00e2f584775a4d442ec5fc78ffe94ef5135,1,0
0x8ac9d816d6cb54ce7271e68b668428610fc79783,1,0
0x8ad25e6f512dfa6997256a2ef47dffa2e2f1ece8,1,0
0x8adcc1d1fb199a7546d14a6382a71bd531f0fddf,1,0
0x8aeb280b3e4fbce93148beae79f1a86d50a2e5a0,1,0
0x8b04e681f4b5a860abc15fa8361af2ff922455b0,1,0
0x8b1f7a5ab3a65cfb08fa7a48dd1a404cba739aa4,1,0
0x8b329cf2fc86517d2b7ea72b10d8a42f112addfe,1,0
0x8b627c999334534f11bace47e9da6833e32d8152,1,0
0x8b715b4ac8c45b259fed1bc78afa5131e093ddfe,1,0
0x8b72002387ea9bf83a80d9a43c0d51d88bf4bd67,1,0
0x8b984cf651eff7124c2e722cf4667c76dd49ea44,1,0
0x8b9a9ed60c03d4b4412dbab51b21f86861b8f5a5,1,0
0x8bcf73bfe8619453cda05d1bbeb9653eb1b8710e,1,0
0x8bd1911dbc3d10dd124b94ba10ba2d11697b3e4e,1,0
0x8bfb3d683a1b510e15ae65da55244a244076869e,1,0
0x8bfcc6520a26dc34f9e5b42560c0baa04544d97a,1,0
0x8c25d91c2c30802f5e9107ca042dfc4015199e91,1,0
0x8c3144ea69472d9afabcbbb00ef78d8560c61230,1,0
0x8c3a6a4b8c32035aa26250cc09bc8386ca243a21,1,0
0x8c4290224e9dce6d95fa76095f8ccfd55eb939da,1,0
0x8c458eea4ae65f5e934cacefd7615cfb45411d09,1,0
0x8c48a362b3b002f0d3e0341cf84459166ffbf9c9,1,0
0x8c8eb587906e2f647df2e3ce8e2456227960c6a1,1,0
0x8c8f855b08259f94f747b07844f046197cda32cd,1,0
0x8cad1e6427e3fd944e04910d3a39d9c1c88044f5,1,0
0x8cb4f63a91267dbe726c8e986e301f01521c1fbe,1,0
0x8cb7adee3d922de340d1f7459bb8544386d1a550,1,0
0x8cf335d0d088b3dd6ff92f280af4a8724ea48b5f,1,0
0x8cf6b77aaaf8d5254c4c228f034a72a154292f79,1,0
0x8d1df02a28804c98ed2ee2a79bdd997aef02755b,1,0
0x8d1f338f8abd714fd09ec13c100a0d7df693cd5d,1,0
0x8d29ad98c43e3c65141cbcd9d3da526b0654b382,1,0
0x8d2dbfc3e889121438cc2ac4c056c71a2ac85b87,1,0
0x8d4d954f01eaf37adb25a7cbe3730324f49b29c4,1,0
0x8d8701c5aec4f1a45b107cd5fb007975b0051823,1,0
0x8d8f7645c690c4d324ebdf84defe53799a497897,1,0
0x8d98725d023a519fd026ac5eb064f7d9e267689c,1,0
0x8dabb2288c485fb567e9de17f8ee52846f244702,1,0
0x8db8334ad001d8fc3377ff945bdc5aec4bcfb2f4,1,0
0x8de5159e40b97562d4583b7492e3b027a320974b,1,0
0x8e12f54ce0e855957b77f0b0ee38e3d3cc1de80f,1,0
0x8e154e2d4ca64f92bbbd9427032939c12e2262b9,1,0
0x8e1584c17c17560caedec901ea0738819a0933f4,1,0
0x8e87492fcce5836374852909c3a310ed2f9e1f72,1,0
0x8e8f4b995303f4d686bfac9d9d76869e9abb6317,1,0
0x8ed5d41fe27e61a0edabb90d0164ff9df00b56ac,1,0
0x8ef3369e6ceac4366583b9455e59845ab55bf52a,1,0
0x8f156523b4a8f326fe8ede27a5c2e2812587e889,1,0
0x8f15d765690bf5971b09beb472f75a32777651df,1,0
0x8f3950b7f696e5f8653638d85afdebaeb5309bf2,1,0
0x8f5457f7776191bc2381e6ce63c10c9a87c61abf,1,0
0x8f572e8ba359e3f36e25a738e77a2183ba499278,1,0
0x8f6073ffcf8e4a5f90ce473c3ce07fcfa07d1678,1,0
0x8f68ab4377c626e49a6d24d54ab6f5d89c925f7c,1,0
0x8f6a166169096b5dbd2dedb37b3907f206bf8b8d,1,0
0x8f6c94439fdbbf15b701120c0a4316a0f400fee7,1,0
0x8f8f6d9ad970d9144f0e925089b9f6995eab63ed,1,0
0x8fa4aa692dfd83c2bf6877aa9b1f1fb12185f3fc,1,0
0x8fdff23c954e6bde1805e173f1fd3961a9118d7b,1,0
0x8fed92bb766c7eed0e29065ab25e769cd636a63c,1,0
0x8ff05103f5958ab50ce2b95fb228f1d23a96176f,1,0
0x90104c10cf2a4e91760b10647ff0a085f58138bc,1,0
0x90208ffbf774d70b1433f6d64709fdf62104f77a,1,0
0x902bf4e186ddd387553dc8f1ff4189000709fd71,1,0
0x902c758f44ef6a5a89a582f5d0e72a4abeb0ce17,1,0
0x902dbb5b612c2f243f10124ac529000d1054f9db,1,0
0x905d089828dad90e3b30da133c17bb7da19542bb,1,0
0x90682ab7de70165dc4d4347f20278417461db1c4,1,0
0x90980ed3c4a8642237eaf7487b708c94f3c0df53,1,0
0x909d99e7f9bb43aea424575b2e108d8d63fbfa9b,1,0
0x90d4b5f0495031498c815f48d4a02038ceb400bf,1,0
0x90e8a79b1a84398988be39ced94a31ca3a2936b5,1,0
0x90ef0746456350891d53cf96b7d8ba59d43cdfa0,1,0
0x90f473a9b885d41a115d8b8490f981ebcfa8e876,1,0
0x91180e5eb22aced5ceb6478bf30a0f9740f89bb9,1,0
0x911940bde14626eb028cda4e177533393b77ef86,1,0
0x913e15b622226e6aadee885be46715d02420e5e6,1,0
0x9171d6f0abd0b31bce6768f55c721430a305c2ce,1,0
0x917e6b7f23f56b6a704519e456764a4a1c979513,1,0
0x91a4ea7c4708e3940409731514d2b742544f5ce6,1,0
0x91b335d66b9982c39a09d15e9e122930ef590b67,1,0
0x91f7cd9d2aa4cd69479080f52854f3b4a3e65168,1,0
0x91fb78a899d7c821b63dc06264e0957ed6c63183,1,0
0x9202bf22605fb429af0add0428f7cb4dd8b6b26c,1,0
0x9203740e4b396802559e73b1539db936e2cd70b8,1,0
0x9235ffca7616fa6e52df5bd935593cf33f6d2264,1,0
0x9244a2fcdb70123b26207e04472b8d440ea273ae,1,0
0x9247c36850f5e64d3f59c54dda2cd514ac17c0c4,1,0
0x924e66a8dd71b6177e4a6b3a24e6fcb052cc5738,1,0
0x925e22305ff7e5facf8b99ad056ad86659223e04,1,0
0x9289b6cceae5381aca72fe540b85e05ac092c0e2,1,0
0x92af43a456238df7f7ce76b796beb6f62caacefa,1,0
0x92ed56d5b1527c93ba8a93887b00d6e7d32ca988,1,0
0x92f36e77178bd00cff3c15ddb58247594992d13b,1,0
0x9336e47df4a432164aba9c25f82cdce692429106,1,0
0x9346f468b03f44d7260d79abeffda18439faf1b4,1,0
0x939c66094a316194d09cd6e873ecf239e1f4019c,1,0
0x93b1cd2a4063d889f9219c4bcb50c4c920670ab2,1,0
0x93d7994bc070d63ab9bb181813f9273fe167d8e0,1,0
0x93eea2ce693f165f2f9e2fe54ecb2b0cf516bd0a,1,0
0x9438616a31c70bc82ee347df3809d5966209d29c,1,0
0x9441686552bbd772af2406e4c0d465d06d6ddcc7,1,0
0x94474e147ca0fa85ed4fb06bddc7c10eae39df02,1,0
0x94733ac30db5a37b4777cc08fe3243bc0b41c8e0,1,0
0x94841d5154eec3abbede47fa7555adfaa837a054,1,0
0x9486f01ea5765304210340c16d0fcb53b85efa16,1,0
0x94944a3df445268296e4d61f8810643ca434d6b3,1,0
0x949e8f8634fbd68979dc195d79c10440fcfa6868,1,0
0x94a69f4824d054b0a848934bdb69f456d9c17929,1,0
0x94c87bd25190d493af0a803d47b94098fa64e038,1,0
0x94d50de6dc4041fdaf5b0f1586885b491d93ef16,1,0
0x94e3c03005177ab1621de06e1559e72e69bbf6c8,1,0
0x951c2b8ef1f4ad4996e8d8ff8a029b3bb5c1121d,1,0
0x95235e5ed33ce1027a9c5eb6fd9e33330dfff77f,1,0
0x9523fb11126af79c7098ba6556347094325bfaea,1,0
0x952ecc347bee5ebd22d4ca422c90ae0581829990,1,0
0x95314c8f4bd942e4109750bc2b0f6c2d257f2bdb,1,0
0x953f368f1013a40a8ade7b2e3b8d73e9c7e1f701,1,0
0x954dbabfe2b46f11c65f4b3425345bfe1e240ec5,1,0
0x9582cef2ac3ecd4638092e3d22b9f96411950972,1,0
0x958515cc358ff42e34dc692aa249c9feb9605e72,1,0
0x958e878482f0d63a45a821bd99d91b2f2736ac3d,1,0
0x95ad6dcd7460030b7adc9e466f39611942b57939,1,0
0x95b0b3bfe31b03d759d8ab7bb3be661f6e71ec84,1,0
0x95e346daaf1cfa6570af19dee99ddfda2494dc2c,1,0
0x9606242f40e3d3241dfda4025faffa06f73b218e,1,0
0x9606f676286eff361cc5671ebfaaa7320a1b4192,1,0
0x9611a5e2a82ed7046ed778864ea8855ef3fe87a1,1,0
0x9613b86c79c494ce01f1195c8e71db926c32ad6c,1,0
0x962921c2af90aaeac72cdd4642c3173bba48b1f3,1,0
0x967410227b05521315bdca145f43a6018c46a0fc,1,0
0x969ee2c7e87be211564505427f0162d8aef9b974,1,0
0x96a9b72547480eb346d53c01acc781d8f2f0bf9c,1,0
0x96edee97b20cabcac9cca967042babe204d11178,1,0
0x96f03dc09b9933032199b6ec4d1013c6fca3d8a7,1,0
0x9715254961bd816384efadb3b1a0d11b1133da00,1,0
0x97372ba157f00034cf4c38791d3d828a3194fc34,1,0
0x973b964df0b48c47d8e11f71dc04e393fe9be3c1,1,0
0x974a6b8b2074540989d8f6d57a4bde09622d2919,1,0
0x975aeabfda7100cce9ddfcfb27447ce2b42221c9,1,0
0x9773929055e690cbec8e7d36d838941d4acb24e8,1,0
0x9789fe7839179389f1128d8c9d835bfedbd4a68a,1,0
0x978c6e1ab8bfc05c23e97623136c098181eb8950,1,0
0x979da082921831f7d18725cc16a6ed08bb6589bf,1,0
0x97d5944f34a347a80b2d82858af84f0126523504,1,0
0x97d9524355953bf99851c3641b970374ea3e38da,1,0
0x97f3cb558ce05a53a5bbf28fc2575f882b1d2259,1,0
0x9823059bcc8cefea78da1e13ad8340267f9ccf99,1,0
0x982d80b88b3e048d2694ee4596d6de5c917f3eb7,1,0
0x983f75f8a4b4bc46cba89723beb6c3119c5b19c9,1,0
0x984aeeefde22698995f56605daabf32976095c1e,1,0
0x9853e31e1c10e0a72028fb5e31c3eb3ea8b1e413,1,0
0x9858098ca1108dd3920d006691bd553303db14fd,1,0
0x9870ea5bd963844d02d351ad124e56d9e5cd646e,1,0
0x987c7577e6f6fb4fb11312d7724f37c4025906a1,1,0
0x988cf21899d351d9b4b7223759a01ce608c47d35,1,0
0x98a42e8e60251a1e38a4cade7ab9a01075044966,1,0
0x98a50cf4c30fe43486b30f9a8d24faad90727927,1,0
0x98dbdce3103ee9e85576767fb8d55fbb870be9cb,1,0
0x98dfbe425adc124ce5f790e282d525915d02ae2f,1,0
0x98e5e226e4393c344cffcb586fcf708c8ae581b8,1,0
0x98e87c408ea9670bfd1924e4bbe9d3402889b210,1,0
0x98eddc83a7aea62864f986d06fe9781553710a7a,1,0
0x98ff30acb1110ef96e43db3c5af1ee905cb01c38,1,0
0x990cef1c071b4d3c8ea797a853a2b160675d6da4,1,0
0x99243e5531e49d9469589695e201dfe796c4bd2a,1,0
0x99276740ef80409aeb9f15c4d4c48c705bf6cfef,1,0
0x9934a00f5265413663045b4f0e7c980c8087a575,1,0
0x9934cb625695fc080ebe58246362bb3a61f6ef37,1,0
0x994aa8fadac22f8454a61bd8679a832eec7279a0,1,0
0x99518e086744dc0b11bc2e461357aec9c319ae1d,1,0
0x998056177428110aecbb4ecd1f25011f5ffb6e23,1,0
0x9987b3d4a3fcd2011f4ab64c9c66faf62e17d94c,1,0
0x99c212cf90322e53f8a60faff01435833daa9eae,1,0
0x99cda5be941ca0c5fcca9e45b44d14afddf36181,1,0
0x99eba5b3fdac8d1a26360c42b8bdf568d4ad7081,1,0
0x99fbc122fb3acede45592e62778a99e7486574fa,1,0
0x9a3502fd24452789c4aaf4aa5a8e2c6932e78970,1,0
0x9a41ccae71d301e206d906b763d5661186918325,1,0
0x9a9087bf048c937163bb27fa8f09eceb9bdf4859,1,0
0x9a97def4cf52bba6d5060a7a04649f2366982ff2,1,0
0x9ab8f67e8b791a0d23d93ef279cb8d083ca832a8,1,0
0x9ad2a20e5d56a71528ce57a7eaacf29f13668ce1,1,0
0x9adae86b8b407a97dd1655247971bbbe870637f6,1,0
0x9b023a5db5ef5110d025ec9bd2d137032cc99fe4,1,0
0x9b0c974bbda6f3093e5f58ece47b58605fd16fa8,1,0
0x9b33ad54848552b2729fa95e91882b0d54306737,1,0
0x9b6d6308b8b0e8e3b3148a8474c1888e25678cc4,1,0
0x9b9a19fba6bd53496bdade81880427b0b0bf48c4,1,0
0x9bc6a9f61b3bf5d471925f6028333cc8177c54d1,1,0
0x9bce3a8f4ca0ac6da4bdb25b91f1b0e7123c59fd,1,0
0x9bd01546641e686412ab27ffa6938c17fc24b00e,1,0
0x9bd8050d62304b82a051703a76c11216d9c52929,1,0
0x9c012386b5337a472e45c00d7e3a7b6d1f41a932,1,0
0x9c08fcb95e5237f17b9e09af782b4bb6ef524179,1,0
0x9c0e9a9ed47eb91f927f258193139267a848c3a6,1,0
0x9c138d52ebe2d5abdff4220d64a976e015463db1,1,0
0x9c284010eac226534234c7a87482ac3f7bee2b72,1,0
0x9c2d65b93b3c9cf0657af0a09543d818d4d77e84,1,0
0x9c418dbbc950dfb4bf66193c348fa0d338dae6d4,1,0
0x9c470b12421137b5a2b1e619e56cc645c1b8f3cc,1,0
0x9c70bebcebfc172d7567019dce9f0493b4678fec,1,0
0x9c7f195296233a42499a3ba55a4adeb784142dd5,1,0
0x9c80ff8a34197fad55637d0c9f023b4e10d28114,1,0
0x9cb727a7905460a8ad362ce8996a43c643293884,1,0
0x9ccc826900974add2ca579931cce934399e53437,1,0
0x9cd1825e5625e9524cff036ac95e8006bc6f8879,1,0
0x9cdca2f56aae41679d15936869e64173374e4ba5,1,0
0x9d0c7b2ada24e2f9532235130de08ff346fc84f2,1,0
0x9d13a9f53944efb19b415a423591379f03b8329c,1,0
0x9d2a5d49d104d3c70059182a90b594b37861a48a,1,0
0x9d83d9584b556f5216b5d8be6cbb2c32d2522311,1,0
0x9d8f7ed76664c8ddd69afc1a0d4e8c3738e860f2,1,0
0x9da5055f3f3a14162728131bacee2e2c5417e02a,1,0
0x9dcc29629946c90393d0e0bcd958390c8e95cb8c,1,0
0x9deca9772b09b43360ffd29a8e616d9e2c23d2d9,1,0
0x9e0dc467306bdb638f7a49d7d701954754b5839d,1,0
0x9e16dc7693483a6ad44be38472619fa87cb46fa8,1,0
0x9e98b692614ccad1cbb591023ba93bd255f45f35,1,0
0x9ea7cab1c16992c0bdf5c164b1ba065915d04299,1,0
0x9ec2cfb3f629190647c84e664d7547de81b9de40,1,0
0x9ec43b25806c502847f56ae0cf61bbbc20cd768d,1,0
0x9ecf3d3236f5a20bed5c6742d436244884d8d69e,1,0
0x9ede6fe3fa564e7c2fe3e7dc12c0a81af81f89fd,1,0
0x9ee97ef0cd0e388249d1d480546135e218111082,1,0
0x9f5a22a7d254f390ebfb5a37384b1ba410006735,1,0
0x9f8456075c857b8ac45f954bf7393c0995f41372,1,0
0x9f8505f6e9ac1cf472d1510d8e743704c1f4c0e9,1,0
0x9f914dbca189d4ffb11856c2cc4560e85a1570f6,1,0
0x9faef44fae6975f067af654bd6f3a51cfd10c65b,1,0
0x9fb089ef8ac8392776f5e2d1c567a643ad329795,1,0
0x9fd8da66ca0c6b33d94fa936a040a920c3d9e37c,1,0
0x9ff93dfcf448d0ec261f632f7161a0821f605c91,1,0
0xa0293e299eba100e0e2aef20c02583d3986b7136,1,0
0xa0294fcfc2c938af4704c7f7864cf743e40fe73b,1,0
0xa03543a363b4b17c4222de5c0f8a8839948bc289,1,0
0xa08d2ca423c57c3a457c65d9c81dc00dcbf231a3,1,0
0xa0b59f98c740a6e44f1a01f659962734efd79b28,1,0
0xa0d2ec7d6d91d655468a4defce7b1c84db259de6,1,0
0xa1156ee0f32c4bfdfe88f8b728cce464f88ac996,1,0
0xa11ce219dc6c1bb425b38bb1bf98ae4cb309fc2c,1,0
0xa122882d4385dff7642fe4573b78c4282206862b,1,0
0xa1240dee1bb7fb3ee0f74c825799d36a26b5f22f,1,0
0xa13fbe94d8dd71201d8784a07f220c7a59728a57,1,0
0xa140462d8978f23f510b4b3342527ec835098f45,1,0
0xa14289fa7e2b4278a326cd93602c69c58bccd906,1,0
0xa17b2d1cc4ac6d04b0d18217f749fbc19e5988cb,1,0
0xa1a8a0b0484dd6bfc52fcf147c45866ddd23ae68,1,0
0xa1b6f1e48b19ee5edacdba91640307cce99ff5c6,1,0
0xa235e1eadf60d2b94ef36ff226d96a4ec2b8aa0e,1,0
0xa24ff0af3f82db8ff13d336848c7017b40534558,1,0
0xa2539a678bbb0a851ac12220e4eecc7a3bb30ffe,1,0
0xa29616f586e7824a26271711c6589e0360d2512c,1,0
0xa29ee06513735f6e5a31bf9b91fcf56f824b639f,1,0
0xa2a4da77bb07200abcda64aac9894a9c27289f2a,1,0
0xa30214e18f400ef2d2d01f06e07300c6d7f3ade1,1,0
0xa30216a9578f2acd8fa89fa41e3a2bdc3af89d6f,1,0
0xa309f7e5d9bc009eeb54060d614f86db2d012c4a,1,0
0xa32c4df251a678f867de4f0afc55f33e65268720,1,0
0xa346aaa0ec69ad96c5a0f7a31676cff3cb60587c,1,0
0xa3a707eb964f1ce8512930b745b0eef62fd7ca45,1,0
0xa3cbcbfd02a168a360061d3df9017a686ced98af,1,0
0xa3d10dd8222996b1f57b3d4f0f5efcae7940f8e0,1,0
0xa3ffbf4534d37ec0036f947b221f5fec60dc8fcc,1,0
0xa42ce98bd6d9a57b093e4c0f40c23e1c1b01790a,1,0
0xa43a139d123709fe085563715dc316664396ffd7,1,0
0xa443bd4f751da44f55e39de80364c89152fbaaf5,1,0
0xa44813f75edbd296f6070c05a5e1435f4dce32aa,1,0
0xa44dd0cf1de1c461fde0b7b92c374789b59784c9,1,0
0xa46a462f811eac82ace119782d7f3a4295ec4713,1,0
0xa4854578871297797afd2ddd0f2fa69fc01e72ea,1,0
0xa4a79340dda55b912b5073790825184d1aaab474,1,0
0xa4c1cf4885d38f3b02836df7a2b5a70350ebf9c1,1,0
0xa4d672823dc5312a39a6926b5253c9f49e6d9a86,1,0
0xa4dbf867dbc19a3e1ed6d10df3c96b05cd72738c,1,0
0xa4eaed25e7cd139bd02242091bd12be6baa1014c,1,0
0xa51e311f2fea21ff00c27071ab0eeff1be12617d,1,0
0xa557fdccdf4f587c23cd6a5c38d311a1421c827e,1,0
0xa55c1b0c660da11f3a4e9034754f647e5244ba4a,1,0
0xa573162a7436806eaf679503ac8a7b508b40b6e2,1,0
0xa588c54595cce509e6b015a65667e086ade57bbd,1,0
0xa58fe5c52c535b24abc2ec8c3a460c0e1e69ef56,1,0
0xa59b64b9d418005e696787d1036b4e07ba0131f3,1,0
0xa5b5e16d8fab42c1fdf926480b54d0ce84be7092,1,0
0xa5b9b455c6865f23a7ea91c03656ba8dac16111f,1,0
0xa5fb0fbdaa8254d483520f832e5a8a29d25b269c,1,0
0xa607d872dd8ad12ea1aaff382cffa7d7c2ec9c96,1,0
0xa62239e4ece4d232c5b4032b108d6dfc5ba2eb3f,1,0
0xa6282e23e3380ce064554aa3599a9cb1a5c8603f,1,0
0xa6321b06a00073b9783981b4cbc7ff89b32be273,1,0
0xa639a7b69c46b132eda47e5f858406c6a26b6eb9,1,0
0xa6560afbf3c42c841fc3cfb889d270cd2e7f54e8,1,0
0xa66fd1a5df98117dc809113090be81bfb427f1ac,1,0
0xa68264044764eac44aa761275573eff707b7de5f,1,0
0xa684a8a217854a7a6459925764357543d36fdafe,1,0
0xa68db7d8871f100ac1a0662663c18f81b8073db6,1,0
0xa6a39e89ecfda3efbb0663067ebe76227ef47caf,1,0
0xa6ac6d8a8778a9636d1f6e38c3e69471c976fbb0,1,0
0xa6c9a2577810d9c6a822de7410619908ab459660,1,0
0xa6f94c3ad93bd03947b17f6e7c4cd43a89eba39e,1,0
0xa6febc8317d47a6a14d364284fb779c3e92fc1f2,1,0
0xa6ff335e81b7972ec98a24a234d1bb74875c900f,1,0
0xa7000b727f76055ce7b9c8dd75ce79a11717c564,1,0
0xa72347efac33297ec1188c52dd14f8b769e7b09e,1,0
0xa73d12034f8d4ac890d3a446b482dd0fb56f7717,1,0
0xa7490983aaa34afd1b59fe4eea7d87f8f8305372,1,0
0xa74afb5a83a31018776d82fba9cbcb09f2b72a76,1,0
0xa74da326ffaad94dc1720272001caa516a83db0b,1,0
0xa7755f10166fca1190b97b31eb41b0389f525b01,1,0
0xa77b3acd7f258da6150bfd12ebb9818105f0af7f,1,0
0xa79633c3bf4a7bbe3f46ddf66585961e3cd64ea9,1,0
0xa7bbbc63ec39e576727ca9b3cf7f95b0e5afeeeb,1,0
0xa7e5ebad6544529efb0c9c3bc09f62c974639e14,1,0
0xa7fb9fc0195daa7b01b6a64984d52bce46d5522c,1,0
0xa7fea5f6925c95de4356b523c652b13768234b06,1,0
0xa80f4f04b74ce516f088f4b11b36ee22ee182ce3,1,0
0xa8158600dc2eb112fc4d64e8110cda79580f0b9d,1,0
0xa81d82b4897bf07735c60e142963ba6dd65d0e1d,1,0
0xa839a591487caba130640c37b21c5da9e60fcb88,1,0
0xa850ff5d58c5dcbe34c3aaae6b093b880bd5bc08,1,0
0xa854dad961c654b6696a3d58acbba1e400926125,1,0
0xa87be57d73a0a83cf5ba465d8184a68b209ec896,1,0
0xa891022919e40e9d6ff50dd027c07d9b37e97dcf,1,0
0xa89679d3181dae19dc7ae752beb273acd4359d3a,1,0
0xa89b699bb4faf18bd4a44eba448e923df11873ad,1,0
0xa8c2417cea9f5d176352699d1aa2715e4d088764,1,0
0xa8cf0f292d4450facc2138cfd9b85863a1d5361d,1,0
0xa8dd4a46f6e14cd018377c7e8b71620e1bff3a40,1,0
0xa8dde4b0408b5a3d9826d085fcbf9bebfd0e4b52,1,0
0xa8eaee7e3c413fb92b3a98d062b0923d788b53a8,1,0
0xa9174b240ea4001c7b228916ce34791b111e6fbb,1,0
0xa919ab56ca5b180c243548f2946f76d051cb4ec9,1,0
0xa92c426fd6548ab41d2a1d861e995a95b793c49d,1,0
0xa93d483469ff1e3b9bd0b0cfb2b0a1c327116690,1,0
0xa94a78b2654942ced9874e939ffd782e365938ca,1,0
0xa96c86a4c8ee98ff674fd3474e5e9b4bb090b4c6,1,0
0xa97be4812b99f4cf014d3bd1f2bae18afff771b8,1,0
0xa9821681fef27ed817df77e476dddaf0adac4443,1,0
0xa99282593db19a0fbe2fc0f17abb47c24979f385,1,0
0xa998523822af2a27726f4d32fbdd8fb9ceda166a,1,0
0xa9996d0610e85659585ac57368580f43ec6f94a3,1,0
0xa9b541ec8b6d784e3b7ce477d14ff5eae8403983,1,0
0xa9b68ae7504e5e28ace85e4f8fca01991ec767c2,1,0
0xa9cc0be73b997a9437635a9943fa8cb327baf033,1,0
0xa9e5a715dc8cf924128cacf0c11dd3c2dc080954,1,0
0xaa1ab17435e878f12719b14c3c807fefd668279d,1,0
0xaa2234c5de59bc3645e1603c9e8c38149f603e2d,1,0
0xaa2ec05d46a63906b8acf36e4b01a7813a9c3ab3,1,0
0xaa435fcb938387bbb60e5bfce71b2f4cec2fa38c,1,0
0xaa581b78a2e8e249c52f5de6ab5770407fa34261,1,0
0xaa7ca644e0c03b226573a514f4402fd39bd9a934,1,0
0xaa972f819d1848d6587829b1e0ad95339cc7da78,1,0
0xaad817589e65ed9ee81920862e24562cf5b31876,1,0
0xaaeec96533ca7536b1166f550445cd892d9a7d90,1,0
0xab03ccc20065a9718f882c18002dc0b86b39808d,1,0
0xab0e5e5df68c013e5654f6e8414613e89904c6b4,1,0
0xab5be232a520a9c2bbfac72fd53d60b7a49e8d72,1,0
0xab7a39db1019aba3d67d4d6cb2030a452ff4ccb3,1,0
0xabbc6cb6f9246564438b994b24c7f06aa2194112,1,0
0xabd8d8987f3ae38f258f3a1b14bef228bba0e74a,1,0
0xac11249bd183888289091e788b687fdd83ea3e6e,1,0
0xac17979d85e1d42da437df48f399a3eaf6445235,1,0
0xac5bf5307d016dd62dbe9b6d79cec40d898c6144,1,0
0xac64821fb14294a635787e1ed7c5e611459ec816,1,0
0xac741302e1c2084f8e6ebfe3e098c55d955d00d2,1,0
0xac901e4b8fb3d0cc3076f4767dbe6d4b9daeeb43,1,0
0xacb477eef64fa58b8b003b44f2617690e76e5d80,1,0
0xacd67ff4e2912e11bc21b05778fcb82b0eded8b6,1,0
0xacdd94d906a30ee483066b438e7ec430f65877ce,1,0
0xacec443160e825deb2feab28c16f90ad84fa18f0,1,0
0xad206ef82ebd619344482949e98e8756feffeeac,1,0
0xad4b5a543d7ed3d0674142aa2dd8d3941fd28abb,1,0
0xad4b6843487151f5fb381608e1587fa7448617b2,1,0
0xad4f2954907e4106b3b36f7b806a81e163a9d787,1,0
0xad8c2befa2139f6569992f19970e0766689a202a,1,0
0xad932904e6b2a6124e26002728a3099c2e89c89d,1,0
0xadb1c3d716b3af6833ea0fdfbfce7e82b664ed23,1,0
0xade959dee34eaad67fea9d740b4bcb7c37e6b1a7,1,0
0xadfe59736840f50d82ce31d0613480732488a42e,1,0
0xae09e55ad595fd48c2dd551ec4ece352b724dd84,1,0
0xae4f582d6565acf294dd81c98099cc82bd710afd,1,0
0xae59158ce33e8b7582537dffcf096d5b557c662a,1,0
0xae8a843094d54be72400e7a8266235a47e67995d,1,0
0xaeaa4f2c1d7589fabae5e77fa4b75079a2165d05,1,0
0xaec31957ab859a37e20638e109f341999d911552,1,0
0xaed1050a4914d6c863fedefc02b23ab0ed6a6f1b,1,0
0xaee09af04285e02d19f05ff608c7548c3ca56730,1,0
0xaf20cef5f0b59d3d6ff58860639807f88d0fb0d3,1,0
0xaf22f04b5cd5cb712bc469bc303c8a72a4cde3ab,1,0
0xaf4bb9b3e6300b9de2cc2af61640b638490acc01,1,0
0xaf5884dd53ed7e71fab87dff82f36aeb573bac32,1,0
0xaf640da456aa4d8dcefc8fcb8e49ebe8722fd7ad,1,0
0xaf763e9a8cff6d03aece7e6d3f0f740c4e975c56,1,0
0xaf8378df62bed7ef25638cfa716b3852e31f4d76,1,0
0xafec180eb35f3fa19fd9fac7ef4fb25696c6fb98,1,0
0xaffbd59f5c270133329f8c04f328c9f9c3006033,1,0
0xb0131f9775be0d4ed66cc475b3c515a7e1f5d26a,1,0
0xb0375256683fb371a9abeb50de6b6277924ac9cc,1,0
0xb05de334f0ffc8d72feb32cd37d8e811cf9a3a92,1,0
0xb0647c2702fa4453f78b0f57a086d744e4afd7a0,1,0
0xb06b9fde10051e2b4ec201884c1cff152faa3b51,1,0
0xb0d2a3b21f845d06c115735892d739c18dfcd606,1,0
0xb0db6cbe5f1529c6f08d986bad0322f1b8cde043,1,0
0xb0e4b6b7ce1d73d3e79b0db8c0eca5922e6ced28,1,0
0xb0f9fe3534a2429a8d8c6fc88af8bfa2762840df,1,0
0xb1095abac82b02c39d54690b331e4748f107cd20,1,0
0xb10ae7947eacf527241f4389bc11cd00cc113111,1,0
0xb113853d0ea6fecef712bf4ad70bc6c0bc945730,1,0
0xb118356d05e0d3d641aa79306f9a58fd2901c77a,1,0
0xb1269c8b9dcaee6722e3304d45124d6430cbaaa3,1,0
0xb174bca8d447873d446814c641c72e1d01e14f81,1,0
0xb19b437178656287a519a1755c2b502c82c3498e,1,0
0xb19f1ab6b6a395a318bbace5e70fb0fe49d35ae9,1,0
0xb1ac1b561d045fd77a8983b6c1dbe94c75d6a153,1,0
0xb203ca9cb07ec4318553f7465de51fd763456fb6,1,0
0xb229322387f4766cf6735c3f05ab1036c2aab1fe,1,0
0xb232ecbccfc3aa6345f499351c7a615aa1d57522,1,0
0xb251694f56777115ca3bc840e36f9cb1581f0883,1,0
0xb255bfd41b2f934498879205a99c040038af75a2,1,0
0xb25fc39deccc85448f1b18ce02eaf53f88c001c5,1,0
0xb262b472cc6de0dc4ba76f8724e7372000939665,1,0
0xb26c9dda6157aabba8db2e1cd0fe900a00542789,1,0
0xb28582f007491491e9992bc54b24b0a66a20f626,1,0
0xb28eb3e62281d002be1ed4f7e9190c92f3309e0d,1,0
0xb29aa779354345db0dab61343bd6cdc5ca26ace8,1,0
0xb2bb9a876b81b0580a0d575ced6f58752facf045,1,0
0xb2bc4f6bff2b311399b780dad6951b1ac63b89e1,1,0
0xb2bf99acda154161ecf3a2fc34d5fc97753a99d9,1,0
0xb2dd985116db690461fa28e03ba2a08a60af90a1,1,0
0xb302c216631b6d80f4f154a298fbb56a46f4ef9e,1,0
0xb32a1c3a87593c1d1d81229a4750ee14c8625c64,1,0
0xb360f6d4eadfd9d63a407674e13b4f505bbd5dca,1,0
0xb36f25014472974a93304735350e012855750b84,1,0
0xb3d541c6c535017e71cff71a9ce59b29858be164,1,0
0xb3da6abe1927ba4d5ec93790c3f813746f70a6da,1,0
0xb3fcb184dd159391564762103bc1a18874e29edf,1,0
0xb410d2473c8b1913be28e7ec2dcab5ea32bf428f,1,0
0xb421cf8ae51597ee081212dc2ef4ac2d55040ea9,1,0
0xb465e96df3411dadf9c8efd2ca6275c21f3714b2,1,0
0xb468569f00210f1d9054f8832563597b8886cfc7,1,0
0xb4b743b2cec95cacc48299e8d8c085e04081505e,1,0
0xb4e83e0fb32ad643ffeb7d9c501d27b62bd97957,1,0
0xb529dbf83c35d61d51b145d28b3209f10cbd47c8,1,0
0xb53ee012f19e723d4f2bf5f8d15e237826384bf0,1,0
0xb53fd9f1a4745d7dbcb4c01b2302b41e6c83facd,1,0
0xb569a9cd12d83f3488fa07cb8b738814b0f6c05c,1,0
0xb57b85e9916cbd59630b3ef5c63707e357e266c0,1,0
0xb5a9575732470e2f5ccfd4e79334d9f0a9380a35,1,0
0xb5abe92c58ae08aa9c3fd0614b27ae4aaac86cbc,1,0
0xb5b9b3fb94c6aa37946c6d6e8d0605fdabe5fff7,1,0
0xb5c0a389e1081d53d6974b52fee7e3682faf4a18,1,0
0xb64669da4b1c964c6e84acd50386e5d59fc3c11c,1,0
0xb669962cd19ece3ccbbc26aefe055e8fcaeb3d3a,1,0
0xb68095ce72a7171db2d5aa5b2b7633e5a354fb10,1,0
0xb68bd2df1a37a0cab5bbe1ce90941bda9e47f606,1,0
0xb699b978d85fae5ec332b694e4bad036a1f0b4d8,1,0
0xb6ad4a10100a1a440f6c9330bf2f94caf83daa23,1,0
0xb6b942fbd101cdb9314723e742a86c9025246936,1,0
0xb6c6c7cfb5741d3b9ba27d272b8bd3dc0d76d8ff,1,0
0xb6d392dcfcd3e0e2e3975c76c8a8541ea544d2a0,1,0
0xb6e33cb6cfcd087d2ffbaaff202515c14d670f24,1,0
0xb6fb833caddd68d053a35450eefd92062e01bca3,1,0
0xb731e00c42da4a28c9c67bc71e78fe246cffb96c,1,0
0xb73d66e028d0315f13ddda719df54dcb9d30d258,1,0
0xb76a1052daf803af19e1039c3a0ec33b8b0d2a99,1,0
0xb78e30c5a0499b0957487b61bcbbc39c61b9a7ac,1,0
0xb79010f0543b35aa7865277e2fe1ef5d496f2f71,1,0
0xb7a6a16a7f8a9a27847a5d5e68d4e4ab99d48eb4,1,0
0xb7f82bcbbe67b8b1cc23f4801f5be73603be6c9e,1,0
0xb80d2ca184f2ff0279dd3db569c17e98d0a8049e,1,0
0xb815efaa52810caa1f7b5df499ae8ccdff7fb82a,1,0
0xb8354e2356e08f631e541ae6e25ac71216b3e2bc,1,0
0xb848b7390e301a0aa625ffd19a8eecc57d42910d,1,0
0xb85b5e53e2de67cfc6b80c43b4a0fa845eb5de8b,1,0
0xb897c6beee93b081869c51a7f53dcad4680e5938,1,0
0xb8ab74a0f66bcb78635a00517697cf60b7a4fbcb,1,0
0xb8b47b86c1608667abbe1a642a08bfa69637ed4c,1,0
0xb8b645a3197ae96d223132f0412e92670ce92eb5,1,0
0xb8d9fe65b3c1abe8a46eecf415006935bb6d20d1,1,0
0xb90001ce1bb77e17ff36ddc22dd902cad4058640,1,0
0xb92197bcf7793a69291740723f19cfbd152e91f5,1,0
0xb92ffc54e9efbfa7b831caa5b6822bafca27406c,1,0
0xb93185651ce2340c2a962efc52358ac61282563d,1,0
0xb93be5350a042f592e35b61da962451ce79ce3cd,1,0
0xb946df09a3d787b4418f92e08124524b91e3ef3f,1,0
0xb96be0721713f1488154a8da7727688c40908e13,1,0
0xb9b05751174f3a89fee7d549d7f72314a6facd21,1,0
0xb9bea8a8047e62e5ea3c8beed42636c64e5915ea,1,0
0xb9c32e542dea3594146ba6a55e094084f3d405fd,1,0
0xb9ea22e4a1f89c80e5837c4fac6adb261f24af97,1,0
0xb9ebcc75df19ea91adf856333f6633333febc80d,1,0
0xb9ff0d13ddd50dc6aaa129fdd84120b9a80514a5,1,0
0xba10d533cb8c5e663b5b0043d69e2ad67ec462f8,1,0
0xba360e1d47f9aa5c988b30b748ddf3174e2b5eae,1,0
0xba36f84b329b714dbca1b89603d37b0379276e7b,1,0
0xba3aedc74b4ed4cc41afd3e104ef819e6f5de98b,1,0
0xba53586262ff58b88a3827dd8c607a328cb0f750,1,0
0xba604d4071365c7d8feeaf901b067db4afcb66e0,1,0
0xba69ee939697ae3f673de5645bec9ff37779bb1a,1,0
0xba71eb5c766feb71c986835c21ff2f037ad6ca24,1,0
0xba8d6d04be394a76f7678dd31e24ff20d37e868e,1,0
0xba9a76d887906ac01484647e65dbe3c90106e791,1,0
0xba9a8e18e996876e4836854167fc32c1331a8767,1,0
0xbb1bcd16832bcc46cab3a709df8ea7bfb1c0003c,1,0
0xbb2d95dc9623922aab859d06738b91aa0e6d5405,1,0
0xbb35381a55238b7abd3dc0cff98464e810058da7,1,0
0xbb7b27aaa51c1ee0d005b1daa9141c1f8bca323b,1,0
0xbbb1a4ffe70b867e2680606af5ba00c4f8543107,1,0
0xbbb23f3a5c98ac5b5ec9a55bd8d56254fb25f906,1,0
0xbbb28b8c447a7be1f85a7c056971539d1ac7b6be,1,0
0xbbb77fd4193e645e02d6d452b94a12142663bf4e,1,0
0xbbb9cb02965e9e5bd4e8de947c30e1bbcf0ce8dd,1,0
0xbbe2316bfa53eaafe19028e6f3b2992347036bce,1,0
0xbbe4af01a99b37f1d86fb1c0b93b3477f20b39e3,1,0
0xbc182f127d65718e9d02fedcb88382616e62cf31,1,0
0xbc2137828fd8c5ce6e6bfcf97fb083b528d6efca,1,0
0xbc296b4bc702b527e23af7f191b115379e1ddb28,1,0
0xbc2ea8c5cdc832068f836d13a4045b50c3506fc0,1,0
0xbc4bae9cf8714da44936285a9731d222fd0e9d12,1,0
0xbc4bb5f5deeddfe4ecfb5659ffe5633f975593ec,1,0
0xbc57e6bf31fb1fe6d1da9d6b0c1c84da2f93991c,1,0
0xbc5dc180e35cf4da6f7ec992811a21bc804fc2d6,1,0
0xbc753b7c735789bdc4117dfaf5a76e0267ede233,1,0
0xbc8088b0239174a2d7586750521c5c3129b2ef47,1,0
0xbc98c718cd46c654995c9d158bcb7a19ba3be2e4,1,0
0xbcc306cff05cd3a24286591bfc98efb443144a90,1,0
0xbced5e2b23b589ff84d6ad885f47d3322fd8a6cb,1,0
0xbd088608eb0e996fc3b436e6dbf82dba54795089,1,0
0xbd0c31d74b3282e17434d3061be1e488bf8c1ce1,1,0
0xbd5de8ffb928a0257801dcbc8f2ebb4fb9de497f,1,0
0xbd6c73f2cad18e2abbd9d980c3c5195dee2415ae,1,0
0xbd8104fb375e9f3a291a4c689e932efb2cd89402,1,0
0xbd96eaff718d635dda14d4f9335f3f1f62d1ff45,1,0
0xbda872bcb0049fcb79d680caab01d5eea7c42308,1,0
0xbdbb89db7282d3fe21fd944dbea83d525853b87a,1,0
0xbdbd0c56cabc16cbf028a13f8cf76a028c34b3c3,1,0
0xbe21ba7fd8c7865e583e1eb53c67891addfd5808,1,0
0xbe26fc2c3715b2084985604f81300dcc04e0917e,1,0
0xbe3311be18698e85d5b2f39fbbd67b17a8c3a918,1,0
0xbe44b68c155d026e04ac284a541cd65c97d3b9c8,1,0
0xbe7ee8601919768421c8c20ef3c58f34cf32a945,1,0
0xbe892cd0ab2adf112b8290fbc061ac58a1b8187a,1,0
0xbe8af0a64cb3a5946bd4c285c320084e78330742,1,0
0xbe909664d1f8ce7238e3ff69721d38f605de518c,1,0
0xbeac5b84d7b32b34198f84ab88e5d296f79d277d,1,0
0xbeb23f1ab50bfcbe615f9e7e836713c8bb369d2f,1,0
0xbed7ad2cfda287712cd27c8bd429cd0c3e53dad0,1,0
0xbee0985081e36a4149496fea65dc66d9e8c48a30,1,0
0xbef11302091aac60ba686d0ad6c639cabdfe95d6,1,0
0xbf07f800f3769778c6b95daa9741b09f0fa52272,1,0
0xbf2ce7ca80f07326df3ce9aa552b0b86d5ae5b57,1,0
0xbf313c018885483cfba841a1c7f78ae4e0bac168,1,0
0xbf489d6e33fe1cfb1f17e903b2ae60d6b680b8a3,1,0
0xbf54897138e7e43e263e85347103ef25c4f78163,1,0
0xbf5fc3c5bb8466b06ae0417640d8c6495a4aa4b5,1,0
0xbf72bd2c97aa7da21c971a01f774eb99ba4d1d32,1,0
0xbf8e900b2c65b52fd2e14a61fb0fe09b6b116837,1,0
0xbfb2b29f22e246deaab452c65b11a8ff26f58676,1,0
0xbfbe6abfa098f3ba19219fd940a2883f1ec6866d,1,0
0xbfd6c4c4f0997a4c4ab3a632797d6f4f12e06a1f,1,0
0xbfe4a605dd331d56d1a582750d94b22e01c2abe2,1,0
0xbfe98ba61eb224f657d392333f213f6d75cc6972,1,0
0xc00cb2209e141507bf4201b36bd787169b903d6a,1,0
0xc0194fbd1dbff87002b01e36c8ba40e1cba5bae0,1,0
0xc043a989270b2d0d4845a009e56b1eb030acaf7f,1,0
0xc048d8c96d6c09473754de4048beb324ac4c1519,1,0
0xc04c437d2ee199da501ad62047c45790226d5ae1,1,0
0xc0578a317339920f435a43115098237f0e0b1506,1,0
0xc083bfaf848b06664cca7732a39e8cfe36f0eae4,1,0
0xc088cbc94b7726a999c311d6ce0b80915a49ab60,1,0
0xc08b8452e4fe710d694f0362ca4e9ae8aeaae218,1,0
0xc08d6eba9f50be45dd8b880316c73913340d696b,1,0
0xc0ba903bdf02d3d9162d3d599d1618680c76b53e,1,0
0xc0e44ba80ae90dd431930ae33170370296d642a5,1,0
0xc0f11dd347fa5a523decd3eecc24fdedba6e3382,1,0
0xc13c48a76403beb3a042b0f8ba0c732f8a2046e8,1,0
0xc13ccf23e4e4709e41fc468a8c7e353c69bf94ef,1,0
0xc149e375935b997767bdf1a435c4106912bc48a5,1,0
0xc172b13a354edd55121c6a57f7c124542b2ed270,1,0
0xc19e23bb2b41617ee55a53098a8538725c5f49fb,1,0
0xc1c6c59096f9d3ff687dcd49b54e93afa1b772ea,1,0
0xc217d4b3dbfaec0e72056c9c97ae66e60adf405c,1,0
0xc21d01901daa97545cffe3cbc18610aea60c971d,1,0
0xc227dc449807faaad97c5cd9034bb8fab26efe00,1,0
0xc2299f52488e83963e034c98e87940a828158b9b,1,0
0xc233bf0d5333591a609414168f204c115d03c6c8,1,0
0xc234f97a87fbfd03dab580b0c51d6b05353ec574,1,0
0xc24e7540d03039ad05333a63a9ca9d9114d7e886,1,0
0xc25b2ce4e02decc0f94ccd209a606e594d78421b,1,0
0xc267b0899216e1b4f60cac6e9a7ace4061bde08a,1,0
0xc28e9b7eda69ade0ba6f95a7e4c12edec58f422f,1,0
0xc2918d66bf3e160cc2ab9434710c40f12a5e0362,1,0
0xc2ace1e2fee2d1e4b33261913d89caf657e99734,1,0
0xc2d0d27095597259af50dacd08e64c2bf6067371,1,0
0xc2fd9996d355893c016f883fd85c32577d7e3f41,1,0
0xc302a1ae53fc1bae5ee956568522920d00279078,1,0
0xc33f489b6bb2d91780a670cb8a6d804094e10336,1,0
0xc356f2cb470f3c85f3fdb9ef4e3e27174ee31399,1,0
0xc3722f86fe5023cb46c185c10f8c4782a98a40bd,1,0
0xc3adb625f835d8455f17314bac285d21c6de26af,1,0
0xc3d927b56f17dd7f9a77db3de2d96a6d444075d1,1,0
0xc3e7d0808386a241afeb20fed2d6e52ed11eb53a,1,0
0xc3f60bf0328b58bd24279ce872a2a06b66a06d98,1,0
0xc40b4c08d763e8daf1090ee4fd0ce9f2db13b501,1,0
0xc4125976a6cd49ff4dbc13e3f953fdc6b52c1a0b,1,0
0xc42be50c9dd18c5a88f9d305c4c23842c28eea82,1,0
0xc49e6617494907aff32ac5f851cc413fc5991a10,1,0
0xc4a4565668898e0257166b7d809e7776dfe8b4a8,1,0
0xc4ad0bcf3cf356fe3e31d1e04f556f7b39192f98,1,0
0xc4b00099a8ac708c58e3f294f80c0634d48b8c34,1,0
0xc4ba7dd391c32c462e3aad64d0b1618d291ef531,1,0
0xc4d135b177e80eabdd9bc6dab6fab8cbc158c2f4,1,0
0xc4da745e86a09383f7f7bc56b660c707148db94f,1,0
0xc4fa09542b831865b33e91858a20c6bdf3a33a26,1,0
0xc51621b04d5a0b09e75128d185ae29a2eabc1a4a,1,0
0xc51f9bfef0b815003e172fac31615eef644f07a6,1,0
0xc544ec14a78dd10c841aeeab9bf1ae173c6e369e,1,0
0xc552ddcaa790f102e226a9d64a227936541ad145,1,0
0xc5814445b7351a6d3b3d2e8bd24cb8c24bfbaca1,1,0
0xc59359a45b611f9c7f7b352808667e3d3afa5ac8,1,0
0xc594599090a53ec711b2c039f7a3c5ab3051b7a1,1,0
0xc5af304c1665e63b467164289f7b30ba06c15872,1,0
0xc5c05ad8d17980a5d47395c1e8f3a4a9585a5241,1,0
0xc5c6ae1656a7f8d4636ab1339290ae4b5df4dcd3,1,0
0xc5d77c9d2582e056b31329afae2d3a285e61bb94,1,0
0xc60301e7e62d047e812df8cc38d1e59c7468d403,1,0
0xc60a0aa6d6901716905738c592fcd50b12a86710,1,0
0xc636a68a6e789c8a5a78c8b476f56c6b1fa69616,1,0
0xc6470e8388e16cbc88d24a484f48da3b1b89992e,1,0
0xc67e8dbe82a4283801eea9d4aa235dd933c3dc0e,1,0
0xc6866a08d4fb4537417699c2570b71831104968f,1,0
0xc68c5964b2a96cce632d3070eee17482f06638e1,1,0
0xc6991825409c642345e55062e58dc34b074fb0ce,1,0
0xc6b854123e5dd2a8c6628a4c83a8b2e325af23b5,1,0
0xc6c324d9fdd2765254894c9e5a736998d2d432c9,1,0
0xc6d32c9cb56e2c09f1791fa0c9ede3e0c187755f,1,0
0xc6ea58a6e2a42aaca124811c19aed265f246ca0f,1,0
0xc6edb49271f81ab8c0600c33343129d3ba265c55,1,0
0xc6ef697281df90e41a56b940153eae7ec49601a5,1,0
0xc7001f4b4f075e195f5dad844aa435fd289c54ae,1,0
0xc702dfca5558daabf7f1a4358b42f153a62fb2e9,1,0
0xc70c32a04fe335eab1f5687eaf2182f786709d26,1,0
0xc735ed42a413e400fd330725c5ffff7c5ebd1704,1,0
0xc74aa39996d5575db056f5fc760f5d4114ee7a66,1,0
0xc76a20519c5cd8e8b128b066bbfb5c5dbf61fc1d,1,0
0xc76d556cf1bf188c68dca6470b52d23720b61fdb,1,0
0xc76e51d0d8861c14e325c4f4a63c6cc32acf49b2,1,0
0xc7acf867d2aebabecf1f8ee9debc51b4d34acdff,1,0
0xc7c8762802af8f7f1d00072e28008c15e100385c,1,0
0xc805d2cdc656561dc255f483afe6bcbec49fb0db,1,0
0xc8195906291a93451cfa31b4f6df7940502bd3d3,1,0
0xc82b711518bf220a886af16502981a3e423e4269,1,0
0xc832a8d535dd1d16d0197e44a9d716f9006885e6,1,0
0xc89a49b37310e56cb06d508d0ab3ffbdc0f0c12b,1,0
0xc89b12168141ce5cc16b5d42175b4a457482daf3,1,0
0xc8a3448e29197e47babcce1482274310871408a6,1,0
0xc8c5d17a426613468aa136a7176452ad9b22c7db,1,0
0xc8c72047677bf0ae8122aeb02391d2e3d9b7dadc,1,0
0xc90b639bbd3faa5c03ad79947214849272b3c2b8,1,0
0xc9105c0662a49de6000d694de51c488289eb8e2a,1,0
0xc910eba85967874c1b2c8e4cbe711ae3582772c7,1,0
0xc92584416e6ad1f2fea6e580ba6e808e139d8723,1,0
0xc930e071b34deeb634dd69673e363b1221d08533,1,0
0xc947fb952cce3dddf255b1be3435dd785389f44d,1,0
0xc96fdcdb58249d8c16cf4bd5f5af0bda59127dbb,1,0
0xc9ba74dd9b9b6c6cc791b5a13a9b3054272c634b,1,0
0xc9bc42e5bd023e4930a0e423c986f3e3a94c07c5,1,0
0xc9c3555ba501069ca4aed7ccc3d9139667504800,1,0
0xc9df12e53cdc5af3f16754fc4a4632e5244e8a92,1,0
0xc9dfa9356701f7d2cb6bc1b1538a734a913925a4,1,0
0xc9e40e1f6f35be1618c5a467af182e406150eb9c,1,0
0xc9edd2be9346ce7582527552585d603bde94803f,1,0
0xca1827cc43672b1914f3ff0ed4f6fb1ca55dff52,1,0
0xca1e6cce755f9b276ebcf60532e91b1d6804486d,1,0
0xca634b5b6864110de14c175f5749cbd8c66fbece,1,0
0xca735620756d513bac34d67cc2347f6b2b5d2cce,1,0
0xca77d01e9dc4105406d4a209fbfe58ac5a4848c5,1,0
0xca803ef9c0b3d585b4b08456f8e1e2b78215cdbf,1,0
0xca8b662c569ee7d90a2b1a33cfa4b143b68759fa,1,0
0xca8cd5833ee9bb21f949397e2830f37b74233784,1,0
0xcabb22a6b48da8409e669473b6bdb2826c08e7e5,1,0
0xcae20f609c519103b674c879a33ef1d5a8f9bd74,1,0
0xcaf6cbfd065ce8e6a6a73b7931b3ebf101cd7c49,1,0
0xcb120e161d5589a8112cc8330b4416fcbc2976c9,1,0
0xcb4eabb76f29fb3d2de25602c37c836a379ddfa7,1,0
0xcb5c4636fcd9652e1da1c5840343b65b4534b5cb,1,0
0xcb73a2ba85ae0d135a13003c681e20dfc23aec89,1,0
0xcb76f188d63100b8b1fd2c3b3681a2dca325d365,1,0
0xcbdc8cdb36b93108cb36a164d9cdf4ef29ac8b8c,1,0
0xcc4f40b6cd7def8dd16659b965158fe403dd4711,1,0
0xcc54db2a4b10c5f6e397f91f4053170f3b423acb,1,0
0xcc6c24d17e4f4f2214c9c06c4e1ff8471e445932,1,0
0xcc81020fef88171f284185bc0cfb927487100176,1,0
0xcc81068451c5302ce6e55085181ab48cf64fc1ca,1,0
0xcc8ed2eb41dcd9238b5783109156cfba4dbd7bed,1,0
0xcca5a478cc8e579ebb9289630939c18db906abe3,1,0
0xccbc524ebe1a9d7f0db3fbd10bc5c6e57768a28e,1,0
0xccfb592199ef804ba2472d56bf1c5ba8521c154a,1,0
0xcd211024d82c8afb92a03014a211a477b10812e6,1,0
0xcd2fe8f41971f30a79341c7d6e049d670f6f6ead,1,0
0xcd4619ced321b78b46708b393041bd56010732e8,1,0
0xcd4b50efc89eaf6c26022249fe29e78ae285c596,1,0
0xcd670609cddd28647ee48b5476789b23d9d6ddfe,1,0
0xcdc1207cf48ce48ff50058bc23191dfb5920df2a,1,0
0xce082b87feeed1f50cf87a4c2dc06fe6041443b3,1,0
0xce0ad3a1fb9ee446fd7727daddece2d05c016798,1,0
0xce0e75268dc4079b36ab6b4f470c4d19220a379d,1,0
0xce1ca491abf08c872800f67b10b746961c07e7a5,1,0
0xce29fe46ab4bbb0b509655e023dfacf971f9592a,1,0
0xce3691d9af4fe3917e84e943028a17b4ef8273ea,1,0
0xce39dce19e1ebc049b7e31a956ce383c68e559a1,1,0
0xce64171852ea2392dda300fa0f97a6199c2f371e,1,0
0xce655bf670d973d3bbdedc6b44a3657f77f52193,1,0
0xcea244a9f98e6f38e1409f2319f0098bc20689d2,1,0
0xcec84d4da6a7952c7620e7cfcf9a8bf37d8c9d18,1,0
0xceca708fefffc842de98454c3ac5dcfe342c3f67,1,0
0xced6dd7fad293c3c68a89cb3b6b7e10f229d0f00,1,0
0xceda96615cdd107dc3e30e8fa932a07d1b6ce2c4,1,0
0xcee241788658e9592411bc57fa791377a53b02eb,1,0
0xcef23b8b6eab174edfab95ec4a4a1f4c75586964,1,0
0xcef8e7dfa7a8572f307e8db05ab0bd7641b61f58,1,0
0xcef8f5fab617ff88b0397480e15125b045ee0c80,1,0
0xcef9290f95b371d8bfdf6474afb72283ccf2277b,1,0
0xcef9c00ff60b5ab7cac741cf529a41c1d04523f1,1,0
0xcefb5c21208db5b4ba25173ac73be6012e92df23,1,0
0xcf07dfa11bf5d9c8820179be52e530eeb43d0a3e,1,0
0xcf132f1cf871a7d9eb19c1474c7f02c02a6b3a90,1,0
0xcf2fdcad8eaf96888499478072c946005ac488e9,1,0
0xcf4b9cf4cb0e283439ccd5d21e4887d41d1d6463,1,0
0xcf61724cd7ee3865fff0d38ff8b4d672c828a9ae,1,0
0xcf93508adebacf6c84b7806d383bde178025c8f7,1,0
0xcf960ef4801585a8e1a5d9f17caeaa093a106b2b,1,0
0xcfd484664c86d33caf4c5656889b5c289283494f,1,0
0xd003250e603c9662ba523394ff1b8b629cd388e7,1,0
0xd004283b10a8dc1b537918ebf96fc5d76d72a296,1,0
0xd00c064d10367c393ef5f9a0199697010d2ae089,1,0
0xd00cdc5389e2e7542ad49411e4fec496793b2c3b,1,0
0xd0346015b887aedacdec56aa7293da7e9ef7a06c,1,0
0xd05ffb0108eab803ee873f453d1e05178a3cb0b1,1,0
0xd0627962b6283eda1a1fb3d53885788922c72883,1,0
0xd0817d102715086165e11f0650333ce170a5dbb3,1,0
0xd0a207bd73a68598998532c6448ab43ed197f2f7,1,0
0xd0a882e8ecd2020af042431b97d8644bd9bcebea,1,0
0xd0c87a9133e06504d3a7e1d3cd121bec4e701311,1,0
0xd0c93e7011e7fd54458be445fe3808966b5201a8,1,0
0xd0d750e7519309e0c92b940697c9903f041957e1,1,0
0xd0deccaf5db9153e2623ae240cbe76a0164b8fa7,1,0
0xd0fdfe16b77b3e815ad97d9c2e9f077a4ebebd39,1,0
0xd12818fc918ca88b80badbeea9c1b97fa8e623c4,1,0
0xd12d2e5c94f8f3dadf2654961d0f35b76523073b,1,0
0xd15d620408c059ddecab9ab8b364bccf5b53f1de,1,0
0xd185b3efdca58118f6691f56026697949aadd2d0,1,0
0xd197a74e6f99f59f5096e7f111e51919875ec459,1,0
0xd199216492217879ea5adf02fdf14cf3fc9a04dc,1,0
0xd19c29beb18195c728a7d023b6eb2d1344b69282,1,0
0xd1c709c1118be94f6faf96eb1e3597cce3de5969,1,0
0xd1e2ebc7e00c3c314e049a44063dc7a3a784cc63,1,0
0xd203ac06b3327286bc2cf397a73a18bbca878820,1,0
0xd21639362ddb572b3fd067da0d460e78252408ef,1,0
0xd23ad3cbd3219f0bb1ad70cbb7bcb6a228b6fb0f,1,0
0xd2576e62c6581cc17b7848fb6f64df9d68aaf181,1,0
0xd26db84049b13541ff4d51482cd8b9de6d58c5ec,1,0
0xd29f039dfa9f75acce9225d6dd91ea5b4b543c3a,1,0
0xd2ac6f49887638729919389787134c7f6afbd7c9,1,0
0xd2c55e9c2adf9c25c3b59cd3812fd9b693f69d66,1,0
0xd2d1320bf34b46f9c6386cd3d03398016e31182d,1,0
0xd2e137178c259eaa13af9d9b12c09e516f078614,1,0
0xd2e579dec435ba04f27163cc54d855aef5cf8ebc,1,0
0xd2e758222d1ca3684f596fbe331a1130b4299c67,1,0
0xd2ea0acdfc088efe8c5ebd5def4d9b32a0975ead,1,0
0xd2f26798c5d610006ec395c97fd20d15c40a276a,1,0
0xd2f4520d4f1a82b1825dfd4646b87d0fddc32f67,1,0
0xd2fd3e3b0f50406c1879b46c678be90d273b57fa,1,0
0xd30186b2e98bf50c44695c4587c4cb687f0e5f5d,1,0
0xd3633d91aabe95bbd4a75a1af351b11b3e759724,1,0
0xd397051dcb72111d1ff3efe57244d434b46a0a7b,1,0
0xd3c764e558950b2aa45f133c468339f7bfdb1a23,1,0
0xd3d933fe1ca7f3b0856053fa8bad1638456ba3b6,1,0
0xd3e32a8164e2db3a0d349d2d35c08cf94e72aa33,1,0
0xd3e4d1c997ff5ee14f3e3b04ad68814bfb73b4f1,1,0
0xd3ecf633fd9f62ddc35d5c39d2f3e8819f792ffb,1,0
0xd40b0fa8702829c2ba5e1da767e21dbdb2e56a02,1,0
0xd4165d403041fa0ee1189557f4a5b2834ac536be,1,0
0xd41ae731d0f769435faae726a53603eefad50500,1,0
0xd42ca0cf9214f7cadd97d93b7f5c6502cecf6287,1,0
0xd43dc29ef4c5d8597fefb9299402e75ca4a2b031,1,0
0xd49607bf24fa70cbbc4884e74b7b619e905ec932,1,0
0xd4b5489288dbe94a13d8f39c9890a46fa8b936a1,1,0
0xd4dc82bf4e580521048bf5191f25f878d98ecd6e,1,0
0xd4e93ca902e5ab45cbf8f9ba6d4b39b329ac06a4,1,0
0xd4f17c243afcd516f706dfeb18f564c28f243225,1,0
0xd4f20f43eef492a6cb117c698c0a1cbba42811e4,1,0
0xd4f8e1d2d67e46d4dea058f5391ea772a9b755da,1,0
0xd4fb6dd2499f786368876b82659b21d652ff5154,1,0
0xd510b252cad3da3be19e7128596b8a2d2ca909c9,1,0
0xd53c57759ee4a71fdadf571420155599ca36823b,1,0
0xd54078a0ad087d0eebe3391323beb5bfed52d6cf,1,0
0xd55824d2605631b0ad25537166f40a2234a64af0,1,0
0xd55c318ab2cd2ed7eb91f0dbc8f3b434ff5a1716,1,0
0xd5714839722ba7e3181529fd853ee6f06913557f,1,0
0xd57b2006e2ce9d5f6534b952b9fdbfb83e6cc672,1,0
0xd5a83d4f989e9f786677148364812219329b1693,1,0
0xd5a9e92bf09b2f65b0dcab4fe33b58646c17f9f8,1,0
0xd5ac9f0dadc8b383f544de17f3fdc41dde7bdadb,1,0
0xd5b9a056d8c057e41065fc4846bac8ddddaa7dda,1,0
0xd5c24ec5ba16e6ddb1b337daa3740e4f578ea5a3,1,0
0xd5e7ae87787e0650b4d02b83d3141e8ed493c9ef,1,0
0xd5f77313303d5879bca44535b6c8db4399db3af6,1,0
0xd608bc8db5af42ceb9dc980275cfe7417d977025,1,0
0xd61ec5fbe6f512f5cb7adcf7d8e22ab7bfb6fb57,1,0
0xd62dbe0184945b9ad5136d81b77de78a78489677,1,0
0xd639fad80bf7e96a85b63fadf16f74424678735f,1,0
0xd65945d81338f0a30a10cf7867a88ef5bbe1cee3,1,0
0xd6777ade44a621b122c0d1bcd888905f30467b9d,1,0
0xd67b2bb7f8e55422dbe72d8e681d358e3a1c3335,1,0
0xd68027f004f33071a4e3c0ac2eac0430cf1cbf5b,1,0
0xd69fc72297f26b06e63615337dcca975fdd1a811,1,0
0xd6a1868d74f470922e97aa34dd9bd7239798cffd,1,0
0xd6aa09c6a0feab59105240688129732bbd0b7a79,1,0
0xd6b2265f5b301b1635556809389986261ade1dbb,1,0
0xd6bf5504525540fe97e9619205cccff3b59df6ca,1,0
0xd6d3e6f7f058760e3bb3e8b71784247877a9cf4b,1,0
0xd6f0ae2557ae637914246d4840219c4d6e421e5e,1,0
0xd70fccb950bfbd337e23067f3921c0c63bc9f4aa,1,0
0xd733e75a161641b4ef4db292fbfe60dea0c741fd,1,0
0xd734eefe2bcca9c2b2962bd523d463aacd868894,1,0
0xd736bc510673c605b1094b3f217f6f78c7cebcf3,1,0
0xd73991309d5ada42ca03cc19455cf4126dbdee1c,1,0
0xd73da58d3027748316ab3909bb8317462034598d,1,0
0xd746b6748ffaa68ce8221a0abdd927e994a1fece,1,0
0xd76ecd021fd407514026497009b15e79668169c3,1,0
0xd781d3dce9938bd8cbd0a5165d315c82bbff9d59,1,0
0xd7d4bdce5487507cd09c576ea4042d0cfc26c848,1,0
0xd7e0acc6873e4be6634024c60736f5aa600fa69a,1,0
0xd7f819d8e2cf81fcd8847501f05aa7904208f86e,1,0
0xd80832d738fcf06c96ee1a9965aebead3c91f7c0,1,0
0xd8326441b5fcc875953f31384f2fa654383ab282,1,0
0xd8399ebd9c9583c330aa410915bd10372cb4adcc,1,0
0xd83d9fc40d380260754454dc662c6f9a0f5f7869,1,0
0xd83f62e93dd104a9bfe6bf8845f6244e3272ac72,1,0
0xd840867e9f50994379ef2dbb21027f397108dcb1,1,0
0xd840c98ab259e866d8aae333bdae0c75d8eb3209,1,0
0xd8487ae0630d0b96120169dd9df6ee5332a69ee1,1,0
0xd8528c7f4ed6ff1a6ed43bd64dc8ee6b1783006c,1,0
0xd8a736cacc030475656548beb5c97f63de6336ca,1,0
0xd8da58710dcf871f0a01aaa04ce686f3ddc5be5c,1,0
0xd8f153ecb1dd6779040f0ecf61e81c5e56793f85,1,0
0xd903f2386c6526e70e2652188fd08d3260a0fc74,1,0
0xd91f6ff9242e01a1a7f9f8df3598d0e8bbdbd3be,1,0
0xd930349123d274eab9b63cfa236fbd2f859862e5,1,0
0xd93678f9a078fd7abb3a0d2b8e250aa933d67284,1,0
0xd93748bb4ba40f37c881a21f599c7af076769b96,1,0
0xd93af2ba57280c1b13dd352b96cde2e33a1e4e3f,1,0
0xd941df8cef8143514197d9c5b602d3ae15413569,1,0
0xd946ed8b145b6e4d5df499001629d93490c26275,1,0
0xd959eb5165d88158bf0643e6618fab4120fbd810,1,0
0xd98055075299e761c7ddcc596520c2640b7c045d,1,0
0xd98efae666e746879b2fc94fa7da653f52f35004,1,0
0xd993f5a7a39dd119090567accfe7419b1c4ab64e,1,0
0xd99e402fbe5b9ec1d84ffb612c9c44e5bc81e8ed,1,0
0xd9e9aa0e72d626b7fc1e6f97262f237a0bfe7455,1,0
0xd9f2d250a499592adbad611fdda30a2dfdbbfb14,1,0
0xd9fdfdfb50cdb3219b7a6cbe239181e0f6efbe85,1,0
0xda091cf9e7644e3ff2eb47a59a15655085f97d96,1,0
0xda09cfc2c9e8e2f41e44b0f7c400193b98ba1e71,1,0
0xda126818309d34e758d41fae7e608aadd9fd6ef8,1,0
0xda286b33234235ed92160f71b98c98e5a6b01493,1,0
0xda2d1970d7232fc21d6544e1e0f1fed56ad5fc22,1,0
0xda5284635e34aca76d805e7ca221d549af4c3974,1,0
0xda5658b452230e02fe40fd79824be7ca4ead74ce,1,0
0xdaa618d7a4f74655fa5c11db185a46f830552cf2,1,0
0xdabc79cf2543c6d90cb7d1d2798e82c46f96c51f,1,0
0xdabff04875bf9b9394c5ac1ca092e2341836b42a,1,0
0xdae8d9e5a1fca2aedf43e4b79d0fab757a6f7545,1,0
0xdaeb61c4f80e392944f967b135aa05331e125b78,1,0
0xdaf4098ed76dad75aa5d331affa56a8e5ab9f083,1,0
0xdb325f765327c54a04763fdb3013d206676a9a7c,1,0
0xdb35ddb9550eb6dbaa24fd3e213505f48476ee23,1,0
0xdb499aedd651c389188548e9bc44ca5d2b342f72,1,0
0xdb65884aa021704b3f3093da2f69a81c1c3cb902,1,0
0xdb68624e5864a61b35b48d1a5dd2883b49feac8f,1,0
0xdb6ad18cb7d540a93ff4692d7253258cd50c34c0,1,0
0xdb6e32057e00f44f28335a2f6c7ba30b0548125c,1,0
0xdb6eb776735c255eeebeb6f7b690637f2f6762d4,1,0
0xdb760a6167d4675a78cfb604bd8e1f86af08bee8,1,0
0xdb93e338b8b8d9a7ec472ca9a5801dec851ccf10,1,0
0xdb99cec3112ff98101ab2b0dbc422eba2ed1f35c,1,0
0xdbd9e03b74b49241dd138fc690094155ffaf344f,1,0
0xdbe6a920932953f2391aecef76c013a48ee56cc7,1,0
0xdbf51af44e4598f85fb8740594d892cf17ca9b45,1,0
0xdbfb7996597d228ca91bfd5c7394fde7fc462366,1,0
0xdc36fbdb3abf6568ae394698fe9e280b0becf07f,1,0
0xdc674aa4d1b695950186d0bbb28be3053ad775e7,1,0
0xdc6d3908d110ada6055345e201efa58b8a739107,1,0
0xdc75f2ae498656e82de4dac05c9db6c4d056f388,1,0
0xdca36bbb7c1bc8f0e37084d6a6ee120711c192b9,1,0
0xdcb2a84ea503ad495138957bb2a0086c6a6d4dda,1,0
0xdcb5bbebcb2a45333d92d088c6b075c233cc13ac,1,0
0xdcbe9792e2f6459a3079b951d19503968fa29506,1,0
0xdcc4e2fada83e0ac17d22e42225173d218af70b0,1,0
0xdcc6f25eb60c407366e8fda0f37d20f55c3fb596,1,0
0xdcdce36e1aa0bb68368afaabcc9fbc22d7dd9b0a,1,0
0xdcede6cbb16e2168a6a630013b35db726329774b,1,0
0xdd2083149c7c73f36a0fadbe814dbfd94960e964,1,0
0xdd534250cc5705f8751917ec9e400d715ab6e171,1,0
0xdd56c8d5fb254d454fc7154803cc04d17a3e9dbd,1,0
0xdd635aef83438b091394e7e7301834ce2688e6ae,1,0
0xdd792c72ccc07b6e458386632d35ec95ef53f5ed,1,0
0xdd7b3658e2bc3489787023b786a4501788dc4dfc,1,0
0xdd83393d7e5d21824231fb2abb0c621fdca450a9,1,0
0xdd882d0dfb5cb3737f30801a82af323d6687bede,1,0
0xdd8ce6c6fe3cfe51cefdf63ce01d37e58112dd53,1,0
0xdda48e5ec26b833c04c1a50e49c430487ce23e14,1,0
0xddaaabcfaa52856eef015bfdea6ef60155d5e548,1,0
0xddbc838f9b3b0c4653fd55e50b1630d6b5c2d513,1,0
0xddc07d0c630cba2b38730242f6504b0d8b8109d5,1,0
0xdde4bddc8243dabd8d61df62a1b4fd0b132710d4,1,0
0xddfabd02f848e3783d434dbf1984e874e887bb7f,1,0
0xddfd9cd9d2c39fcba6e0f6afef578f37fc9e1ddd,1,0
0xde74a4ac62b2a8120a58b8c46c9edfc07ba2d1b8,1,0
0xde7c5ea9258df825932266a82b696811832fdadd,1,0
0xde8de6e786b4d1425441f5b59fa56b843edab2c1,1,0
0xde943e13d2a8a6f764dbd4fefbc6727169df8ad6,1,0
0xdeb1246158a725648ca283125da574ebd1d37ed2,1,0
0xdeb82aa067339f9d452cea439f9f11b8c17c18ef,1,0
0xdec073a5b51de9307b1e128255a3c7aa6df99096,1,0
0xdedcdd8bdbbba0008aca704c8f3ec9c95fbbab14,1,0
0xdf404050394cb49f99c30941a487f0ec0a153802,1,0
0xdf67fd7f1f0662341583091d5253a4dff89b3736,1,0
0xdf67ff02fcce0d799130278ae8d6a343947342ca,1,0
0xdf8df67788f681494cdb052332ea09f28b70adc9,1,0
0xdf9bfd6b8aeb1b62192e2ba1211f69d8c1c933dc,1,0
0xdfb49e44019d3c4fd2bfc47ac25d63ca009136c9,1,0
0xdff6e3a535aedcc780ff184cc236d40f4bf6d213,1,0
0xe011438502836dbd423b6542b498a1643be401ec,1,0
0xe02d2ed6a951e403b4d05ea9dda11aa1c05f8df8,1,0
0xe048430139e511796d58c18ef22f4537b097dcb0,1,0
0xe04ba2c6cc7c37ff4a7c75714af999cd490fed56,1,0
0xe04ef6ed2b5244abb821ebdf08cffa8cac73bec5,1,0
0xe05a875697374508b2206e044d5c84c89a2e6025,1,0
0xe05d208413703df6d48c18777f807c242bb68021,1,0
0xe07a355b6050e2f8235799e51a1f5fe3c4ac5574,1,0
0xe081ccfb8232540239f38fdf30e641738a8435ab,1,0
0xe08507527798282cad6cfb0dd449a264bd890c79,1,0
0xe0cc9125b7989fd8faa99a0a68841204d3ddf24d,1,0
0xe0d5651c1da4f29eb45a45c1fb5b8914b64870e0,1,0
0xe0d7b67065cd8aa12f7dc3214801757a57742da5,1,0
0xe0efa46f6a48dc30acaebb58c14d932a136fa052,1,0
0xe0f33fd368149de1846406b4705ab13b6a911ff8,1,0
0xe13b473b36164c4d7409da04c39c634208e0f099,1,0
0xe13ef668136a94a953e16b8df31405079ddee520,1,0
0xe14fe379c85a4ef9dd1a942845f34b87dc7d50f1,1,0
0xe164de22aedb1d7ce5602e472ff3dbb2a7361aa6,1,0
0xe17113dcf51b0a42bc821b47cc35c6df60943464,1,0
0xe191ed6e3cfcc2ab1e87b5c87fb5fcd23fa3af2c,1,0
0xe1a27208e39a8acfe81e1ab230bed577c8460296,1,0
0xe1d538530e3db10076b0add3bc2c55257da8d520,1,0
0xe1dcd3120d665c5d7363b7f344abec85800fc0ad,1,0
0xe1df2d56b3147ae8391a1bb136118a1826eb9c0e,1,0
0xe2025e1533579e7af1663ed598e402dbb96a91bb,1,0
0xe20b0ba09d59c6f9187ffd0f82f0954a8bda85a4,1,0
0xe2285e70e279b797d62fe66f22745d2b2814e470,1,0
0xe260c17c175727c160d0ad869876903a09c3598d,1,0
0xe26fb211a8cfb626b3b956728a487bba1729998e,1,0
0xe286b4b0d93d0fae017b039bbc5e91dd4664e9d2,1,0
0xe291d9c4ddae96561fce384fbfb8674c9961481d,1,0
0xe2ae079a490689db046bbaeb265600dd823f1060,1,0
0xe2ba0130f517dbf3b135f9edcf827c30378c263c,1,0
0xe2c595d31b28949ca30e89e13e5cadc275aef16c,1,0
0xe30098d41a0d8703270b76368447e40ca8f9a119,1,0
0xe32c67ed602a324623e70d1577fb98195c1400c7,1,0
0xe34e8370f21cb3a47a51e7604ee9a1bbc58bff1a,1,0
0xe356e7af80b8626a2b6ec11c32ad936c50a98a92,1,0
0xe35c31e6a98bec760680b6c80e6929948dc4e99c,1,0
0xe35d70187389ea672312f3a69c7904cc15cf97d6,1,0
0xe386a926553debd3861bcbdd65af234b65fddf97,1,0
0xe3998a2f87fd0376a7420c538f215db0fefe35cb,1,0
0xe3a003287ca1fc72dabe6684a19a5e907c267894,1,0
0xe3a8b2ae83b60a9f6a07168b83d20c88341c003e,1,0
0xe3b5fe421eea1116234f0d542e82d62a299f4549,1,0
0xe3d9bf9ef82db418c9bae7cb6c1eb442a847a307,1,0
0xe3e8673fc2d966678b5807a927cd12bb9a4c08f5,1,0
0xe4279b35b291db4c8ab81cc341c0181e5a110cbc,1,0
0xe44e140ec29590996b5f0fd92495beeb589f56be,1,0
0xe4652854ac760a256f126b20980ecb85ffe9475e,1,0
0xe46bc74590da18e24be5bc391807824e2720930d,1,0
0xe4700e62a1718205bcb113162f75ed131bd3c205,1,0
0xe47a9cedbfc98f15840419d2bf92dbc4dc029cb0,1,0
0xe4877616e313733f0619888b4b4702d5cfa48def,1,0
0xe48eae4ed872c913e25dec14929529dc0d8eba93,1,0
0xe49a3f842672be29248f9fd35e36fa15307144f9,1,0
0xe4b6756d625c037e2f127d8149252190726bf793,1,0
0xe4b8bd8cb10dbf3b152ae13cbf95ec8b869420e1,1,0
0xe4c7ba3b4d0e3ee9210af6d93601a717eedc0d1a,1,0
0xe4e793c4dc0fae3071a1ed50f096e603bfab3129,1,0
0xe50d6e5f9428f4e0a63e9c262a19d80188b25448,1,0
0xe5110aa519fad15c6b934a10be3b603e1ca87c56,1,0
0xe51e65f926dfff11adb6f7c50974ec274638f56f,1,0
0xe5295f65a00714caedd913f79927b3b4f1248a77,1,0
0xe533d05004f3484cc32658f4e64e5657ee16aa7f,1,0
0xe55a0233c200743b42ec281558403c23b6fb32d4,1,0
0xe56635a6a1f378f670bb27a64660f3f87ca70b56,1,0
0xe566da48340e7a12ee4dee641218793240e53c29,1,0
0xe5774ae39a59a5e0246cbd6b3783e440fed6aab8,1,0
0xe57a3135c9574a52d052b1c3e2074a9bc8e60086,1,0
0xe58ed96b6ee824c983e8024ca781d97bc5ef4de0,1,0
0xe59d0459a8b6c97c710cd7cb7feb093099854f2d,1,0
0xe59f4a315aa1d99bdd32d999bd265aee215c6cf6,1,0
0xe5b50857522c513e6d85afccabbe50bf59ad4670,1,0
0xe5c048f903ed72d8a48d54ee400520c63fe6c1be,1,0
0xe5c8a229a8461ff4dbbd9e4c56722018d084a562,1,0
0xe5cb0598508c0944f699f6e66010b0b5d74ce37b,1,0
0xe5cc223058eded1d2609c4c88c33bf518a0b1cb3,1,0
0xe5d7519bd14742940b02d0eab2b819689e08759b,1,0
0xe5e5e43ceddfc2ea7f6d357e68242e07bbd15a7e,1,0
0xe5ea616ceef453729a779d888a9811cc45d8e0e3,1,0
0xe604c9c6d4fc6b4e181e7473cfd93e4206508ea3,1,0
0xe6084c6aff830c0590326c3590333ed5db38bd66,1,0
0xe61f4fb82a8cee472b13a61c9674d8e0353f43bc,1,0
0xe676399abe195b36322a3e50412ddd04fc53a382,1,0
0xe67c80abb0032de76bb526add4f489115f67fbfb,1,0
0xe68f2c0d903eadaab501d69aadbe6061bcea485b,1,0
0xe6971b9f6ada85d6d9453444df416694128866c5,1,0
0xe6a9e0e18a1e6d8e0b1870548bbac47eca497a3f,1,0
0xe6e40ed4ae417ee78f44f665503aa3ff3b359195,1,0
0xe7086234e8d5f1f8a52d0c9e7af79b6c7c417461,1,0
0xe71130f2f9042c161256ad08c470c6d9dd620a47,1,0
0xe7130111d6a6fe1c6e2d2d5bf039fd78fb10f19a,1,0
0xe71bdbfb2a44fd309ab8c0650c568cea84a5dd45,1,0
0xe71d44844efd3de640b8f0c8bed13bdb9ce39dca,1,0
0xe71e03202ea3f1a3ee21b0e12f06bf946511d887,1,0
0xe7586b7a15af3a2ffa63a8dd997192ccaa19b5a4,1,0
0xe76fed011f7e224b6b9c022a1533919fe2ee323f,1,0
0xe774b735ad8d3b04a41b4dbe269ba3beed191052,1,0
0xe77f8b3130809a2ad5b86b55a378eb79eb5eb31e,1,0
0xe794e7a518eb72ac9665dc8a8b4b9a6e2a31c5f5,1,0
0xe7986292b4882829e8a821304f8c2c232659a838,1,0
0xe7a11806fc50ff216856b2a311c6bd4383c45143,1,0
0xe7abfeb5c8d3f8bc411d84c0e03b2282680f8522,1,0
0xe7c126948b7545017f5e57f7b65716fbe57a6261,1,0
0xe80d25ff7a294c27d0985ffb7219d7c898a33f98,1,0
0xe820c4a7fcffc1bb0eede2af9185384705dedfe0,1,0
0xe828719290efd6714127c3ba3dad5d06cdeb4f43,1,0
0xe84110be7cd18672a33a6ee867eb0e133c9e1fb6,1,0
0xe847831071805a285a1d2e2a500269b50f03e7c6,1,0
0xe868034482177f4355f293f27a4166e84802388e,1,0
0xe869ece480986d100039883c3b1e5d55b9c1ff44,1,0
0xe870a32c66b8e986d9fbd10dda634962e52b28c3,1,0
0xe876bd13e288fc3ad6888adb7b6ce45ccc696468,1,0
0xe8869450a36c82bb8af451993806a8a056b1cb78,1,0
0xe8a566eefaf505892540eed93c56c3c47cde09c5,1,0
0xe8b89ab5cece95f8368356c6d2adbf4774d27b53,1,0
0xe8b8b3a35c836900da1826d493eb2fe724f3ce6c,1,0
0xe8c2f0d347d2f588d743f1f579d63866e181547c,1,0
0xe8c9ef9b8cd834fbbf149f1fbd7e0aa54284ccaa,1,0
0xe8cf3ca52427cff4748eb5d6d71656e1b64eab00,1,0
0xe8d13d409bde835b52245f17df6aef1a8d245f4c,1,0
0xe8da2dedb4a1b0a17751ff06969963a26a079972,1,0
0xe8eaf2f1279d8506f53d4349ea039c7175cecb43,1,0
0xe92f478b2fc92732b394b027648098c2a8d6bae9,1,0
0xe9574bcf3f14bd0f629e3232d4d6e5b4154ac60a,1,0
0xe9692eb14aa2383f9d9e077ee19208ea8c4cccf0,1,0
0xe97f2ff18d6e61d5f47839cca2fd81c684acf4ab,1,0
0xe98d3a9739f89ede42dd9f7ed4cf18e61c02e035,1,0
0xe9952209eb12eddec507b072c1322337d63074e1,1,0
0xe9acf4da1d412e49e6c171cfc34838fcb1066ead,1,0
0xe9d47ebb53b4515b476833a813b8fb2c71c61cfb,1,0
0xe9d8b4c4b8f77f8532eaeb66c31030a449d60347,1,0
0xe9dadaa1ee4f6d5b92ace3c054e07fb32f652f5a,1,0
0xe9e34705a9d6b6af97e4104d920a2d11d4aa514d,1,0
0xe9eb5adcf77abe000673d881bd9653fdc2c7dbc9,1,0
0xe9f2e7159e69ef88a5db01b5d9d8e5c0097c3d4b,1,0
0xea3c9be168a09aa98122af7fd2e77a3dcd32c6dd,1,0
0xea4cb80f14340f04bbee88740b2c7a89a2ab101d,1,0
0xea6508cfdd8b78cc82903472f7c87152cf270975,1,0
0xea6f0b6f0f55dd19cde455e53796a996f0362283,1,0
0xea842de03687bdbff83c5f51b85dd9ae2c426c8c,1,0
0xea94e8832cadd3c2da4ccbe78c5f889da2782ae0,1,0
0xea975a17d68f0e76308ef52098f9d17fae2412ba,1,0
0xea980fe6bcc6b9a530e7056334f1d2a93999c9d8,1,0
0xeaab6f6251194966dc6909915d95fc903de6a15e,1,0
0xeab5b0b1b54ed9162f4007a19cacd9579f5268d3,1,0
0xeac55f0f14dc2eb82d02f17be8a595def856192b,1,0
0xeacbd8ff20226ea3d89ec7abb050bc3115cc18eb,1,0
0xeaee9f67653fcc9023417587579f6a425156fced,1,0
0xeb0ac280ce372c0d2e95357760441bd3abe70b0b,1,0
0xeb18bf10f3b2d839000dc0d56637fe78e816c804,1,0
0xeb416f5b9f3ac5be5286f255bfda0657f3937074,1,0
0xeb4ace69574b753d3631edbdfc1acc4165d47ef7,1,0
0xeb4c0db62d1013fded992847ac14d3dc309c28b9,1,0
0xeb7cabee24c9d1d185a39edb7da6a8859059f647,1,0
0xebe4f998405decd6e3f976cace4391c15a1afea7,1,0
0xebfeef73a0c3b51a6155fe21a40ac27b776863d8,1,0
0xec23990a4fa3b2580a62a322469540094f2be737,1,0
0xec308dc032c9d85e18beeab7d9ed76b947e1fe09,1,0
0xec44d09a8ae9ca7a2892d09908ae8b6d765dc8ce,1,0
0xec5bddb1d987d6bc5b400107b305794922e64b29,1,0
0xeca90082cede483911e945a9fbadb8d6de4f8934,1,0
0xecb28f171715fbf426819ad65df7fab4380b74f8,1,0
0xecbbf0c69622941a150666097599c5fefda9144f,1,0
0xecd8f28c2d84a6e83ac09b2b167eb5c6bdc836b5,1,0
0xecdf712db330efd6d070b0afa54969268f8166e6,1,0
0xecf94cfef429599a50809d028abcdc0eb5bd70a3,1,0
0xed21b3942f39f1d58280b79ed7ed65a68a189a63,1,0
0xed614a449e689dd23557ba07eb97e893e69e616e,1,0
0xed7794c397fcd702b60ee5b4a194a6e1375a2108,1,0
0xed7b748e6f97342000fd02c0cb74fcd22d965ebe,1,0
0xed7d014768b7068113e8d3333f0d622217d85489,1,0
0xeda9eeb2a680567778195e6f2f9e587f950790e4,1,0
0xedb27b6964375f224cfde4ef2530fddc56d3372f,1,0
0xedb7248d732012ddfea668e7161c2234f94bf16b,1,0
0xedb999cf67fa3bad059e048cbf7d6e2e3bdfb0eb,1,0
0xedc08afe25542ccf24420d857d3a3329f1ae865c,1,0
0xedc1715abf613b065dce6169f3d052a09cb0ead6,1,0
0xedcb71ce50d17fe282f63454d854c118b9f48ea3,1,0
0xedcf457ee8df7e42f7953b0a2ada8b85473a6ccf,1,0
0xedda58ae771066ac79cb66d44f4534fdb33d60c8,1,0
0xede4f1f79526885f3964662453cb5ecbed7782d8,1,0
0xede77779ba59f552422c651eece2ccb0a0e86e80,1,0
0xedf7b011daf38d3f10005da6c137ccab4ecdfc21,1,0
0xedff4fd5c349b529245296f2557976def733ce21,1,0
0xee0124ae76a850b9b24523ed0189850f71a198c4,1,0
0xee0867b524ffe85b75dfb952e664361fb6ca886e,1,0
0xee45059242be314e6ba66e38a2b1d905ad70e161,1,0
0xee49fae9367ad466bd040326915d7dca4f903a44,1,0
0xee51d33e68f4e42307750859a23b0e9189933349,1,0
0xee525a275d1f54c22cccf1a3314f13c712d7f3a8,1,0
0xee5b59fcc4f2d8fd144e77164b5de201b304a471,1,0
0xee87b3ee67cb3dad2697bf3d2c02177dd0979e27,1,0
0xee8ec102b2a7a2ce5b5e1b35fac1ccdc232e2a8f,1,0
0xee9135a1241b37335445bb9aab85f4662407a01d,1,0
0xeea506a0e1fa88f3174ec6f9f0ba9c22d61b131a,1,0
0xeeb2f131783d893d292d10197dfdfcf7fc5c3950,1,0
0xeeb888bb35e0bf532ff9b514e8e1733ca493203d,1,0
0xeeb89f0da64e4e43f04ace7c0bf87664c6ff8896,1,0
0xeece314cbcac86224406aa204b4426b90e7a61cd,1,0
0xeedd9bfe87d28235c79f13dc30b3adc045d3a5be,1,0
0xeeeffedba147ca61e49b9cc03e3e240bd085dccc,1,0
0xeefa16d255f7b82a6906882f2491dd63c4459b8f,1,0
0xef06c8a6d9c5edd09b41dbac14eed2cf69033fee,1,0
0xef0776b87d81e45cfcc19acb616c63e2c151c462,1,0
0xef4c4800d87b194abfb94000b0ded7ec50ec8b1a,1,0
0xef9f9ea0744a35993b912b9d98738117ca66a2db,1,0
0xefa88dadccb0acc8d2849f337ccee15ad4f20891,1,0
0xefd509b2016f2845f9b814fa319d889e80f2d4cc,1,0
0xefde748b2f8ce32b0f5c26891bb7fa35aaa06524,1,0
0xefec6100dc11b37db29113b91ad59f44fa1635a7,1,0
0xf03fd1b70fc20208237c3b8c90279a49f37057a9,1,0
0xf07d3d03859fbd012f44e26990b1367191c92dd7,1,0
0xf08ec5f1ff48031320be7f5af201b775000ad503,1,0
0xf0ae30fdcec64b3e33a6589ec5584a4360d6ee29,1,0
0xf0cc2c0cf926824dd4b1bb8367d2d27c6ceeb862,1,0
0xf0d52a4d2b5c8ac25dc8f054d07c09d031ca35b2,1,0
0xf0e32e6972bc2a1622ce628e3d6f9a950c25f48c,1,0
0xf0ee5ab388c4e13466054062229e923debbadf05,1,0
0xf11b3678c9720508aab8a1260b99a6b281fc9cd5,1,0
0xf1205369d4129f317232b1125317074d57dd8018,1,0
0xf14d014ccb90b5d2e0f5a629cdd6f673876084ed,1,0
0xf14f2e81a48ec55c4910f0f659c32114ce2de3a4,1,0
0xf184552cded1af78b157b8c2876d42f0b2e722c6,1,0
0xf1adb9ec3210bea94b1e8d3f1ed8b1561050f85a,1,0
0xf1d25baf120795f95fdb4e7e93ba81919f02e516,1,0
0xf1f72804a83c042abf370637901f1c3f0cde7a88,1,0
0xf219d02631a422a5e28285ab570e6da5f82b01bf,1,0
0xf21e68b5dc20af3c3f27850dd55fd3f3d339da88,1,0
0xf21e9035bba5b83a048eb8cc91c56af571660b21,1,0
0xf22e180c847c641e71acebab3b502bacd3c05260,1,0
0xf2369f215a51cc3eb7622832b5fed8b91766f8bd,1,0
0xf24f631bc43b8f4aedb7645a29a9501f73434720,1,0
0xf265ce1834d8727e6f89d5d2a9fb95dcf54574b3,1,0
0xf2733f6bc21138d2642b00c9a52c83a7eb307344,1,0
0xf27409e6bbe507fda0dc5dbd03bd90aced426574,1,0
0xf27de4e369406acb68c149b8a55272bb30d96c10,1,0
0xf29cb127b8ea493367c183b24f432d5e783422f3,1,0
0xf2c4d630ed24dfca47f54e89b87404c00dde3e19,1,0
0xf2ca562cca640c137a9e665d03bbc0fef829651a,1,0
0xf2d05fa2ebdaed6c441dbf00485415d67400857f,1,0
0xf2f8550554b158f83348e380ef5128ab204b3abe,1,0
0xf304bca25fdf1d858c6ee3f49a664e554125ac1a,1,0
0xf31183e03c5f31c7a1e314253c423e8a46316a5b,1,0
0xf317952e7e2460e0958af2e5225472929008d7f0,1,0
0xf31c8e2e6da77ffe78eca7acd4e62daf8da51116,1,0
0xf325ab6c8bfeabb74e96b49b19a7c744b1f3e17c,1,0
0xf32726cd0a0f6515579c5f4ef0239e3390502a18,1,0
0xf328e131612f27a7cf1afefdad9cf90cea6c650b,1,0
0xf343ca3acd0531b56ac301599b6de5977bd266af,1,0
0xf38963274d13ea8c43bb2d001683ca91b297ecf9,1,0
0xf38d9a0469a660eb25103f77136d0933bbbe276b,1,0
0xf3ba81f3fad6a4c5464787c88586aff4bbeeda68,1,0
0xf3e2d261b58b43eff169f2c713d8041c98342da2,1,0
0xf3f46f00b62235fd6b46f5d087cf9c22e7d938f1,1,0
0xf4008e98c4625de45f43b9f75d9a48c41d856481,1,0
0xf41fe10c6f8c3b838bd1cc2d580b3e7d23ecc184,1,0
0xf43c506dc673933bea9841c96fb5b52dbeead6e9,1,0
0xf44e5fd1900cdd04fdb429d05d4a5444ab6130c8,1,0
0xf4527f9e2f30e3149067046fad8e63fbe5908299,1,0
0xf4776a5dda227db210726e781f978e9c6aa22357,1,0
0xf493fece2e1a1870ba34dc575c99e4cd94ea7cb6,1,0
0xf497681c59d653d4231374fab93307b4862a9dca,1,0
0xf4c8f665daf16a7260d3d0939d9904842c582b60,1,0
0xf4cd3bbf14ed3c1075703cbaf5bbe7d3d44739fc,1,0
0xf4fb12604f5381b67045fa8aa49eb17e75fe6875,1,0
0xf5009446fa5628a6f22fd372e1af09f284bf1ed9,1,0
0xf50cd26291f11a867bdf9139fb2cebfe2bed212d,1,0
0xf51de770be61317f6190b66399734912d0fd4c11,1,0
0xf52b5482d11cad599619b6d528f85f99a2506f31,1,0
0xf550302935072aa37fd65b19f748dac0d7deaf7f,1,0
0xf56e86aae19148e815af332b15b8422a69ded143,1,0
0xf57cd5bbf6967f06f0651d8d73c6a87fcf7b71dc,1,0
0xf5957b86e4644aabb75fb8b2c2a1e36cb74bb5d2,1,0
0xf5b57c032b35cede7e48fddd5d7c6c07dd2e4465,1,0
0xf5bdcca5293cf29297fc48806a206e6e83cba7b5,1,0
0xf63a266b5c1aae6c338e116ccd4d77096c423c86,1,0
0xf66c62edd0e044f1fd5a2a858add4befe123a5e4,1,0
0xf67671765fa2762ba49778a03f45ed0cefd8d13f,1,0
0xf6a726e078378f920685a8632c8b0063516b4713,1,0
0xf6b656e2b175b73ac0b8847b987599fb3a2a6c53,1,0
0xf6dc79eef87ccab7a787184e20a44260d847e38c,1,0
0xf6dd849a1c72e4fbd9c8c1d06de5660c0af3e67e,1,0
0xf71a20e85e97073a383c9e6aaf35ba0d73e82edb,1,0
0xf71f7c7c02e77a34183f74580abd955aa6fa3969,1,0
0xf731e0a192bd6953b422975fcf22dc40d7ad7ff9,1,0
0xf7386444482812127983d692651d65e580129689,1,0
0xf765c3acd11cb549559c95b94c58b0d3d4b5009c,1,0
0xf77713c3a4fb7a6d2212c7f50e8eaa9547b2fff5,1,0
0xf7d1c84584052b845f0bfe4b37dedec3e0114f72,1,0
0xf7d2f6a8ac6b1e8d2054e69e7309cade5bd7faf1,1,0
0xf7ec70a82084b52447d9e4054d871b6182c7a3f1,1,0
0xf81283daf3d8a134c3fd0ee8bb05ce76fe4bce10,1,0
0xf8786bbb5f642d43e8cec794641851dd3f47fda2,1,0
0xf89fbe15ec54fe0eb7242eb2142015bdf55ae3fb,1,0
0xf8b1bc40a2632957b342bacfb57cb4bc632af540,1,0
0xf8bcf9954cb6fe58e18cd73bde839d4341c01ac1,1,0
0xf8d884169a6c420412ec20e9ea3b2f5a41988a3d,1,0
0xf8ebe965d515f786fa46c9822cb75d6603639d0b,1,0
0xf900febaa531468892d31956d2b84c74fd9d1829,1,0
0xf90e52c62915b23c2a86464a77a8a173aa0cfaf7,1,0
0xf924ab834ef511b6bd438baec36ac50d513a4e59,1,0
0xf9410ea52a08e62d67b91ea477c4fdf5cfc1abc6,1,0
0xf945b4dfc06e4a4ec32e8421a91e2b82efda5c82,1,0
0xf95d38c53afdea4ef95b99bada3cf4260c4cd695,1,0
0xf9619da1061049a9d824e8f8c212a81175accdbe,1,0
0xf963ac992123d82bd6e1d8e0aa70f13bce13c48d,1,0
0xf98b38602db68d5758af695ee71c691215f04186,1,0
0xf9dcefe324892c702d3e8bc94e68ca642b1b3656,1,0
0xf9e792435e9a75bf40ab826ab6a6ca219199da02,1,0
0xf9f0f3ce36a9f18b3852b87500dec985b05f581e,1,0
0xfa02b4f1819d377e6dea9b86112806eeb065a419,1,0
0xfa1dc79e9e2988f976fd76d1aaf0743324ad1ebc,1,0
0xfa3625c29e795b103bfabd01b08a97a04120fbfe,1,0
0xfa4935d8cba38ee2ec730b8ffde0a6c61e17e78c,1,0
0xfa4aed6b0f726dff34331dd7d69e2c4d670a77bc,1,0
0xfa4b9ff91a8407389a417a58d655b33304e0e802,1,0
0xfa5443444aa2b6be33b2d8fa7c4063370b8a7f4c,1,0
0xfa66f4feee720c13352342b9c0ce2c85e13b4eef,1,0
0xfa699091d82933d5ed9b980d7eb1fc2341d05875,1,0
0xfaccd12eda5ab06a7c9d690748695da1821ca9ac,1,0
0xfad5098dbd9fdff3e25151a13e8e40396aa0cf3f,1,0
0xfadadcd8722592c9030f1b61b2f25a37496f3271,1,0
0xfae88123a1a13764b71f6f8866021f67bcf5fd36,1,0
0xfaf0e8f719714e69ca1bea22f94d04770b1debc9,1,0
0xfb05c096875724e4ee657c367a8c59b1b16171db,1,0
0xfb40ee69a573b7f13518bf66c409761479173745,1,0
0xfb49e56147ee4201ad08fc4c274162ae33410db6,1,0
0xfb506f30cc97e52a02f397e2e835051a724b81ed,1,0
0xfb5225cb70766fe41313a3e3e92918170c8010a2,1,0
0xfb6a265c7571da9463040fdb7029ad2a16d0c6ca,1,0
0xfb8fe3bad486d239112129565e21a21b145a6e8e,1,0
0xfbd2518da30fe526bc84aa1258e98517e856ce94,1,0
0xfbdceb697d1ff524454b9f305176712155bd5cdd,1,0
0xfbf1cff7c3f452f375537bf02deaf4ee307b28f4,1,0
0xfc038be9b0d26d9aaee78210b628531f5b069fe4,1,0
0xfc29208c3c29a1276dfe3e3826d2c25be446d27f,1,0
0xfc40c02ad7ca76ac88c2dd771df729438b156c22,1,0
0xfc5640f2b3dd48a34e86a9e99ecf7bb95cf368ef,1,0
0xfc60ee6dfa6f4d52498bf5111164a9d72322498a,1,0
0xfc719d40e289610ed7859c862ed1d58d14f9de74,1,0
0xfc8989568078a76d635496ff0c76499f5358e098,1,0
0xfc970396b8666fed114390b01726e97e262072f9,1,0
0xfcff03865a2b7c57dabacb7232ec7b59c3ce4ccc,1,0
0xfd1332047d7034b787ed627a00caa0f09e859699,1,0
0xfd141b9116baee59ef45c1a275485c4de1cd889d,1,0
0xfd240ca6235765e6989270142c9e9a4e705fbe53,1,0
0xfd410b7dcdf5297af6dab098e74b51b437ecc3d0,1,0
0xfd47e98b54abc28c224d26d6896113abd2c7f676,1,0
0xfd523e1ffe62ca9fe45487006d345689c6f127c7,1,0
0xfd61d96f8ebfc4ea12a01b2be7162e010c48bc2c,1,0
0xfd70d7c0be7c85c37dc2ed7957c599457789c000,1,0
0xfd7a62eaab7a463629905bda489fb46defca616a,1,0
0xfd886e177c01410fb475b1af54a257599b59b6bb,1,0
0xfd8ccb6c271f8696bd7914e6a5930e6b23d21657,1,0
0xfd98712850daad60c39a1c89034932b0094d6e88,1,0
0xfdc7087acff5e5002c6d7809a569c4135c44f4d6,1,0
0xfdd95b4e539417b7668270f07d1453e19ff6cd7c,1,0
0xfddbc68a7ea44419350637b88328f20984375853,1,0
0xfde1fdaff4e608654d46452869eeb81396c3f1fd,1,0
0xfde99137fd122629348f3e8b7271e027bcaca7bc,1,0
0xfdef709f163f853da78054d0018a08c5abe1f22c,1,0
0xfe311d765d1b2a29306536c01fae98a1e8b2f88a,1,0
0xfe340b0fed82e955a5737399f1fb34f16f2d0b0e,1,0
0xfe3766d4b8f8bf029d4fe4d355be152f9c67eb90,1,0
0xfe92a419839ca7715e9771768da19c79c9006031,1,0
0xfe9cdfa07e795862cb4657a8f84e9013b5d240a6,1,0
0xfea3766310e0d417a4e97472c251b617e2f34802,1,0
0xfef749e2ea34b908679004402e3596b2d5baae99,1,0
0xfefc6fbdb682ae8f63a6a7753427099162c2db6f,1,0
0xff42b02d423c0d776959280d7c000b504e50fc21,1,0
0xff4853caab84d747ee1714ad3ac1cda7941aa469,1,0
0xff4f68b9d3bef1d60f72ee9d4d363586a698f47e,1,0
0xffae1c7f4a8d4444cb2b33c2b16229abf8022e5c,1,0
0xffbeab057e8b85c26bec6cd083f111e2d9e40fa8,1,0
0xffd8e552640f22456a8906c7dacc0c594e789aa3,1,0
0xffd9a6bfea00e15db5b3fff85710d898d7c3e6ae,1,0
0x000ddc0e1bbfd22d2f0909d4638fec62aafea106,1,0
0x00100a12cd75a127550189d2ecaf0deeb168f041,1,0
0x0024247074be022ae6796be29c6eb93db5984a68,1,0
0x0034fa988dce32b73e5fbae455f3a57878779038,1,0
0x00726291f006bd5d3d10980106c1292d69c0245c,1,0
0x0075305a1721f31abba0c734dcc168baad3925e2,1,0
0x00eae0f664682f868988372b1495edffd4c7e488,1,0
0x011d2870e1296574b5c881cd745e2ee182599590,1,0
0x0152af15e290e90193fc975457199e4de0b767bb,1,0
0x01791f20f56c8b5f808d042ccbd97ff5c0d730fe,1,0
0x018c243711069dd05573d6b7bd4845e7948ecb14,1,0
0x018f4d870598a83dab5d0c0337baf9bc89cb6d93,1,0
0x0194cb8d85f0bf19400baeef2b3a3152fc96544f,1,0
0x01a3e7582ebe8757f6fa7eba21abf8210c31304b,1,0
0x01a870387ece62242f123dfc0803e2f77816cd15,1,0
0x021143c2a11b92c6856079bf585c7a8e2d678442,1,0
0x02170852df2a890168d4082e561b6aa68f7a00b7,1,0
0x0227f8905d2130d3d436d3f814fa29d86a490044,1,0
0x02430f7e8d030c2ff399088f2c887fc10f726f3d,1,0
0x024d23578cf74733fec8930eb6dc6f9463707eb3,1,0
0x02573ea53e4909b65a22357bc3809b7729255f8b,1,0
0x025f5192bb07f6f2d5fed1579bbd180795e41969,1,0
0x0272c3a6bb7d0cf5482e6256692da1e1d77c610f,1,0
0x029c2f0ea1c57dc6da58eaf31028d64d90f3073c,1,0
0x033f59e2b12a77e5e9d19fe5cc82edbbdb6a384b,1,0
0x03bb117a40aad3bd0add68accf27bd55270d41cd,1,0
0x04424697d8facd5257db51d6eeb44710e1cfc47e,1,0
0x044530563ac5412bc745e3737533a470d093f30a,1,0
0x04baf698027f514e614ec2a39657b41098acf64c,1,0
0x051badf904035c2acff92656e1020cc4002f291c,1,0
0x0570576ff77d133ff85bd9c870c74489a1eb1a0d,1,0
0x059b12bc0cec5e150398aec13560ea15060faf77,1,0
0x05ca9ef398b74b921ebd5987889cf0712bd3dc13,1,0
0x060e074705014139ba73d9ba59a2abf95b97e50f,1,0
0x0666f7ed366a7cb3a8b0da0efb9679cf2ebdcf2f,1,0
0x0674896fb28ec5fd03fb1a86acb98f824ac4cd8d,1,0
0x06b31a710260908da16e978a034495454dd68937,1,0
0x06bf0d05f3f9eb306df1f504776abf5a78348ba5,1,0
0x074ef43e34227196381c0b25e5a33876ce01336f,1,0
0x0772c6c299d00a410a156741bfc9ce0664d8ae32,1,0
0x0773ea851bf586052bb00a8da0dc6deedeb9cb8e,1,0
0x0774eec2873f3deacdae2959bff128b717a4c741,1,0
0x07beac1ebfba8c0b8868258d79a242a9b30869a5,1,0
0x07d3d11caa2bc66df7538fb9c3a91b4d2e0576d7,1,0
0x07d5c44c067a769c527a5c710f9a20cb9125e552,1,0
0x080f75ca89182f9001f427e052ebee0085824d5d,1,0
0x081f7c0e39b19d0040014f43e4f46b6e9fce53db,1,0
0x083e43c4dda411256164cb1e41212a2d5a66a2fe,1,0
0x08708afef133a498ec52ed49f0694707ae4d1f3f,1,0
0x0888898d51faada19a26a1ccc91dce88eb5db3c3,1,0
0x088cd38f879dc4a6d0ef72e7c7fa530c7e2a0b4e,1,0
0x088f6efcd5dcfdbed9a2ee2b3cef088059c24f15,1,0
0x08a9f3dbc25318d7b75305368cf88513924b8a94,1,0
0x08c61ed80565181bc5c20e9df9467d21e0d1be6f,1,0
0x08f273a6afaea26397e14071b7f066bd2f94ac89,1,0
0x08fa304f025c8be0cef51fdc7e76c9e659f88e60,1,0
0x09093b9786125bb137072231267eb87d33b58c43,1,0
0x091f765ae5347d95255036a0417fa7c56e569b8e,1,0
0x0940421deee1c2d33f4f41ef10d74eb95cb3dd14,1,0
0x096853a778e04f396028caa8e024150ebda83efc,1,0
0x098415b59098d41f19b564b8f613a2ac381d0a6e,1,0
0x09b46aff9114182704b3ab029ca3ddb591c46b4a,1,0
0x09b47cb05a95671c315741dfebdad759f971881f,1,0
0x09b79eb27c2bcd2f8ca377ab1a86bf2748d33f01,1,0
0x09c0e7d6c97b942a06361bed21a1f4224d7988f5,1,0
0x09cb628038c6d9346e99149b55606d72a3dcf0e1,1,0
0x09d16098dbc4e0302b310b853bacf19d939e6805,1,0
0x09d68f9bbb723127d398cdb6b3d942e191b06485,1,0
0x0a121434790622ff12bd677b81b6868ea3944c68,1,0
0x0a22a89eec07236f88dd1e154aa6b4e31cd1b162,1,0
0x0a24a8db4c390e9faec25f7cc2a4c9a7dd32a957,1,0
0x0a4604006b604cb32b0c6c88b5a2dfb3ff3ead8d,1,0
0x0a9d59e0a517fe4cee076efc1dd456d4eec24a75,1,0
0x0aba8264321660d2c170bc77808d1f142881bac1,1,0
0x0adfb1c92f4b55a93ed410b679702c48bf788d83,1,0
0x0ae3aae336e9daec6d83a236d974cbf32c8a12a0,1,0
0x0b14d4c1720717aaf9da975ea389632ade45de3c,1,0
0x0b3b298a85cc6c87269cb8d0eebc86c543a1ce82,1,0
0x0b75e9aa26ef5f993cfd4f875b0956e14d406c23,1,0
0x0b9253510213a931df025e55a94c67038ffcf326,1,0
0x0bae711ce4344c84ba60025b29dc03c4fd9bc967,1,0
0x0bc654919e9a5f37512d42da7478f0a4e9825f4a,1,0
0x0bdaac821ccb3be85fed0000a170346d9661a2a5,1,0
0x0c2d8c7c6ae74ad5e4fb541c0f68bc97042cb974,1,0
0x0c43b2a7b0171b07f3c6f4efc53475ff3719656c,1,0
0x0c8aa64019c959fff525daaf32390224ec02b073,1,0
0x0ca46d725200f4f4b95ae7fdbe7ef1e747c953b1,1,0
0x0ce4b16411b408bc9f06d456175db3cc79b25299,1,0
0x0cf13ab79d51e33ef1aa548a98e8269575819635,1,0
0x0cf804954a067a2df554aa33a0696c945627aabf,1,0
0x0d2d4162cd16cb618df738adc5d740853cea40da,1,0
0x0d315279aed5246697e1a7718f87e1d4e199bcd7,1,0
0x0d6bd5f865990b21f7ed90038e1a5c464aa74f4a,1,0
0x0d89e5f0c008c2b7df1d1d2c408404cef3125c71,1,0
0x0d8ea086153936d8b55bde627fb2bbd506f46e43,1,0
0x0d9a19b749c0256abd0e750ef200abfec7caafe7,1,0
0x0dc89fef02c7baae688dd53f4fae266a29db104e,1,0
0x0ddee199a727359fdaa249c4841c8d6fa5440cd6,1,0
0x0e0e2bbcba14698c4f7f19c487f3e412a469c6de,1,0
0x0e3df507ad387e835a7e8612adc77505693d2950,1,0
0x0e3f7cbdcb28096ae7eb09bd410772403db2c19f,1,0
0x0e424ebb0234d8935b07a638d1ab522254b52835,1,0
0x0e4e43a9697bb9ef365e0cc0c6de22647c53007d,1,0
0x0e5aefa5e14810eb0171468692478f35dd34ef22,1,0
0x0e6bd9871cc889b72c2f7e4dfdbee4451f96b81e,1,0
0x0e70e771202c6c02a549edf90debbf858ae2dc6f,1,0
0x0e980a77ca33448bc999b150af4b53457a7d7fd1,1,0
0x0ea3d629808b80c723145fc0a37c8e32a730b314,1,0
0x0eb49757ab72aca66bed5384b471f26430f62fbe,1,0
0x0ee6e3c6367cb33ea6cc1fd1cd83f8d2202b7471,1,0
0x0ee78651d374fbdc6be6d88363a9b46097b5552d,1,0
0x0f13357d50da7dfd70018c42e15cbd76633c7818,1,0
0x0f3ae12a8536aa3ba84aee1f758bb179bcfefb71,1,0
0x0f8e28e80a32582fac87cfc3106953a59c9ef4ec,1,0
0x1025cab76136cfdb2419ef167b42961e92b9195c,1,0
0x102f8eb7b10415e99367dc5087ec5f5aade68ae7,1,0
0x103bfe33f34236a5428f41887d62f99e1e0c6937,1,0
0x10de74ebdfa84f5e6390a1a61dead8d491754039,1,0
0x10e59482cc0fbee256786178948bb332d9e0e857,1,0
0x10f627e870ded086cccfd80ff45ec2fdd178e5d0,1,0
0x11217bf4da72c7b4425a83b4736699eec7444ec3,1,0
0x113f8556d70b4754bbc0fa8f3de952d31d3535c9,1,0
0x11576e625e4ef56492ed8737395417691104a648,1,0
0x118ed8d750d30e73f1ad16cefe44e68db1c45568,1,0
0x11933f9a1b0592693c1a5a2ac417992f8fa4c216,1,0
0x11975c268259acb3f65d41aaceef939a7d6262b0,1,0
0x122eb4bb94a0a994027365aef9025550f70ab8d2,1,0
0x1237c8b8b16761dc1a4c0b3ddbc97d0a616a01a9,1,0
0x12398f1dfe93e75a6c54db3017ec474912926ed7,1,0
0x125bb4c2f0a30aff07be02c44f8df2baceb97732,1,0
0x127e9273c06c1516468f0cf5749e856306ad65d8,1,0
0x12d180ac8246766935e1177b8502b2a81ac20b2f,1,0
0x13009ff791850ce06deb8d09badd243d58b998b5,1,0
0x1334f2cbaf899b1bfb49fbdcaacb2ad38306e6b6,1,0
0x133c84da36108cfe4b61a2dfac7c0424aa8d5a8b,1,0
0x136a744acc296ac6c01ed84f01f31ed6d6b6c85e,1,0
0x138c1b1f7842ede731be7a18aa575cbef3bc4b1f,1,0
0x13a74e55762f4a8647653d3c67712e9eb60ec7a5,1,0
0x13a893c38e57209ce0803d3b2c0d7cd32ea95f04,1,0
0x144b6386db37aaedba293857545a0efc735f82df,1,0
0x14e181b91e101d3c1d2aa90bb0392704e2d96498,1,0
0x14e2c2674315184cee2a31821b77228016057fb6,1,0
0x14e6aec7f2e1f247bfe9a174d401db46841f0a6e,1,0
0x14eb7e3da28b7ab95b92240f59c054884e0f5794,1,0
0x15029afe3a6fcd9b24b159cf01bd9141e3f23400,1,0
0x153a94c42b3b2b3de9c4cdf04fc343da1940c1bb,1,0
0x1554b84b6a69b99c2ca23edc055328280098a7d8,1,0
0x158c2acc06739094e44233c6d7bae46c59cafeca,1,0
0x15b6080388b4a65b1f2f216eb6f46518f5de28ed,1,0
0x15de6a02f7dbce726dc46e8c52eba6da70153988,1,0
0x15f5939fa021948178f2d4cf9a974934b80997c6,1,0
0x15f8da2fec7420950fa22ddafd6fdcb8b7abed25,1,0
0x161bbef4255b90e8e6340d79943f37de2ffe933f,1,0
0x167a0d5be8bcf761f74849ede654b723296682fd,1,0
0x168d19804eca1360f4989ffd0e2d7ad0de6d13d2,1,0
0x16af8fcf75b8ef08e33be918ae893f93cd7eb49f,1,0
0x16bacb41769c58537da52cd57b38c3025add37e5,1,0
0x16e2a767da521a12e29c05fe243b78d8a1274a1a,1,0
0x174425e2bdfb0672a7b0192a035e7164c61c266c,1,0
0x176a8839b906974be6467b1a837be9ebe3d39112,1,0
0x17a1ebec5abe1fc794d5f55562dcc217ad35f356,1,0
0x17a48b957f1a0f368b2ebbb1fa6bbf8bae59e7fd,1,0
0x17b88956df52ff717a048b00a20f23be8f4a1868,1,0
0x17d9740d2e37b02f51986150021569570d5d9998,1,0
0x17dd8224ca50bda8e72385c8b382dd7f717f7391,1,0
0x17e6d6cae3150300e1584803d1e793b86e2c2b21,1,0
0x17f52d5bf29d48756d6be36384fbff5b3f6d069f,1,0
0x182d96750a35a2f67173d0e0efbc16a2bc4e7071,1,0
0x1876450edd920b8eada441cce061f712bfa01d28,1,0
0x188abb00ea60c33718af6d999c17aa77e3b2ebff,1,0
0x192016301238a53718513b0436f8e67fa2255fea,1,0
0x19606336bdb9637e036166bcc67faaf251ecc367,1,0
0x197613f6ad439d3af09910e7859cbe9d557ba11d,1,0
0x198583342005a1e308f0cfe49e9f7d86732c7374,1,0
0x198d138aef96cffc841bc18203cd55ff959da680,1,0
0x19b217e953216c403e67c05c193467ad17658fc2,1,0
0x19e7ba884f316438a3dc12941eed7d3f288821c4,1,0
0x19f70cc225650b228d19aa68d9fa97cd63395cf8,1,0
0x19fbcb32d331b49f8ea224b66c0fff8c2cf779ac,1,0
0x1a0ab23ff4e6e1b13782d7a9c52235dd321fd546,1,0
0x1a360a9c9dd28d7df39ffdc500160025a794f270,1,0
0x1a86a1e9ed70e29fdaaf460be1d9ed4931815c2d,1,0
0x1a967b9e4368078ab0fed4db4278e97823e7dea0,1,0
0x1a9acce34bdc441eb2d3b3d009c64422ecd94d2c,1,0
0x1aa4a66ef0cfa99ca9d39fdad2b05489744c972a,1,0
0x1aac0e769d5c184645c519538626af60f389af62,1,0
0x1ad09194dee576eea6eda9092ecb80b2be247b40,1,0
0x1ae0607dae7c5a534178bd4347dc57a1e2f41195,1,0
0x1ae99e86998ccf81e5117affe1e80a5248d0397c,1,0
0x1b0f9306b88f0aa5864eadb29bbbe3ee0341329a,1,0
0x1b47efd5f4a2389a32d6e9cfae089e8d3f9acdc8,1,0
0x1b90ac336665e6841e2a2e3d3d9a749a86a196d4,1,0
0x1b9a25fe56fd23f6ee8324319f0c2c4851469adc,1,0
0x1badeed3533117bcf6c34ec60451204b0e1961d6,1,0
0x1bbdcad2eec9ea6d469d959c8dceb341a2bf266d,1,0
0x1c01482d65e63f5439c2920887a2c2445bd928a2,1,0
0x1c03eff3d2a35df54f243eecfe491288df64af20,1,0
0x1c1f1ea64e2eb2289da7c39dc1662f1f54b9d3a2,1,0
0x1c650043e1c4f1f25f3418ea1d04ddd9e24fad51,1,0
0x1cee32876cf66e90c0aab0789cd4de6d7993cd34,1,0
0x1d1c0a5bb70dbbfb5fc1f544292523a365b41944,1,0
0x1d21c42d5b0f2b712bf56265bb2a1611dc41e11f,1,0
0x1dc3803094c43c915565b0b34abc495a88271a80,1,0
0x1ddbbea96383ec519c7397c32d0d54de8e2617f5,1,0
0x1e0bd2db8528abb1c956c6593f091b249908be6f,1,0
0x1e756adf0b4172151a98e2c2f83ac9d236ca6e36,1,0
0x1eac36ff9a411b5b7af76afb22a03bfd023c0a5b,1,0
0x1ebcd606bdf93c022e98bc4ef23bab645adb2cf0,1,0
0x1ed17d614f0025a67487594fe2f93fa8983eac12,1,0
0x1f52aab6541288071ce67e0742fd3f8891245b8d,1,0
0x1fcea22561789c169e54154ecd4bb21e3fbb59a0,1,0
0x1fd296d5769bddb431f432c1ccd88a32fccd7cb5,1,0
0x1fe5bfe8386ad5268c818ace1054eef82539a16c,1,0
0x20715b75d2ea4227e62a7c8ae3126bfca0d1f4d2,1,0
0x20bc19ed1761e72c72e1026f626dccb033a5323f,1,0
0x2111459ab2191d124fa903e6e395cf87eeec9927,1,0
0x2162ea1328f2bfb36547931aaf0b28b7c2f5a0fb,1,0
0x21cb1b9f75e575efb2394fcfab3ea2f4c91212d6,1,0
0x21cda44f31f71a8234cc9f1ed9112630a732808a,1,0
0x21efc27840691c660765e409bd9ab271b0b216b4,1,0
0x2218fa46c15d627e8aac56ca678b47e1c89ab057,1,0
0x22635364d965049f1cb6e4395c0d0f714c5a3e8d,1,0
0x2263c638f36e445ac6871b0b0d903644f34ab540,1,0
0x2292f83866dd39b029eb3bffc69411de579e6219,1,0
0x22db23a5916f852f945eb7b8b9ba49822b0616d8,1,0
0x22e9abf9403bc5e819139d52cd7c811db3b62d5b,1,0
0x22fa6194893522f99f49e353ca91773112bff611,1,0
0x2344d6ccad132f199944ef1e5366c50a4e2e09bd,1,0
0x235671f3c202a702959f07e08540e959df9025f9,1,0
0x23a7c0ac63b9261d69b798bbfe16e472fc1ecdab,1,0
0x24021a007f7273c57575db2d46a63a4c846f3641,1,0
0x242b549956bccb550560ba50b9b50df47540dfba,1,0
0x24371c109d2d70666906aba78d79470253a97f03,1,0
0x244cb7b4b905483de4f98bc751c6ebbccfbd3ef5,1,0
0x2459958af53a61bec21b4c2027cdc1c3a1258089,1,0
0x24aea59d18bdc18f9663b0aeddbe482c212d4fe6,1,0
0x24b905ece6aa9c3a347a1230e1bff82a786dd267,1,0
0x24cb1de7e2a7ee54f591e22dbdf250cf83fe5a71,1,0
0x24ccbe533bfbe7d91ebcc05c8d373714d5a17f08,1,0
0x24daf137c6fdbff146349a57333381e4595d31ea,1,0
0x25182f86a01d851d01fea7af8d5e628ad4802e3b,1,0
0x253f422811770197adfa948a925a93b93db0526c,1,0
0x259c4608427f40195537d2e25494f3b0b9e178b7,1,0
0x25a5eda10f0c9573ea7bc5d2e9a15f118e82b202,1,0
0x25b934dbb123f6b001ab50e3c1e996fa8ac814c1,1,0
0x25c223de028feb19e534580b13fdd47fa714973a,1,0
0x25c684378928128ac29bda6c5765f5718c25519a,1,0
0x2624548c77bffcefea380ee2603edfdd2ae151f5,1,0
0x26473eec189e43a2eec2bab9495c5d4a1bdab12f,1,0
0x265b34ebdf8d1e0c4988eac2b80711f3ef4459c0,1,0
0x265bc57eead4f5630e227abf057b43e75859ff15,1,0
0x266ab7586473e4efeefb9df46b47fa23832debad,1,0
0x2675111a5a058d9b8f69719540ad43ca97409ee0,1,0
0x26e3f693d29cb74ee3b0d3a8daf44561b69654bb,1,0
0x274c4c38b26607d53889fc7450448e1bf7a51d66,1,0
0x2775d97600bbad71da7675c501d617a94b51b78f,1,0
0x27b67e3845be252924a8e4c73bb62bbffd92593f,1,0
0x281582aec7e7bc6dc27baa8de98c878f89a04fee,1,0
0x28288639d997b8af1f4cb25190818c0001372fc8,1,0
0x283e618cdd30fa457586e5eaec74d0502de15f8a,1,0
0x28453fd84edac820ea85518f72ae7cbd6f54ce38,1,0
0x285c97d3004dd01367d4851b0e2bca073b335bff,1,0
0x287b74b1c366226460880d157abe89491bbefe64,1,0
0x28ad86a795e434da3c4e13040ff920c279efe446,1,0
0x28b35f73e6c3dcc275258c448d9368fcede0d807,1,0
0x28f622381b7fb166bc2c88c63909cb67cdaf645a,1,0
0x2905ff13a8346b957401f189b093ed17b38580ff,1,0
0x2928077673c3d61e8502d169280dd4ea6fa5896d,1,0
0x296e84953dfc0d46a15ba79eb2a94e0b9bce34ec,1,0
0x2994b69012dcd037623a781fa1f2b10c82b44029,1,0
0x29b5181cbf86b1ab4b0e28c6678bcc8dba7f37d9,1,0
0x29bd0acc073629096c9c1aba29d491138d2953c3,1,0
0x29c7f31235ff3142c7800475a94e2222834f7e5d,1,0
0x29f7853816fcc1fea55d286e587ebd9d8e826f8a,1,0
0x2a2c2fff9e33e78730284cb38869a09e22863382,1,0
0x2a3d5a503db8ae738198ed16bc310c701f75ebdf,1,0
0x2a4c7a507b9521d58433815a74b35f260f5016af,1,0
0x2aa57efbbe00b33ea84127700b33d5ff6d9b6709,1,0
0x2ac296d4c83fa66bba1b82ba60eab6945410072d,1,0
0x2ac46730d18ea9e49e48455b40f09f62fb95ba7b,1,0
0x2ac58052ffa859108a74869ba9b788e2b504db8a,1,0
0x2aced195a854401703df68fd487d3b52598de893,1,0
0x2add443f24fe437a9c4c732c57393599f7ea0040,1,0
0x2aed18f36fbdf66293f65bb5c759fdfaee0925e2,1,0
0x2b2279e5e5746bbbabdf464a9140888e76835eba,1,0
0x2b325bb3d8be1cfd317c991541b7615a7062d17c,1,0
0x2b34badf6fce4a9b1be6fa003f486b750bb7af30,1,0
0x2b58927fbf7025cecbdd07005b0dc9d7471b0568,1,0
0x2b5baa1ee7881587985a9acb1e498dd306450e30,1,0
0x2b6d80e9eccbcac8ad1ac1969e75b237f5c846fd,1,0
0x2bd5677433924605efff67ee4a3dcecd97d086d6,1,0
0x2be7fc85607852bcfa2f2abc0720460695589c50,1,0
0x2bf662ec2f9bc1804bbd54373ab5464a09c32452,1,0
0x2c1365641ff676216520e2302012f7783eb146a6,1,0
0x2c3069fb029eb19dfb65e0d6f168d70048713ebb,1,0
0x2c521dcaaab6b753dc1c0919e2eb579c6ec0a2ad,1,0
0x2ceff16df2d380b8212b62592ad14be5ac57e7c4,1,0
0x2da6a019846d4686d16c4db4534e190072f19a65,1,0
0x2dfd7608aed6e84c90abc492506bd942ef216d8d,1,0
0x2e33c2e27ef73b5583cde11f8c444829427cb658,1,0
0x2e590b8eddbf0fbf98b0784a1848988678bfefc9,1,0
0x2e61fcca53b8fd6a32d6092c94cf3b1850ef256e,1,0
0x2e65cb754a54f95993916c0633408d59a0218cce,1,0
0x2e8fba7125cfad75b8bc750832b06acae9729b16,1,0
0x2e9256b00f5d9127676487637fd73678498b8999,1,0
0x2ead910b98c9564a99cfcd67888a5dae29f3f9ea,1,0
0x2ef076ae5c1e3818654e05b445bd2ff35f6bd2b1,1,0
0x2ef9689855eb2f218552f7805bda64532f986939,1,0
0x2efa16cc17defc356140ddc08e989458c20bd0a2,1,0
0x2f6f9964b36baf74346222d65f88247c784ae138,1,0
0x2f89746818dddaa5f818e7f8ca52c281c7760e90,1,0
0x2fd68463180dff2101537a6c9b049cddc248d513,1,0
0x30098ae96dc767acd1d1149f7b457a19c1c01649,1,0
0x301b0ddd2bf68a893ae9c626c5ce25d60fac9297,1,0
0x301b6444fc9599cec0872b76f8187d5aa643640d,1,0
0x30246f156eb4a77941a198757f67ce0aba27f7bb,1,0
0x3047f26c740fb2976e807aa35536a0ff565b0eeb,1,0
0x30562f76ac08b397ae8abf2b474cf65b0863d65f,1,0
0x30846f47499e9f1eac6ab4cfd3b17d8db7dbdc10,1,0
0x30e6f3317b305c46b4b3b7336a0bdfe160a91e12,1,0
0x30f6ccfcd5ebd1967a2751fb77b0e3939809d800,1,0
0x3127f985443319e75138d536bf1c66d39175c4e4,1,0
0x312e53760b6aa00dc2bfa28fe5d83697799997ac,1,0
0x3150bdcda1b41e0f2a550955839f6b2c723ad0b7,1,0
0x316feef091164a9f33690547b91a30c1d017332f,1,0
0x317ee1ddca0224a0bd8313b164adfe04692314d8,1,0
0x31b7f3953419d14e71dc8dc824399a7787d0905e,1,0
0x31d8d5f99b0fb2d627cd2ad6424ae9e51ad0fb16,1,0
0x32367a5ff3adc5a39a271c697ac387e952722cee,1,0
0x325a6772ee7b47ac963a499c3effb4a14cad3110,1,0
0x326feaef39ec24c729bc9181acce1a5c28aafe57,1,0
0x3299211024069d25afa8295db71aaee71a82bf5b,1,0
0x32de0795abb90fb5a4454b37a22f1dd07531aded,1,0
0x3334814515fa874d8665faea38b9f77320841106,1,0
0x3337ff6a59318e5a121e8c1d5543803a07b0ce4e,1,0
0x3343a411c190d52c019f11fe5bc3dc80d57239b1,1,0
0x335d418f78bcf127014de56e94d61897b6eaf77b,1,0
0x33e1409ca25a13dbddbf550e4cf212a1b646cfcb,1,0
0x33e31db027d1e02c67563b2869b69e8ba830ec70,1,0
0x33ff687b3fd32918384b440e35e29436cfc754b3,1,0
0x3406dc52de91e0765b1fa5f84cab22db7e06afda,1,0
0x347a00266e0b51fda6ca5ab0292dfb6ef20705bc,1,0
0x3491211fe2fec84698d077377b503185a4d64c25,1,0
0x349b80381e15fa0a70946c94e764b9e256aef547,1,0
0x34c7d0638dab854c7246623575b7839031b4fef6,1,0
0x34f8b2cda734bb309fca6afc132a8ad831362947,1,0
0x3502921955c79037e188c1c337e66fb2fa6b85ae,1,0
0x3528b1e0c463df4017d8a409e140f69309d0a9ce,1,0
0x3578411e90d884b1987a2b841782845d98ef9e6c,1,0
0x358fb5aeacfaaf50b0d37c01e74b97851a08f034,1,0
0x35aced1bc4ecb98167396bec45aba6644c2abcf6,1,0
0x3612e2fc73c42fd5e299945515c4b637c3423698,1,0
0x361f8994c59d79fed8d84bca8cc218f9a4369863,1,0
0x3624ec850de8c18cfdefd993e6f96c1161019853,1,0
0x363c4b8efb9c36322f53222da46cce4c2dbe644b,1,0
0x363eaaf8fbe156ca8a8c62c659ed15ce5e6a8295,1,0
0x3646970067e633724e4dea6aef891a37d0d0a400,1,0
0x365548395d85d1f42f2d12545d609ca488ee112b,1,0
0x365acb3e37c712facb3d7c5d4d2320481db4ae56,1,0
0x36798c46549531849a303e869eb85f884b5893e2,1,0
0x3698bebe2bfe4ffd724dca41a14d890843dcd579,1,0
0x36abab6d5578cb34b696cd5acfd91bf2caf47c4d,1,0
0x36bd550635c58a74bcc004bffd244fee5ef931be,1,0
0x36e0d0fede53f58b7ca6a557623bcef9c2d3f632,1,0
0x36e100c3a4994bb57fbe358f6d2f87176d380971,1,0
0x3724a15bf61d27b8c80aab0146dc8209a8ef9594,1,0
0x37368c7fea1e76955994ee2f1f010d15041a75db,1,0
0x37690a88fd715f27392d6a6bfea6b9c5d03df33d,1,0
0x378997e6d6f9ab3dd9451effb8d6c80254e04421,1,0
0x37f1be48413b25211f3fe98f72fd7edb01f4f0d5,1,0
0x37f26fcfcfc68fd8875f2fd864f8b0415c21ae35,1,0
0x37f50ef6451505a9dd416f6f4983709c847c53b2,1,0
0x3828e41806af905aaab2ecb8f10aa029147bfe93,1,0
0x386855195da7dba0ab1ded6bccd1ed86764aea7c,1,0
0x3894af06d4f91a6874791f50e9ca246ea4c6232c,1,0
0x38a49bb565b4d90cd72a623b6bdab1eb8ea920a5,1,0
0x38d1e48336dc1e0177b045460d60717b2348f362,1,0
0x39249775c4a5c94d663b607b2ba461565c4d0ac1,1,0
0x3946bc29197bf793cb796243109b39b019c3fc00,1,0
0x3951492eb7c189366cc9cd1566283fae48e403a9,1,0
0x39587283afd80193d5249ae6bc16070b784f0cbd,1,0
0x39b816614d95f9118e0dca7eaf00b8cd5e98e9c1,1,0
0x39c3c3c652b5e5724843f9d7ad87257ecc2d4356,1,0
0x39d3389199203634471c19daea46210f1ffb511d,1,0
0x39f0ad6cb63e7f500a2a45c28b6e68b4ed3f0303,1,0
0x3a27adfdde1d917984a9169d25e832eadcb5b996,1,0
0x3a5c765b60903b5a3ee224f4370ae13788c2f10d,1,0
0x3abcd69e9f5bb86b21ed3726614ad55396b0c2b4,1,0
0x3ac3db53bf258a175a79821e2a3968df2336e2f7,1,0
0x3ae29f270c152f4e8d81374e272b8a5312da52db,1,0
0x3b55e2e91ef9e98ebf570639deeb148b46984868,1,0
0x3b873afef1ebf822b6b9278b912c4f17261f7f9c,1,0
0x3be8480ac298cd2ac939506462c335f56ef2e346,1,0
0x3c0f77092af50cd2bc3cdbed21ec699adc105308,1,0
0x3c7717ff655bd5c1ffcf73fe4613bea56a7e685b,1,0
0x3c83057a27632285d5810bbc84556d8155354b1e,1,0
0x3ca00533b43f4b9ef28cc319c678a8b04ebb41e9,1,0
0x3cc81d4b13c55669396326c2fa024bc2a6052a98,1,0
0x3d0d6c0090946a1585601276c57da67372f84c2a,1,0
0x3d2da1a15b06114f7c7ccb341bd3e0240b573219,1,0
0x3d454927e82c586e8c0e8f8db2f9e4486032c2f2,1,0
0x3d508b178823ce4fccf8ba731e34bab3eadc1d7e,1,0
0x3dad667175ffc42018b2e18d6bcbdef5034fae94,1,0
0x3dc2a6d7075ad06e9b4537a65ecbcb05579de19c,1,0
0x3e1f464588db0f6e2a18c9643803defbd76fa03f,1,0
0x3e26462a425c60eb1e2e8171856a84e4afa416b5,1,0
0x3e48f10e7da6bce30af7f7457c438b48d4033f2f,1,0
0x3e52f21eea8e53a1917dd69a8140cee8e88f62dd,1,0
0x3ee67b7007be9145429bc9738fb5723e7868ce50,1,0
0x3f3a6b7a7c74709028b05583220f5773a950c97f,1,0
0x3f3f52821011c017cdbf7ad04af339ddbdd2e98e,1,0
0x3f5a17cf2832d67d0a900df9a19245f6119baac5,1,0
0x3f7b95db1a8760491b5a8d9dc5d13c7bd84c250b,1,0
0x3f850083520334b9ee89ce323889edd987f1522f,1,0
0x3f86b8169298b106095c57a49703bff2415a1f60,1,0
0x3f8e2ae8ab8797b48412831fcee940ca2d511073,1,0
0x3faf9128b6ef33e29b9ba294e41ef5cd8a9da5cb,1,0
0x401646519646dd3ee0a02311d9c6194c92edda49,1,0
0x4026587a8ef851ee4b8dd4afe6bc444e32f258e5,1,0
0x403d4d3b64461c5fddbdb8db14b6d458ea5aca56,1,0
0x4056623f8873520416e1deb62aaff31bd4e20dd5,1,0
0x40702a2262f92415a4a1fddfc2ccc0110d2f54ab,1,0
0x4071852218decce33daba863bff810feb99742c0,1,0
0x40883325f69ddec3356e39209a2061e2873eb90e,1,0
0x408e26e15f7c1d1408335b893535b547c21a505d,1,0
0x40aed1ed0b8bc71c74eb8679228ae40281973350,1,0
0x40bbd16236c991227bdaddac923ef3065dc25b4c,1,0
0x40cc91fcd4cb03ff9086376e308b7fa37785da50,1,0
0x40de3299bd8a10d8ac3f32c1a55de40640cf9b75,1,0
0x40ed3a95fc913519a1aff3066bd700ba7c4b4429,1,0
0x410803e601e9833a0d615508f9f7a225cab1a040,1,0
0x41266af1130216ef6cf881558e0b219326c80c2f,1,0
0x414a796b4f113b09719172e73051dbde8f95fc3b,1,0
0x41b9cec32ef06160428ab7806a75a5a746f0aebe,1,0
0x41cc0844a0fefd80180ba63297605bb8e85823b6,1,0
0x4207735d7be20a51566db5b0246e71baf86be56e,1,0
0x4211b654fba877370b73e78477a8bb41622e29d7,1,0
0x4217d1e2bb40d664ce2d123ceb87865113c50ddd,1,0
0x42311b9c9f194cd05dcf8773855f2096f2f5e76c,1,0
0x4264c1706a409e92b26a8b321cfa6ea072c4acab,1,0
0x426e8f3102864bdc5a10c85a73b54f30a6e2482a,1,0
0x42c5799a74590f426b6b69b21a78b7021070ec6d,1,0
0x42faa85ec94ca10fb200f59eb3a892eb14d946f1,1,0
0x4303f8276fe1f709d930a6d8cdac72150eced0c4,1,0
0x430a7188bdb11cb536b41bfd76a82a19b589b02a,1,0
0x431eef12ee18ba169f7985a12c885cad006317f9,1,0
0x43875af687f87f02fdde419988e305c384669d94,1,0
0x438a641d6158ed0bc6c2dd8388968af7fe1d95e7,1,0
0x439356147a7105cf55842e1af7d36e4a4755985a,1,0
0x43a500d7f411454dc5bacd789901c8044ba2016d,1,0
0x43c356fb1d564b4d326f4029c5ebbf3ffc158702,1,0
0x43d00f68260ac3be07b089e2a89c05deb10947a6,1,0
0x440b84f908111d935286f6914e09adaae28daed4,1,0
0x4413d9027c48b178e564fa4e92b01fa912c92058,1,0
0x442e1177bee8bf92941344d8242dae5bcb818403,1,0
0x44519bcf9a6cf27922a6e8c9e2c47ab8ba22e045,1,0
0x4461ac400361cfc2a8b7325dd054a2733de2ce9b,1,0
0x4474b0d890c7e6e2a74561201532be10e2a7f83f,1,0
0x447fd3faec65522ee4fe97ff8d487499cb2e031a,1,0
0x44a4da62e20f83504315c3e65ceb25f08f86c69e,1,0
0x44c1c323ff78ab14f109f890792ed1a4e542388d,1,0
0x44ddb4ba913d73b93d724638ec022c118ee3b250,1,0
0x44e1d8fe85bc2844656629c27f74290896a3627c,1,0
0x44ef12d4b87c5646869b28e6b62e8aca975afdfa,1,0
0x4548b212a94c84904b9c30f716f9deab80cde43d,1,0
0x454e2bf0658213073103a60458829908c225e90c,1,0
0x45a9671c858670424271f4fc77520116ee8e2375,1,0
0x45be3427fd38e06894485bfe46a823445d8f05e4,1,0
0x45f0a27e3d13ef4d2659e3777e4121935b45fa8b,1,0
0x45fa27572c7414bd1e99e7538a22843f70262899,1,0
0x45fb2df3d622a5252c7390b0fe120467275ccdc7,1,0
0x466686c613f10eb39787eadfb15d48fbcde8af2b,1,0
0x46989548ace81f2d5ea268c91c542bc28e633661,1,0
0x469c52eb90e4182ec0f2462366ebc892734d7907,1,0
0x46dfd6ef1e5b036022fe1ef7c3bb9fc81f3dd99b,1,0
0x46e3d9e8b16bf807a94d64968cfebc80b98347e6,1,0
0x46f83f535bb775fcd40cbfdb5d2b8137d5f4e0a3,1,0
0x46fc361e851f0863b8b785f162acf6f2d7931cca,1,0
0x4702215ec11839eb5fedb552ec35bc8b55ece6bb,1,0
0x470b0ed638628169124c460f394e10a30751b3bb,1,0
0x4718e0ee556eff6257aa11667f5cb7c7ac1b1966,1,0
0x4772dcd374310ed23d1cb8baf1dd0a047bbeeb21,1,0
0x4795e2d1373348612e598df84c8290b3e18f6fd6,1,0
0x479fffbd14bbb5adbfa0fc3577e21fe2e48dbaa9,1,0
0x47d871e9eb0b215d86c101f17c22d48bb9cd7df9,1,0
0x4803445ccae38a69535909e09ee084b6aa7631be,1,0
0x485b10b5071124ccc9c31e2228cf96e3d53cd928,1,0
0x486cf0d01285fbaca51e1a4b4b4d85f08edf635f,1,0
0x489859e4d8f94dd1a812fb5fd565ec3eb0e15eb9,1,0
0x48c57c060bd5888f999ed15b0254beea14b69d2c,1,0
0x48f17ea34507265c42bb767ec9facc7eaf586d69,1,0
0x48f433785c42bdcf27dbb29ea0a129ad3d7d2a9b,1,0
0x48fc699ce24d3f6d6479324c7965ff042594efb8,1,0
0x490c13c137386048802563cf8401d05c350bc2f1,1,0
0x49132e2c07703d12e79908922286207131a362a5,1,0
0x492b2c23b532b1a7f93704b6121c14a9ff51b37c,1,0
0x4973fc8c289291fce4b8967828c24ebfe853e6bd,1,0
0x497c38279aa4d2b567eb321ed830c2f284cbd540,1,0
0x49e53ad1bdf1a08ce0994388cc3e624339a86ce0,1,0
0x4a216f49cab977646c0716f56fa4dd9bd4574c64,1,0
0x4a2763570edeeeb78e0174aeae6bedde6f143398,1,0
0x4a34ffebbdd4bc810079926a71af5dacb8515e3c,1,0
0x4a6b5b30a5e354eae5031f4337d094b66161f548,1,0
0x4a76f59ce8779750e9e300b6eda0e0f20b7e16c6,1,0
0x4a88012d2105f2c0b076c3c5ec944d161715d136,1,0
0x4a94522351a9ca321cd5dfa4c349101a47a1752d,1,0
0x4ab2e2061dd133c83a43c579df74cb886fc8919f,1,0
0x4ac295be67c81e9581fc904dbf39d802f25c6dd2,1,0
0x4aede54065404cc74bc12229a818d7e36e43dcf8,1,0
0x4af946d67d950446e729201cd13c06a23fe605e9,1,0
0x4af9d89113d354b59a5508d094221a795fd079d6,1,0
0x4afe66ef553fa13ac998783b869058f2eefc7e8a,1,0
0x4b31fc5d3486778394f169fcb452b1cb55c9f574,1,0
0x4b437d7896087454b5a956e88ddb8c2b76c9dc54,1,0
0x4b4ad4d723b37176161417ac952ac6a265d4b6b2,1,0
0x4b91819227e46b26358dc8a609c062343e5a9c4e,1,0
0x4ba4d74b1b57fd4353269f2c9c35649c9d23b049,1,0
0x4baa0c178a8f962316c2ff1cc9bea00bf0532a1e,1,0
0x4be751928e1bbe15e37ba01526b05e9b34eadc6c,1,0
0x4bfe59f671129822f754655710c33a9695372924,1,0
0x4c0dd3e61cd0b17c0b86ab83c9aaae6567f3ed0d,1,0
0x4c1e604bbb4861b21301c9669e30c984e9fe4955,1,0
0x4ca82bbe3235bdb0955210e853a12ada251852a7,1,0
0x4cad016460793a87ee2931b5f20d03c8303c8114,1,0
0x4cdada2cd89649b94b9b27faf2f988a07ce6e82c,1,0
0x4cf68e170b44c09c5e44678589c84185c538c004,1,0
0x4d003ebb6c5da682724b35a31a540c6f169ad3bd,1,0
0x4d1fa7bbccaafacac09193cccd7a21f4b268cd69,1,0
0x4d281761fc90b9819950ba26ece339f0edd52d2d,1,0
0x4d38ae733c62fbd2f31297184d84f12ffcd2b0d8,1,0
0x4dbc211ca2cb010a16c776ec36249aea99a12f81,1,0
0x4dc7b3e281849d9b6eeb3fcb9e83c26d944b20ad,1,0
0x4dff220fd1e23c92abb4b43f416b5e19c408a159,1,0
0x4e0030a2da953b51334b65262154057a1d348f04,1,0
0x4e2804400f772ba70e4fa6eec9e0c4ed59095073,1,0
0x4e445c13952a49a60f8aee36b99739c33376d154,1,0
0x4e5eceb61e64a94bc9e72751a05feaf6308387f3,1,0
0x4ea2504f6be512d8374a6d852f4b187167deb571,1,0
0x4eb7bc406bca6efd5399baba3f4a102a54e0fd8f,1,0
0x4ecaeee63eb0eae0266d7ff0af45e499708fbf7d,1,0
0x4ef6c3085223efe4ccd9d2ce61d1fc4baa9dd153,1,0
0x4f05db51acf628f575cfb1f21dcd764134590233,1,0
0x4f4dfeb0e7950c0aba707704e35d4e5ee3ea849c,1,0
0x4f5695d12c30eae448c5f38023b12572e483453c,1,0
0x4f5e3bbb23895613902d8448b0b5ca9eb40a90a1,1,0
0x4fcc08a8c00f96cd941a02d5943152372dad4046,1,0
0x4fef97bbf8bb21bd2a640ceb660ac1a7f58df8fa,1,0
0x5008ad63205b7c12da9552b42dd11a15f022311d,1,0
0x501cebf697477c71205972ac709651873397d9d2,1,0
0x5069a8db1ffdca1077a6a997b3a7edc2ef1f7243,1,0
0x50b02cfe149fb75aa34ac4ecf6a159f72142062f,1,0
0x50b89f162f14e57bf3b26f24f5a525874c690d99,1,0
0x50e2254ffafb5490a40ee43df73271f3e92901a6,1,0
0x50f2f8d89d9e71dfcb065275b979ae22f9a32112,1,0
0x51213bd0873234c6ff6694ca3397f0534198e8d5,1,0
0x51214c6bc31be69316e194d53c6015aabe48295c,1,0
0x513a5445aa52a244df496b65714fb6562ff2644b,1,0
0x5158929a90fdb03ff73010f953465e2b3e8bd3f3,1,0
0x5164c3398e80969fd6a9eed0553718d43bb5177b,1,0
0x5196f7fc058a94f34138b253b6cd61e1b3a4aee8,1,0
0x51d4cdf550e851e9df463be65b9025dc8138d69b,1,0
0x51f91a92737615d4760f6784461716850c28f7c3,1,0
0x52068d13ca6e426915620cb5dcc94976f41bbb92,1,0
0x521d5169cfdd7d1e9d26197ad2a97d617cc3b6fe,1,0
0x523facd86c2bc1e3af1cb19c2b8354ce9f1dcefa,1,0
0x52b8a4442cbce61f9130143b52808d6f02d20d23,1,0
0x52d6cdf324dc421a1e24fa60648b5a4b3fb80e44,1,0
0x52d7d0126a2cab867343b69d460dc5fa20f062c0,1,0
0x52dacfec387c5f5d5c855e6eefe924426efc6df0,1,0
0x52f59b9dfd5940432750de7b7653fa41ff1eab61,1,0
0x5305e7c381a20aa4dcf2e1e12ec606617710a280,1,0
0x530a4d11cf8b450ac5d632de07714c3a5fb05bba,1,0
0x5313514efdf0d5d812b5875ec38c9e4ea0de1e79,1,0
0x532d07c5e166fecb9fbec20e20e045e7d5516cbf,1,0
0x533e12a1ee87d9ca00fbf2efae3ec7ddc81a5337,1,0
0x534661ea8325c5cdc72e6ec010dd06bd052c56b4,1,0
0x5357dcc9bd97173578ee097017e85f4d637def79,1,0
0x535c01a54ac7309c3a7c354c947a2e004ac342d5,1,0
0x5389b20fa96a825523d44ef599087b4efb4baa22,1,0
0x53a41265e10f66c987fb2e55a48939e1c50f3ea4,1,0
0x54123ba6dc92b6096baa2da9dc1834e23ec51367,1,0
0x541989d083ac9df8ea5abc72284677b555609c15,1,0
0x542c97b5e4631eee9111c0863a18dbe5aa0861d8,1,0
0x5464b264b457ee3678dac8dec03c18d2c67fe1e3,1,0
0x547254499490f58fa4dc9d67c8bbb8a8f5049433,1,0
0x549c9590a03c0385982152dd79a6e08f74c41bba,1,0
0x5520a9622e94cef38adf911aee8306c60a624ecd,1,0
0x55317b239abb1e4eb091ff155f39e99a1ab2db14,1,0
0x55b300a8edfa028805a64b780ad66f51417bc42f,1,0
0x55b7ff051ce41905804fb7b858a0a85d30cfc1a9,1,0
0x55e81c489000c5661fb460af27e02cdce7c94a18,1,0
0x55f1a6df78e37943d589c2c16fa033449365e093,1,0
0x5602555207efa7cd4bd3d7459413d5e3725cd565,1,0
0x5619b6e36c19e923cdbdaacc93a7cd70bd1b7bab,1,0
0x563ed368f96a5bd1821af4908e530679bd34dc79,1,0
0x5657722ab4cd8e3e0e9f480555f1813a8552cac3,1,0
0x566ac7054b323f03b21b69853104c1521c83dad6,1,0
0x568f63b2fe254f235241c1421c694ffcd881757a,1,0
0x56967e0ec8b18c80c007dd6eab04527b49ecca0f,1,0
0x56f515aaf3d02f23223fbeb564f8254fa89908cf,1,0
0x56fa4c245c945157b65a1fd9d44d20dd18ac378e,1,0
0x5723884186fbf9d186921e2a5eb337b60690e724,1,0
0x573b5708f20c9322147600abf0dba7188c6c5e37,1,0
0x57cd7a20949ddacfb88a4e5d0dc9486d100a5437,1,0
0x57e6d0eab74655b26c68e4ed485f2ffbc1088310,1,0
0x57f23d462d8a1b3503e5fcf25e274a2224ea6451,1,0
0x581016c413ef535161d888fad1fd151619141307,1,0
0x581961b909e73dbde783d75317f8b69993e56e4b,1,0
0x58487c0a466de2effaa7fcc60efe7da690c73d2f,1,0
0x586505c2567aa30ce439ca26cd69b96443a5d79e,1,0
0x5865f29693ca8127a022c7b4d9cb1cc2a9c89f85,1,0
0x588ee228b1e0d4ca84f2f00ee53b4bf1cc6559a0,1,0
0x59909bbf79a8a7682d24f656948509834d4b2f03,1,0
0x59bdbea9b724baefd9158b823a6ad333af279c72,1,0
0x59e87724dee6fd6e1153711abb6c504d2da44180,1,0
0x5a5277d6b7914160a2a97f4218f9b2ae0cb6e533,1,0
0x5a61dd9a663a868144660f5fb7dc8db68f0500fb,1,0
0x5a810fb2a757090d7b3360998332e7a3fcfc2981,1,0
0x5acf2084b187777690f806f1b234934dd5a11457,1,0
0x5ada578ad07d5d7fc6feb0f6c1c2b58ca9c84eb0,1,0
0x5adce9ba09c4ec0565b5daad291a9cc5c7049514,1,0
0x5af87da1648bff4385f453f5e22b87dc949f38c7,1,0
0x5b012d6620867979bf0a8729207ca0dcb0a9284f,1,0
0x5b1a81d8aa48075fbc1f3700e807690665a28332,1,0
0x5b3228ab9e328740ffec9a260905ea77197d9141,1,0
0x5b54c7019ccd5b787bdbeb84dff8c0af6ad017aa,1,0
0x5b5aad0a9e6168f08272102b6f6abe2148fa0b95,1,0
0x5bd1e4b8236c56ee19fe26639b4d3481ffb77143,1,0
0x5cb3f9c0ce21065485f18a68fbb5fbfe88a81db7,1,0
0x5cc6d72cdb4fa3630cdb68128cc7a073fc62e0a1,1,0
0x5cdff580c01374f0482afd5968667e0ffeeeeec3,1,0
0x5d01cf7414991d74d52defef85a09bfc36c9b4f3,1,0
0x5d0ff7d8bdffe82549ef02664ee5488b4d1b312c,1,0
0x5d159a19553fd18a83ee4e7f4473816f39da0de3,1,0
0x5d4092f82d97bc9a98040b03aceb5954bc71b417,1,0
0x5d538dc3ee9a43b24b8121f6de064971dee92f0c,1,0
0x5db11f53405316e64c6a0d4b4d1f3e975e1de54b,1,0
0x5dc44de204e2a71b862587b08bec7aec053b41f2,1,0
0x5de5ff5f89b91bc085b5d36ebb39aef906b4e2e4,1,0
0x5ded1c5d112c220a04c981b1e807e322ae73b6cc,1,0
0x5e081f1ff978bb5329a962f0e165d9b304310572,1,0
0x5e1ba6cff7fb40abdd924b204b0b5808133791be,1,0
0x5e7038a4293c647ef5f270146e5d6091e4a44a51,1,0
0x5ebefbcdb0739c09513a9fc8842d09d24cf41e24,1,0
0x5ed9482f350201fb694865c87876c313e6b7cfa5,1,0
0x5f159fc7a8379b0766ddd007653b4297bd4ee03b,1,0
0x5f19ceccb7b0a01678d06dd2e1c6f128f5f5c8c5,1,0
0x5f2bdf26f6528ce05aac77d7fa52bac7a836ef66,1,0
0x5f40433fe332a507653ae2605e3862b7bae1ac1a,1,0
0x5f7059de3b830877a5b9a4809a23dd0a0a71e71b,1,0
0x5f8de4bd20d8e9c792ea27b03ca61ec401158c68,1,0
0x5fe4ec0ca31b5cdd73420fdb66fb77ff9b04c0f7,1,0
0x5ff498aa0695c634ea95e4f578cf43e8cd5d4445,1,0
0x5ff9e8b53fd784102c4d8097541cf5fea34ec767,1,0
0x60041a3829b55d898bc206f278fcfcb0d8b0a407,1,0
0x601fb601010a6ea8de405813e3ef9005a9653e0f,1,0
0x60681b862986744e18b509161efd7d060a9fd464,1,0
0x60691dc273398bb5b1c37393ca39ad68bc48095a,1,0
0x607cc108913c0256c652679be2c71f63493856f0,1,0
0x60866cc11dc2888de4d7bb41029e4cade7ce99d4,1,0
0x60c6ad35127ef050720bdaddae7e698e6efde2d0,1,0
0x60e4433aa48dbb6b1d63d81743ddca79fe6f8dda,1,0
0x60edb7cfb31c85d69a94da6491f37f3067cecfec,1,0
0x60f3db38f0323ca26dfbf1a4e40feabf070e5370,1,0
0x60f862cc10a7d14a1f174366a13c622247f6a8eb,1,0
0x6111c32e9c3b5276a53982004abca4835cb44d0f,1,0
0x6133e388d382c83a869284fb91727912618ec199,1,0
0x613bffbec06f26e601d5de7617eaf16fe245a0cf,1,0
0x614a88bdac70ddb63c36cde8918b9cb3755fc021,1,0
0x61bf24dd015dd2e37fb13310258007aa05d04e99,1,0
0x61c67462f0b8713dbd9f23d0913c230d87bb0353,1,0
0x61cc6074d5b290876c440bfbe8dc9fe3c6640a6f,1,0
0x61ce4955b47349750e4dd59232eca662650317df,1,0
0x62bff8ccb349d49dbc4998ed35cdb56a577714a4,1,0
0x62ef8c05b41094869585572c5750a246d36ebcc2,1,0
0x62fcdca4d67a2b25e0088f520d63f36f8cc2d3f4,1,0
0x63355d7cb13f95e6093ba64f1790e3ed2ce7023d,1,0
0x635419427a3e01fe86722a05354db9ec8e3281ce,1,0
0x63c0925192b6e6d205fb86f5b31ef6a4a6523765,1,0
0x63c0c78bf8ba75d6441e3e66babaaa0e0da008d6,1,0
0x63d30e0c24f85298b93916709b327b3f94955475,1,0
0x63eb1563a13f49b82c7f7c4f035997e0362b1002,1,0
0x63ee214a106e9b9dd8c8b3c814aba20c916e64e2,1,0
0x645237614d9472698c225d19acfe447b039fe4d7,1,0
0x64c218df4282112fe8ad5f2b771e57ae350d32ba,1,0
0x64c8ae6a9567f4e894deffda9a14381ded42ee38,1,0
0x64e993f82bead2c6aed8ae61c917527d8905b42d,1,0
0x64ee1b42f5083a9457a4e9de1ec7acde3e846c44,1,0
0x650fa5cf52de969f8a2f2e95d1346a5ab7ea5d77,1,0
0x651d6c807a3652b011fffcdd7e75926c8420180f,1,0
0x654f7457e2b93db2355612d65c1e8e90f1228628,1,0
0x654ff4b729f6ce41e4d8179ec1fa12a859f4671f,1,0
0x65757df30f81d8879f1a57f3061572f01e45b3d5,1,0
0x65fb87185bbaafb7363f23dc17843a4d01f76159,1,0
0x6619b0d21cbbcc86207ffd0093646104720bada1,1,0
0x6621dc7c0bd475798d95578ddbcd5be4912cd175,1,0
0x66cbf2f6ffe61fa8b2feb9372bd5d5068e731524,1,0
0x66d928b9a886c851410ac797806630a3a5773739,1,0
0x6711383c47a5a1be1aa716b931eaa44f74bdd045,1,0
0x6714cf904016041d001baa567ea26fb58c27a0f1,1,0
0x671533debcb2e3ca4151da0e38e8fa10650058c0,1,0
0x674c0465c37e85c95289993dac3561dbd2a4a63d,1,0
0x67a5ab0aef8e6b3b2ae4ba1d514c2ccce2ca6e56,1,0
0x67bf6313d57fa43e9fe9860dae1ebd806b373811,1,0
0x67e0d309a168a1d4a4d421d9b22c29f32bc0f993,1,0
0x67ff293e4aa91ebcc25e692cdc64fe6cd7d6ffce,1,0
0x681ff0b380afb20f725e1fabb62f3a6358e6e6f1,1,0
0x6831ec0f3f1efc6f0ff74efb1e7dd5733daad61e,1,0
0x6834accb1d1595e4f3e1c5a0c9e16ec199715611,1,0
0x684103408cecb99e130d440fb832e6447caa9c71,1,0
0x685104d2aaf736e4bfaa8480ea4006a6db0b4bb1,1,0
0x68613fc1bfb9211f2402e4162ae861ebe81af899,1,0
0x687c6516ea91db1d06aee37e47f405a4941e06c6,1,0
0x68ca2d5a3708a2773bd04fa7d5457700c36ebb1a,1,0
0x68d14619f2562abbdf637c3f46a45f28d5504772,1,0
0x68e0493846100a1d4c4d81b75541f1034f178318,1,0
0x68f4f0d2144c15b1b0417d3837e515521e3c0e80,1,0
0x691ab6be7ba771a9cc7fa782208c8bbeba594dd7,1,0
0x692c7861d03cd99c3615f3ceaf0f03f2172b59c0,1,0
0x694f7d87b3f8363f382d1f94673244adc40eac88,1,0
0x695ed4801272fa829c5c5d9d2f52176c67d58010,1,0
0x696827a70e185c0454753518ca339cdac7003956,1,0
0x69bbce3a950e1943be6be628ce5a7876a4d91391,1,0
0x69df5b8535a9912e0dc6fa63c2a5a14c2ee31315,1,0
0x6a045752fa43c98560d9d1694d7d70155d86a0da,1,0
0x6a26f87e61526253c42589a51fc20c933a707898,1,0
0x6a39357bec05d5ccd813cc83c239cce2be46801c,1,0
0x6a4697fc892293faa442be871bf0d20ba22a1f22,1,0
0x6a5f3b0ce00d44ade2286b1131f6a7e196364724,1,0
0x6a6583bf96f9fe5865f75606dd6f8a333a28d881,1,0
0x6a82affaf2344a4fae22d59ce5d59e8eca942ba4,1,0
0x6a93a2f334853380ba1a5f48d63cdd2f845557ca,1,0
0x6aae5e277e4b91ce9ec1bcb0dc5fd1506cfc5c68,1,0
0x6b223a7916830a0fd4b48dd36d4757df6cf906cf,1,0
0x6b360685ba455053cae6359060c920b23981f575,1,0
0x6b48a927ecefec231bbf59161838c278cd71796e,1,0
0x6b4f19bca7af51b72f419c1ae056fd87b5a85194,1,0
0x6b538ed9ec2de7349036770b7bfec2073f35061d,1,0
0x6b5d682d948f8ac4011447b9c04c06b9ea96b7bc,1,0
0x6b9c9d9801f1989947c47eb52662405b1aa422f1,1,0
0x6be12a6d8a783e5adabc8d0fa498ca05a780bc45,1,0
0x6be4dbf07de829f48da50854196f9b5e582f6c12,1,0
0x6c144605f815f0840c67b8d263f1d92a5b40119f,1,0
0x6c429dd1d55091d7cd31409119c70927aebc3250,1,0
0x6c4909fcb702812e8956a8d017e1d41bcb62127f,1,0
0x6c569e011403943bc7ff9f7f00974eb8c3d38802,1,0
0x6d416e7850633c74de6779d65bd6473046b8be5f,1,0
0x6d4ecdd0ff711cd9f477ad59a47ad304aa714f9a,1,0
0x6d66cc8cbea02496735a9eb89ac6c2e0fc3b6689,1,0
0x6d8d54ea33527b41069bc5a1e03110df68fc0549,1,0
0x6dd68a35c51f9faa7c204311ee124327da66082f,1,0
0x6de9d66d0f86b62a4c422359b13260c0803def9c,1,0
0x6e1a40fb675dd190d0e4fcf570fcf84f96d9ca5f,1,0
0x6e28c31047d5b15db8372de8da60aa4bcb329793,1,0
0x6e3063bebaf473cad2e31475e7287e09509abea5,1,0
0x6e80975847b9cd7d02bcf5e97e45b595b74c7999,1,0
0x6e98e96e4fca09b83958bb74a77a9508e5a8eca8,1,0
0x6efd4934be45359eb8486b813f03a715555938c0,1,0
0x6f018156762f7ff4239c7f6ce2bda397d312723f,1,0
0x6f08f6ac73fa4cc4d94fe6dc63eba063070e7261,1,0
0x6f0a70feba08e67249adb67bfc1f9b5f2973fda8,1,0
0x6f26a535b3693e6eaba8c938b808a803759090cd,1,0
0x6f2edefea1a0a311451cf69718d15aecc68b637f,1,0
0x6f4eadd2ebf8d0791cfd18a0eb7eba9e457d64d2,1,0
0x6f651464a940e3c2df3e0065339da69c68249e6e,1,0
0x6f9cab8fc40382f11161fea9261ccaf113ba891f,1,0
0x70179b1f94072f480ba630082085b5470be73a1c,1,0
0x7038d944cfd9088173ed982dfbe3c7acf1391cca,1,0
0x70796e8deea0cb8a962917a22c3883f0f595664b,1,0
0x708037c6a8b2cf68100e1d6077a17ba2709ac73d,1,0
0x708bd30471e020b638f354b0502f286f7e7d5dfd,1,0
0x70a5bd6c6454cd1ee313e4808d77f75492299bf4,1,0
0x70de4d606c08c566d635e60da1a67082b061e4f7,1,0
0x70f048636b11f27a4bdca8fa1f2b2a408ce8f3a0,1,0
0x7102b5becfe64b6009b443b03f985ce3565ed999,1,0
0x715363e5ce35639e1c47d653bfe4dd94843fce94,1,0
0x7165846a86def949d892b9a2f313a6cb16c29959,1,0
0x7184320c83c5d7ec6a002108bd24e7e24a7c299c,1,0
0x71a91dcdee2e36c17c773ba908ade8ae048fa687,1,0
0x71e548d34af8f962eb0f3fafef06a25e199be1ef,1,0
0x71f09b35667ddfec31ed4effbb22bca83b43cf19,1,0
0x72049c067b1f3c486ff76d8a1d15eeacc0192fda,1,0
0x720e311b07b5e56f257ca88c05895e95d15e874e,1,0
0x720e4be3d678be1b04ee2c49bfeecf341dd2b4ce,1,0
0x7216f5384dbc9e61f37349f3c08fb1bd55e29ea9,1,0
0x727640838d420aad4c95c3ef260930a04062e1ee,1,0
0x728861d276125bc3c8bb40e293c05c64866c31a5,1,0
0x72a3e5d532d46f49488026739c6dec2ec2feb275,1,0
0x72c5cd18a51d53db34072546a7a38a4f73600d92,1,0
0x72dc2779848898423af6a3fcaa7c429bfaf0312c,1,0
0x7301ed4c6bfe6d30970789ff981b0f957d091dea,1,0
0x730904115e61b3439df01d641ca54faaff4d4b56,1,0
0x73284fa4d69f6804ecfacc755197b77078bcd7ad,1,0
0x732ec8daeacb5bef930248325a1cce28ef8af411,1,0
0x73319fa9cc4668722880af7abc3ad76764a5f17e,1,0
0x73d13ded149565c73151513033c9fb4144d84485,1,0
0x744acd2b03469f294dfaa2d3a4b51cee6cc19c25,1,0
0x7464f5ca9ab5440481897f735ee69d1dfebfe480,1,0
0x746c76e7b318aa8b1da458f7f9ca4abf18accbde,1,0
0x74814838365ed1ca4de387073c82016c51de3569,1,0
0x75135823f53bff53a2d3a964f33fdd702adc8372,1,0
0x756a7b38f1c2775c1ae81cabaea0e6c26645dfc3,1,0
0x759c404ead58486593610cc73af7bd3334c84e32,1,0
0x759fb53d48b9375ee068a696d4f9d966f476135c,1,0
0x75b12b60c4ad372150b38a1f718d1ea9f10aff31,1,0
0x75d950fac22d19c0c15c6a90d4dc6781df04e20b,1,0
0x76025c1ebb7c6d61190761d2985c77cb2f464aae,1,0
0x7629ac3ed59898cc1b077f896dc6669571189166,1,0
0x7686fb08b520df815fb8484d57ca364f73231164,1,0
0x768ee9e25aa1d8f5d36c649d1e1d99d8565646eb,1,0
0x76c532115e4df4fde6637a7791983576a1a8bb6d,1,0
0x76dcb50a8f27b229f5578099b1f76ddfeff76e01,1,0
0x76e0248bd783433cef1c82e9b7516ec97c54055b,1,0
0x7729d472bac0301b4f0c83afc3cc079f36d3ba56,1,0
0x773a48228a236cc42e097ab82f3bee3ed42e553d,1,0
0x7744446f4fbe3e660ae9206fb8b0d46b8d097176,1,0
0x775a425dc7430bb04b92a7f1e72ce0edff15e55e,1,0
0x778462bd35e882de4ee359fc425231172f8aa0b5,1,0
0x779e4673037ab6787302aec0897ec7c645647df8,1,0
0x77efaf37a7ff5752acc7225b841cf82576f02e1b,1,0
0x7809fbb9d5c4cde320d322a972d77264e2a17789,1,0
0x78225c928f1d15aefd460b84d70d35a3416dc378,1,0
0x784a3f46b1170e0088e6ffb4b464d9cf422e329a,1,0
0x7851639605d69f95cfb2d296bd6ed5f4ab0ed402,1,0
0x789fa5cb1edab78b5cb80e5b654af5919bbea6d6,1,0
0x78e87050f9f82a16225c2ff91be393f8c97128bd,1,0
0x7917ef2c10c5db5c2dd7319a73c0a4810b657cf2,1,0
0x7942479acfe856ef87b25ef1cbd95f3f53297f37,1,0
0x79941f27e14e134b8918b92cc058daf8e87d6047,1,0
0x79b5068ca603255cd210c00951746fc8721d30fe,1,0
0x79d03409c179b127b1dc578647aad8f87b75c2cd,1,0
0x7a31320251067ef98b84a2637be0be874d14da19,1,0
0x7a32aaf3cb177e9d4fd52752721a64393480553b,1,0
0x7a38264cd6520bc52b173b633a52c800e06d12aa,1,0
0x7a3eb806bbf988bbd2d1851d539fd43fedabc1fd,1,0
0x7a77c7dbefcb36d5a1c4ce2159be0e028d634720,1,0
0x7aaa08a08f0c07ceab92f5259ffbf5367adfd68e,1,0
0x7ad722e10af129bf88d2ce80577ba2122d8356ac,1,0
0x7b190cd6e092b6cc513b411c338dad0c592f5d39,1,0
0x7b281d3741f881f43a49bbfb12d85f4a1d6ac893,1,0
0x7b390265dea9b69048b800b8f43c53ab7901fe77,1,0
0x7b499a7f91bc3723684ddb8b8081883b073def8f,1,0
0x7b8566ff618a0e63941c17f30994511e9ca6108e,1,0
0x7ba4910e637448e65d3ee63684b321e3bf01e801,1,0
0x7be7a505f07901c424041ff03eabe62f9da96705,1,0
0x7bfa80959eb5c7d034f74410c97a9c529486b843,1,0
0x7c00fbef9d80a01156a446a8c44ac088554e2aec,1,0
0x7c058598da8998599cd5477b1646de0fc5839049,1,0
0x7c06c9cd5a3b779ba5aa86dd2384cd5bff342f91,1,0
0x7c3ea113507609e98a079269d13d608c14c8f56c,1,0
0x7c8ec9979c02775ba79b42fc62db0dfb2926ed2b,1,0
0x7c913bc1e61a2dbbfb5c4f1d63ee218de53214f3,1,0
0x7cadb7905ae4ec92186890ea8270d54568dc51ee,1,0
0x7cc478c06880f761d24fccba89702262ee30ab81,1,0
0x7d2fae8a0ded5e70e78324754d7845a2c15c5fe4,1,0
0x7d36835ddadb38eaaf58551eee0de02547177166,1,0
0x7d5ef84170648a7fc5205cbf9b1be3a67c720b0a,1,0
0x7d635f95cbf791beabaf26a818a69b0b9ae5014e,1,0
0x7de024f124409e7a8645b5c0987bba3f4ce12057,1,0
0x7e125097abfe626c539c69e402eaa074f3a97637,1,0
0x7e3dfdf8d5a93fb1bb0c4096a07dcc949fbf612f,1,0
0x7e5e7c2a7408ff6bfae71a6ba230d58dce359211,1,0
0x7e6c37b81fc85f9e85833176ab9f49df156aac19,1,0
0x7ec635e9cfc7abdcda7bd74c5804c839cf2171fc,1,0
0x7ed1c2bf4411d7741808c0db9d0ab9f5d2da4810,1,0
0x7edcf63ea099d5d8f9349858d116a0b767ab4c26,1,0
0x7ee4d74cb937cab81de41dc5157a73445d0774a5,1,0
0x7f0644193c27dc02ca1e0edb6ac113af9424ce67,1,0
0x7f34d7b1d03ea528dc19c5aa28dbd809938a9af0,1,0
0x7f46008903d9c68dc553025f659b2abcc09df992,1,0
0x7f4a995accc627b0c73d985999e524e18601796c,1,0
0x7f71b24f8e96cced05d0a00800d43a77e3240923,1,0
0x7f9bc5a230e548e3d454ebcd25cab0509c7b8f5b,1,0
0x8007d304ad8fa47b34d9ddd7c17b84be52ba4538,1,0
0x802ae42b5a72432336cdda6a45a9ec0c8296c7c1,1,0
0x80486330ac60f226e68f66c2cf709c4e1df67b3a,1,0
0x806acba5507e157310e85b2e37eb03964202b064,1,0
0x80a624da2903023276188ced8317e0c245a2baf1,1,0
0x80c2aa62fbec07d713a0e881d7dc89c8c13e5fc5,1,0
0x80e102e8d5d07bc872a6deed30e5f44e0307f172,1,0
0x81252c1420f263b4516f031a2f1ba666837abfe0,1,0
0x8126368013e25e3b0be6b15aff7ad34d8b9c27f6,1,0
0x815b5f8951c29bad1dd304282880f32a49e60350,1,0
0x8168f7592df8c1f7560c7eb9cba1df5ed044d9d6,1,0
0x818549bd829b8f9aa13dc0de9d3242ee631a5438,1,0
0x819499ee7d12c9e7de9b5bad7745196d1cd36abe,1,0
0x819c0048850373d8b98ffe731348ab388bec82aa,1,0
0x819ce8a1c514f877c1bab97e0a0a771030c70d1e,1,0
0x81b44bfaa270ca81fa8a0de058043dfa2adbbf08,1,0
0x81c35ac5d1699884fe88a7812c6c8e4423d03d74,1,0
0x81c5516ed857818b7fcef0fbc182c8be2621cb57,1,0
0x81cf21b9c98d5499cb1dbd65d35b2984a904626e,1,0
0x81e9cfa8be5ba6f8ee3fcdf38e54e86b51b32fab,1,0
0x81f2f1916800038d5e0f4a7030d0c118b713385b,1,0
0x82014c3a7ae0e988edbdc64c1ffefeede8709cc0,1,0
0x820d465303855db70a34f60bec2419cd99f99946,1,0
0x82118ff17faf2b286d88a8dd65305479ba470914,1,0
0x8229b2157ea2868dcefe3e362d0fcca428b976c2,1,0
0x829b675d2059bf4158f5dc4f05a2ea703664050b,1,0
0x82a1315c95f1a53efc9256dc6e27aa009182ad6e,1,0
0x82acb55c9662053348f92d21b88c2db652c24e4b,1,0
0x82ad5d70ef9a5233601fdf3824f7b4d36e874448,1,0
0x82b071734aacdadcd61c926b52e5cd62818bae94,1,0
0x82ce2def37cb53b6a53046f22dee2eccd4e4b365,1,0
0x82e5b6ad650fe2741bfca6a095d493cf97ead16b,1,0
0x82fafdc8facdd51d12b7216aaf2de59a6fe759be,1,0
0x83307c817254bc8f17588ae8ea4c69767e7cecd1,1,0
0x835ac227c92bb27dacdfeb65b10204d05fa400be,1,0
0x838228042df0fea4dd5a5ea0797e5859fb1668d8,1,0
0x838a3d320707daffaab32763db139e59dace69c1,1,0
0x83a1f9608355b0de759f30a941595e5ed8c94aa0,1,0
0x83bbe9cfcc205bb8e53cba0b51d6db9386ce58b5,1,0
0x83cb079ea733469d3b1dfae1f3b57f8431032b21,1,0
0x83cecd7744585c16caad97cbf0f55f6d06c3c04d,1,0
0x83ea5dfbbce0d9ae48925eff37b167356177d541,1,0
0x83edba88cb46f4b1dddd94458c2f952f24e95c45,1,0
0x84018cdbff6fd6ce5bf5932ef2214ff9723b9586,1,0
0x848a6dddd7a66dbe2719626e5c4f17ef3e6bd3eb,1,0
0x84a517e3fd72dddee15c0b2d7d76efd7c49bf5c7,1,0
0x84ce891447ca03745fa00feeb6693027060e8383,1,0
0x84e3f31d1d1fc8e2c1702249f3d5d1494f2cc7e5,1,0
0x8517f8952bb2bcf446c0e75a99d962540168b6ab,1,0
0x853c280ccd11bbf8824fbc99da40eede0625b5d4,1,0
0x853daef0a2ee54af9e9f90c700bc9d04bccb4d2c,1,0
0x85d0d7c18331c0711cda57d79b03067d12880dd0,1,0
0x85e61cb2c8ac1fa930f178fedd3f7e8d7d9e9169,1,0
0x8603a95dfdf612d96bdbfa18af566a3ea667debb,1,0
0x8606ffce265a9f9cb7d9a447426c0a87a4d71b2b,1,0
0x863c02cf846b5db54c305a47d2a7963b74eaa36f,1,0
0x863f90cf0e7f86471557b0c831b6e8e1b7a3276c,1,0
0x869a94de4eb93ea1ce7d30c4f3b22b7839f68268,1,0
0x86d55a7c9e70ba692b9b9b8460f354034f9ec896,1,0
0x86f22e45a6d94ff63d7191f7858a5f4d81a6312e,1,0
0x86fb6276f16bc516da9e591d154dfca92b0591e2,1,0
0x87218f32b9b0d83ba36ee7dcfc622a17f86546c5,1,0
0x872ab83af6e26f4929e83322eec20e859f1219c8,1,0
0x8739e25d8baa5cb0cbe8914c2dc270db1632a8a6,1,0
0x87ae63f23e0255fd24dd5cc99e02b213588fa438,1,0
0x87fc193af1e2ed7e7d406fa5b7bb6680e51661bb,1,0
0x88099055fa6d188be9983a1689e839ba5942cfe8,1,0
0x880e9659a0bcdcf76380f52b3b4beefd988f8946,1,0
0x883c7d442aee4e1eb08cf901f5d88dd2b0285e8a,1,0
0x884a2ed6f7660fcbd6150b5af88971b056c61ccb,1,0
0x88cf3c4e693c6e304486a27d11ef52b30ef27abf,1,0
0x88e84b27d7cf33b7ca9e00f265156a487e2954a8,1,0
0x890b3ba29700ec4eefc1bc3c3503afa0293e70fc,1,0
0x8910b84076e93a4894ec818af8bfcd07fae27a60,1,0
0x893bc4af3338e4a4bf8224a3035bcc5663f982eb,1,0
0x8942f6483c88d74a74db5b5325450ebbdf2f7fad,1,0
0x894c933c4113fa86a84262f12610d4e8266e9194,1,0
0x897d3f6ebb41be0d149c0ab1687e578e79de13ce,1,0
0x899cce5baca4e4f7f57905cb34084740f77a2b84,1,0
0x89cb8c98cabe71345b89c92e8e052e323a4e260f,1,0
0x89e4588cafc510ccf4e6ef5f4deba71fb9ebce51,1,0
0x89f3054ca34500ec6a7e3fd46780dc4cedb6fd2d,1,0
0x8a1394156d8684780d36edb7426eaed0ef73b9ac,1,0
0x8a3b627f3c7e7e24770e5e897e1285746d30711c,1,0
0x8a3c21723305151eb41832cbaa7a1831f9b79ad5,1,0
0x8a42f5ce5d5b02484567f13ac55cfb5c2e640885,1,0
0x8a825e7fede81bc6d5d6cb33319731ab6b58afc5,1,0
0x8a94e09647cc4ad816dc24d115192d12d33746da,1,0
0x8ae5cf44e2e1dae319ca4b0e52c01e6a79065695,1,0
0x8af2e61c674c4e63f7fcdedde788467e2ccd8e60,1,0
0x8b010a2c0cf9b8032aae483a34cfc532fec10ccb,1,0
0x8b4d97726689995dd617303849630878ff05c2c7,1,0
0x8b6072b4c52f6df7095e5a6e8158ea2b7f0344fe,1,0
0x8b947a653039cb52c3dca1274a5c8452de2f2925,1,0
0x8b9916967988c84064e83280359b8d2d7d03cafe,1,0
0x8bc7cf5bf6f1d4efac4eb0dfc87814dd2101ccd8,1,0
0x8c25aab132f0790a2bb597081ef5873b6900ab23,1,0
0x8c51d3cadd3498e611abec368e719d710bbe495e,1,0
0x8c527c4629bd5f8178ea92d33534c63283bf53a8,1,0
0x8c61b2d74fd596024c8712e637e8f259da447faa,1,0
0x8c6c16cd57863bf15810c5c4770144ff165a767e,1,0
0x8c83c9cb7be07b4ee3f1c814dabf47368fb44c56,1,0
0x8c96c90f8522f7b58e38ab4b8fae28ff65406d19,1,0
0x8cbdc8971dea86a8471dd4b43bf8d79afb220e1d,1,0
0x8d27df92e161faaa19704a21cc3e446780f2c59b,1,0
0x8d2a85e48baa048223b2cce246b4e60ccd78b4a8,1,0
0x8d673bc2692f5143f72627ce2c4847089e134b29,1,0
0x8d6a0e62ccba5b96c2995b11a65d34626e156747,1,0
0x8d6bdd27fbdaa43f51fa030c0e567649e829bea1,1,0
0x8d6cf3845e5f28b36752a38db2b4d2668666c34c,1,0
0x8d9a4c49ec41c753a843b0310deedb9630e34d28,1,0
0x8dd30a2db1f71e107b3b1dee7263aaa9afa36eab,1,0
0x8dfc90a81fb8755bbcfff78f13b57452546f04d2,1,0
0x8e0e0ae1d8ce1c94aa7165202a4a394c2ee604a4,1,0
0x8e155fd626ffc93c4a677c45cf1d7715bb8e3110,1,0
0x8e2cbb5a83c15b09d3f3a8fbc853cdbb044a4de0,1,0
0x8e46c2673d864ae3d31e1f645e1c80cc6f18a67f,1,0
0x8ef2d9c1250979fd1f91250574596f03d27f53b7,1,0
0x8f0225a11ca0d815cf518d4b257233fe2e13233d,1,0
0x8f55b81d3a185eddb2321fe7354f70709610776a,1,0
0x90041b577b1153a8f8a8a3bbf63f9587075e3ea1,1,0
0x9008de0d3e0d624cf6a426be5704171a57027fa3,1,0
0x9088ea19674edb4c88d28f4751856d6b4d28d430,1,0
0x908f3250567a69896301f61b81c423271100678f,1,0
0x90a0541708005442157edce46c3fb3ce55ce8534,1,0
0x9158dad7c0e1f1642678dbcd24aabdf4fbbce1ac,1,0
0x916f5c4bbac4955140228cf8208bc3bd6e122b5b,1,0
0x917ee06f0591e016d94df014c31bc7a242d39ed1,1,0
0x91abacd9b14ed3c88940462169b889b2228c25cb,1,0
0x91ca6816411eb81967de387c1906a5e786dc53f4,1,0
0x9276c992f952cc05b72db59463aa110cddcbd044,1,0
0x92920e7c8837d7c10ee4daffe4b8090a385cedc1,1,0
0x9325224467715b064cb35cc881d3acfc6b329428,1,0
0x9346348d8b49368de7a8c90522216a58ff91cc4a,1,0
0x9349e9fd4dd5464aaf9ab55dc58a6ea381a207a0,1,0
0x9352fbfe05389cd3ac122bb32a49d18046908f3f,1,0
0x93636b4f9aea40647a7e02ce164240a7f34cbb54,1,0
0x93aae01334a08deefc39ceeafe5d68438ded7547,1,0
0x93c02aad51cbf1ec7941d7a4cd57764817fc267f,1,0
0x93d4a77b038633537ccc44a53f432cdf381ac0d4,1,0
0x9414f7f28c7d1a00a9e256f2dd030a569430e1cb,1,0
0x942a8b26cc5030c36ca923e537956655717d6c4f,1,0
0x944b8a5c94055a761d518ee11c6c370b139eff28,1,0
0x9473c9716f4e170132f5122fec4abef9ee20d041,1,0
0x94b8fe450d8e499eae286e3a5d46bd2d47328837,1,0
0x94d9a2e92bed46332697cfdd1b19c118c9f78102,1,0
0x95686a695490aa488d3bf0c057b748604a1abcc6,1,0
0x958a10bf95698780484c682cdf140e91e4e2dc76,1,0
0x95a725a50c2ecbcca1badc737968cb3481df54a4,1,0
0x95d2e74f32351e0a5c52b30d63000edc5a623a21,1,0
0x95e8d1479bb9d0f5db72463f7b118d764d46ddf4,1,0
0x962bf703902d843cb8dc4dff3160b73d84c12457,1,0
0x96391f12d98bde444a7e62326c93dc9ea9ba70d5,1,0
0x96452f0189c95e1bbbee6ac352ca5f255067cbfb,1,0
0x9645c8ef056506a82d9956c6511af5a3ea4abd14,1,0
0x9690e41815e28f3b0c161aad835dcbdba65a7b18,1,0
0x96c674618d3f3556832c0af5298745500d89a638,1,0
0x96e803acb2485457b990d0bede716e6063b9d1c4,1,0
0x96eb9a3772134db136429137b66ed35d3b93ae35,1,0
0x96efe7d404cf58a74b138fe7f89cef8f8a6ee8db,1,0
0x9701ab51cb1d5b077a3693f0746b5437b32b74e0,1,0
0x970f848b195e7875d3ef03ccaaa6cc9dc55d068b,1,0
0x973166054254dfdf6571203745b6125c74357510,1,0
0x97b12cb836c11f28f67f447485c778c971e77372,1,0
0x97c9c550c89fb9fc31d43af99d178952d55da68d,1,0
0x97cea20e1c16148dfc4d932b4639efca3ed18a82,1,0
0x97df3180b6ac60608ceec289362e834d530b51ad,1,0
0x97f10e99cdea95212ee0f4e947d62ff59a46c19d,1,0
0x981b83bcc7badb47d96b0e7318ae10e6c83900e3,1,0
0x982f2cc5436d049d2a5fba2445c1b8609c8df0f6,1,0
0x98309c57faef7effc5f04a0edea3099a472a650e,1,0
0x9857f9fe66f531f06b5ace68c9c4496f07bdd422,1,0
0x9862b0a96643ded32e739845643dc9fbc30fefd9,1,0
0x9889edda604dd3da504c7bdcd791037ef1cd5e94,1,0
0x98bce1b32f1adc7b7cc8e9054f00aac94aa27d04,1,0
0x98c8515bde38402b2ef4c4e8a5cc63c78d8b10ba,1,0
0x98f99ba07b33eb1f7c60d6aa8ef0a592ef229dc6,1,0
0x9929bdaf14d7886ea4943b0e1435098c8114d539,1,0
0x995b71f449a962e77413d5c0492ea39fb9e29445,1,0
0x996355dbea79376319251e56f490c6d5294a0087,1,0
0x996eea82027dec7f970e44d6a732ef55b4c2d647,1,0
0x998f4b615ab577e10ad1183f6a621d1aab1388f9,1,0
0x99b1d91ae6c1d1b6b7d64ffc08616fdc0e772eef,1,0
0x99dd26cd24e634063af24e7820919e466477d15d,1,0
0x99f1e1da340c9bb430fdd85b957201707a84d3f5,1,0
0x9a0c6f469d0140de1c804dc0f7ac737474587420,1,0
0x9a517eacdf08bad4aad50caec58066efa63702df,1,0
0x9a608d9f416518b5f11acf3dc5594c90d6998e2c,1,0
0x9aa5cde90d92039d48e074140ea055916532c9c4,1,0
0x9ab2b7ce57e19820e0269f4f94e825b3893b6f9f,1,0
0x9ab96517f6a224caff1ddf3ce7c4896993e25399,1,0
0x9add3f92c9bffa578f40d0eb47f63a8d5e614776,1,0
0x9b4e2ec0bdccba62e6b03deb9c82e3d950d011e6,1,0
0x9b700b581f51e16d185b25a626dbab413b52bba6,1,0
0x9b71c439be37599249bdc18a95aba8b3cd896fc2,1,0
0x9b82713904131ac319f8b512e0d09c0ce5df9c0c,1,0
0x9b99e4cce6f4627e226ca6c609825f32bfdd2653,1,0
0x9ba601ff0ab9a76a9e742e8765158c37144b82c3,1,0
0x9bd7a342706231f092aa3fb70a35e015e67e8180,1,0
0x9bfa61c0e36646ab7e10be2e46337a63ec459fe9,1,0
0x9c3d0c03cefea9d43c940ca1afeee4917e352451,1,0
0x9c69bc449e3a2859443a5cead841f983032f0a01,1,0
0x9c84b998b45319f415ff517ebc4cbc9f94776c84,1,0
0x9cd74f63f299926c3c009704959b50f4fbd0d06a,1,0
0x9d16895f95451614efbaf9be7f3e2edab2f74400,1,0
0x9d6cd6d3aee4a6a867c013a4311d0ec0489e0bbe,1,0
0x9d90dbee2ab755f612e702cfb4abea77912bbdc7,1,0
0x9d9ac7ae2e68c589b3d06efc5b30eaf961599f02,1,0
0x9daf38252f4ff715cd487cf7bcffa6a5e5d38d67,1,0
0x9db07ce8cbb25311200edb0ee766cb2be19b9d76,1,0
0x9db4c807657bc7084fcbcfbe228228e0f4687db2,1,0
0x9dc3e0fc228c2455773e70ee9e987ae2a6fbc07d,1,0
0x9dcb113aa384b5bc8de7ccf2cc76669172541494,1,0
0x9e300df928287eff8c1181ebc83a9d43782016b0,1,0
0x9e3ef4c45c1006809754b7dc24f722193c6dd1db,1,0
0x9e5ecce8a9290910e1c6c416e4d6e2e847525301,1,0
0x9ed52114a963f2f97b3f0caa72bff0963f806108,1,0
0x9ede14304fbf25db20b4581e8859c70b8c7161b2,1,0
0x9f3fdbe640f43a2d8fb3df0ce53c52bee8092de0,1,0
0x9f9fe64b2b18ed00a750098871599dce3259e125,1,0
0x9fb4643dfc1752ad764acaef41b7b4eba1976629,1,0
0x9fd6337cc5505507f5b8da55a1422aa2eba3072a,1,0
0x9feaecf898f0f628b5b0a81d813bfba1b0993c63,1,0
0xa008467038457f43cda34c3497678f6be5aaa3af,1,0
0xa02500eb30006c9526528b4bac3763f563778590,1,0
0xa03f24da09cb43b03552da2f7b56adcb9f05432b,1,0
0xa07923d69e736b2571ae84caf9d1bb0ea8d32d76,1,0
0xa0cc04b4356b7b8db816030e8bf1977bbd75ecfd,1,0
0xa10faa01b53fdd3729448fe7afcb2148d2619162,1,0
0xa1264b3433644fdb4f0c113909f317ecfe2f812b,1,0
0xa132a5cb8acfe8d249244cd91b26d04c520f3ada,1,0
0xa19cb3b81e3d16daa805c321634119df0327111b,1,0
0xa1bda5e800bec162edf56a5f3783afd5b2bd74e8,1,0
0xa1c76e639fda30506c3bd9fe8c8bbd7ef332defb,1,0
0xa1d3b7db610c1515196969f73431ae48cd932c30,1,0
0xa20c9486fb22e5fbe7fd963ddc6cd86ec03de187,1,0
0xa213f24678f75520380c224522e53dc2c1fdcbb4,1,0
0xa232fc8409d4a3310923faa96ed45b78d83b3934,1,0
0xa25d852cac8c48bcf7b61258c63513d46ad011c6,1,0
0xa2938d8850cc79dc1bec53fb876d29ed04571b7c,1,0
0xa2c30b88de3abdcbcf7511b9cc57f43f39b3710f,1,0
0xa2cc8956ea902a7892a1b39f81a9062cb51c3056,1,0
0xa2d36ca97ad087468b914a8d33e4007ee9c2c598,1,0
0xa35110307e67357c6b9f386128b7f16aa1a171f5,1,0
0xa364657e788bcff1374606c0f498fbe11d7db46b,1,0
0xa3999b3800b9b39533d9ecbc90f7ebc99d6ca10c,1,0
0xa3e65d66521671b28ecc2bd15b92854f5b0c6a82,1,0
0xa3ed090132df3c1fe86684adcc53f06bd3334c05,1,0
0xa408f8d4742e14528580bcb0ea84ce1104c6402c,1,0
0xa40930adc7d405438b4265ed7589c577bbf4dea0,1,0
0xa437edb5987318649c05386801135a0c0bfcb701,1,0
0xa475237ba85a4250627ee464abaacb8308315ef1,1,0
0xa4b25715f69967e21095afeb9c392fc0acf4d4b1,1,0
0xa504324d16850ea9e94d77b36398a4ceb9d62cc5,1,0
0xa5185a2a427b213ecd3831b76de7aa047031ba29,1,0
0xa5222e9f95b4b72a7c8e4dff92d2d432b72462a1,1,0
0xa529b5e78bca989891bb70c805c65bca0413db64,1,0
0xa54986e495208e8c2ce75e67528fb128871ff37d,1,0
0xa568ad203cbdf0cd8fff3eb90c879c0d3b1fbcec,1,0
0xa57c0416eda10e90f54f23375c45d8703e2f51f4,1,0
0xa5dcf990e201270ae985f4565263a42821e456ac,1,0
0xa617dff72bd550a07d188d6bb00673bc5e896ca0,1,0
0xa63acbbf2d67aae2bfd0c73f7c01457c28673b01,1,0
0xa662d2eb6ff6a36c6c2987f1b7f0f0813c226ba4,1,0
0xa669cdf7614d2d099cbcd8533e0d7dedc7d51db5,1,0
0xa68e09c3d480424ee4dba6166cd86d3d26a3b460,1,0
0xa705cd374dff1cfc96960d3ef28d6a553992a823,1,0
0xa76b296bdfa03ba3371b1efbcb1a0a1df20bfd65,1,0
0xa7c783f567c7c29de3634fee4cf677253236d575,1,0
0xa7cdb3fefb5be4d23f3322ee566c3970c5a6073e,1,0
0xa7e7bfb397e1c8084cacbdfee95e0145d6268152,1,0
0xa7f58f5b625b4e1fda88ccae629fb8554a4c9ff1,1,0
0xa805a869af8de6b70a589e07d9a2601c4741c45f,1,0
0xa8466e6da5b9ca4b29f138a4e8203bd5bd26f4b9,1,0
0xa84f4315d2a40ac26ccb6e6679d4befc727f0979,1,0
0xa890918e0f94dcb7cc488752e24543c42228aee8,1,0
0xa894c849f3bd2bce4b1f705260e0a36c6cfc1884,1,0
0xa89d4e0c8c66a2c3a2e9c1026f35cf3c10958314,1,0
0xa8b4721f20e6a6a128dd49598fcc740adafc401f,1,0
0xa8bc991c77f6013158516ad73a0ca83e663f869f,1,0
0xa8ea78b8d05b52dbd832cba52b3ccad2afbd4b32,1,0
0xa8f14ac326b9596eff69c0b3889e8ecc3dd3b3b9,1,0
0xa925650e051423e3811400a9479d3e8d56f9a4fa,1,0
0xa925ce3e3255e566d0cbb6bb4f3f0b9472cb74fb,1,0
0xa998fabea4e577c22e593df3c218e38b979e76fd,1,0
0xa99b29d141e4dcd3543a9ba5797ef8827bdce241,1,0
0xa99de78b179e21f9e9c43c13d85e93c3c8e358e8,1,0
0xaa7000ff8543a0af09cd5436bd07b4d02d3ebbae,1,0
0xaa9aa55efb061fb9842df9e2dc4efc3f67f65bc6,1,0
0xaaf1f8281185e7613ec45f5d735aef8b031256fd,1,0
0xab070b618e020a8c200c384f757f10424b9d5813,1,0
0xab3bb51838e17ab25a7e1b9d45abbeff11aeec99,1,0
0xab7b7ae4c8ec3eeae458ad3f2cbde5abc2b086fe,1,0
0xac1833cd779e2c5d40b98117d25f331ce48af11e,1,0
0xac46c43cc309b65f79ced5e8a5cb545398400351,1,0
0xac5d2a61a991545a1efdd890d3ea3718d97fbb90,1,0
0xac6a2d057256934d2b0be7d101f3e9c0e12dfb52,1,0
0xac8fe6f7b8641940299196ce1596fa4a73955b7d,1,0
0xaca8c26108f6bd910de6f060c3f583bee0052f98,1,0
0xacc00e45cfe70154c9e058e21b942dae76ea352d,1,0
0xacd7b8c36ca5270435d66f4ede10c7c76ac2f286,1,0
0xacefd61c42397083ba060de0580fe1600f1f766c,1,0
0xacf37f2410bbe99c696b615ee052715001a76ec6,1,0
0xacfb65522586dd35cfec0049ae900d40df2853e2,1,0
0xad24b2f81c7b67b94f936bf4be31676816dd3606,1,0
0xad40957497cf0fad29020d29b2e385047f42d73b,1,0
0xad5a28e078b82def10ad8bf841100568eef79668,1,0
0xad7a806487079fda3ec9854f0baf866696e0f6fc,1,0
0xadc2e1feaeea5049401824a44a4dc2c999ae94eb,1,0
0xaddca6c5f19cccc90c05fb22a0920a989eb68f23,1,0
0xae0436bb1fa0e88717a33f0677509ccc18da3ee6,1,0
0xae0708c7805427b2b21244b18fb3b711b11097cd,1,0
0xae3288e35bf6daf701d5ba7ad8a648462b6c1ee0,1,0
0xae592b9b92cf379afd5720834b4138c52902c0df,1,0
0xae699e2c6e4ac9e4d486a5777f4f4ad0b69c9602,1,0
0xae7b4db42ccb11a734a59c87727a69265fbeb8d6,1,0
0xae9399560f0a0a0cec110b29c3ae9ad2cd986309,1,0
0xaecc30d8c09fc2d2f03fc4dbc345980174061718,1,0
0xaed2f78da8d6db63913e18b65ab15fd2b09ce0ca,1,0
0xaf1818cee3f952362e55677ca642d154f2f80db9,1,0
0xaf18d1af78a0a1ecc06d64b92064bc9443863e0b,1,0
0xafa9832ef6c22f0f3d9ce0d35fb097e213dee883,1,0
0xafc1eefbf100d315d341d7f20404f4eab949ec7e,1,0
0xafd205de78bf52fbba213cd440d877a8b52931c9,1,0
0xaffda0515b12bdfb003b76a1f82f79a54370cd1a,1,0
0xb0a4161a2fc343366836e7efb7d05d46e05ea6e5,1,0
0xb0e602a0d37d386617b461376ed798cc772ea3b9,1,0
0xb0ef56de7af55d81ef835d76cdf08933b6566f5d,1,0
0xb12170b2f8c0cbf703b2d89e2206839083966226,1,0
0xb1a3b4fdcbe61d1d1977ae39c20c569892d26776,1,0
0xb1d7724d43e74dfb9bfe2efb26e0ee5095307576,1,0
0xb212e85c263094dcc95fc98f646471440f0fa931,1,0
0xb2148c7ef7265ce17c08f9aeea6b9e51a82c9a9b,1,0
0xb2183ca6e14454f482a8fec18d0f58bc91ada5ac,1,0
0xb218f94ef7f600ba7209590161800276f210202b,1,0
0xb21bdc8ae300acab8b4b19e75fa72f669f85c5be,1,0
0xb234117fbee90478e8fdf8cef0f19a1c6588d8bc,1,0
0xb23499bc3b698c6aa2d20c4495ad5f8a8f4e20e2,1,0
0xb23eb352e959018b82fef8f6853c3e6a45552936,1,0
0xb27aeb2091b5348257e9df582d5fc664c14b54f9,1,0
0xb27f2bdf6556502838eb6a0c829c1314021bd343,1,0
0xb28d319742c75d7b4c7e7c5ad719adc0d3156c46,1,0
0xb2a338a16d34df2b1603c7f5b47a01005ed523f7,1,0
0xb2e3630ec5c159b81424f13a59025ae04fbee436,1,0
0xb31d6b9b580903c07e3896dd7937a48bf95a191e,1,0
0xb3229454ed3d665611a30a9d8652b1f44424a80e,1,0
0xb333afad69cd618c05f7614a5aaebadb1dab1293,1,0
0xb35bc4e565650c214d1646419ebd9ee2192927e0,1,0
0xb3682804faaf75987b478e3a19e741dc691a9d83,1,0
0xb379a8ffedbd93d714450b326620bd6025452e1e,1,0
0xb3898c8047f209552b82fee43a7729a6c1cac9a8,1,0
0xb3ab97d7ac91ece374f0efba85ed7aef664466ce,1,0
0xb3ced4244121b1fae63a214e884d16963dd503d5,1,0
0xb42eee78efe3c002d077b055a8beb76d9a9190cb,1,0
0xb4364847cf23ba36c012fdc0c9dde4078bdfee1a,1,0
0xb47f2a6be560252445e47804228ecd0d73964ae2,1,0
0xb49c63e552e330a66ff882ce38406cac9ff30d36,1,0
0xb49e13700229274a515e585005e7cb961b6a14a8,1,0
0xb4cab4634e281344cadfcb362c2333bf0aef2454,1,0
0xb5245b25507ad2bcb5877edf0e20b49bcc442cc2,1,0
0xb5283d88e6ad7e429bdb2312b5d8f3c5e889360b,1,0
0xb57e52d32a4d3ebde546c20818c0b989e9c0a1c5,1,0
0xb5c734cf9768192768a71d9fa034269e51d50c8a,1,0
0xb666389bc055615cab7e23391af02e00c6afd0e5,1,0
0xb67ae662b2e2bee09ebf50b1d682284b49652aa6,1,0
0xb69adef1596b2b0f600452581c786e3db7b87de6,1,0
0xb6aac44ac66ed0e95c144bafc51615ef7f341f2b,1,0
0xb6c0916aaed191e0a8004bcb74e8a3ae0a0122aa,1,0
0xb6ccd01c2a116c3b92ffee7c1d5dd58c84cc2661,1,0
0xb6fbf8e393e35bc86267f1b3c810d90a5392f261,1,0
0xb723087d0e0b9ace8835feda885b1c90aa8ce931,1,0
0xb738747d62ff073761bd3a986be7d1a58e6984f2,1,0
0xb7555be07277e8ca39ae065eb90a4ca7a3229986,1,0
0xb7e338e31d39b60e11934e102d29c93d65b60e8d,1,0
0xb7f1165b7d6583c31647f2808dace536306060d0,1,0
0xb80f224e2f6188c65d13ba39c05ffcc804a72120,1,0
0xb83b63f9b5b7cfa06af9f6f43642248828961c8a,1,0
0xb8836bf50c391c9280d85bef7b7b26f19d7a370c,1,0
0xb8c29a2787b81e358b1d8530339cdd88659a485c,1,0
0xb8ccfd9a3ca8aa9e0bf0aff1ec070ac1b6eceaf1,1,0
0xb8eeb7d7eb1cddcafac8443a4f3637d0fdd9e099,1,0
0xb90bad1708bf57e3c1b8c6cd7de56eea221bb9f1,1,0
0xb9525f8509e3491055410701de6130abc44fe33f,1,0
0xb9590f266cfa3df6e548b7b31570d4732e4db6e0,1,0
0xb9afc81870a5244872cef1a338d345138b77da27,1,0
0xba3b454a0c8a645c627b78b974e9c6e18b9ae696,1,0
0xba3f93746b0f52c6d35b48df8b3f716778b125d1,1,0
0xba96e0323b1e95e0b0ad72fdc24b066dc4d02313,1,0
0xbae0c2f422441010eed5ff227746beb51c399424,1,0
0xbb08447e420b4a07c53c2868bd734df5a2423376,1,0
0xbb09bfd0742932c72807ba049f8a5e06c6463bae,1,0
0xbb355fcb6d6c7da7b32d7febb2928297a00c8bee,1,0
0xbb8511bbc67b137b7dc439e55f5137c6d7b826b3,1,0
0xbb972acc624d647b41b2ee291adaca4453d3a00a,1,0
0xbbb151012980e571859751610780e54e2a78e901,1,0
0xbbb8f8c459374f821e86018672d3e098d9d22ef2,1,0
0xbbc8037507eb7b63005a15fb9a3277ac969177ae,1,0
0xbbda5676f8ea1f85faee32a6a2c777d5584078ea,1,0
0xbbf2d133694ed2e5557ad6dedab6c3974003c286,1,0
0xbbf4c77ba4d201d787d8648e3746ebdecf1b20c2,1,0
0xbc09716f78c97f9a07821d3aec752512228ea17d,1,0
0xbc0f79d681f752123e439fe5b39c32e120500330,1,0
0xbc3364387ad849a7745abadd68310be922e59100,1,0
0xbc7816cb804c25284800977c08a1fe81329444aa,1,0
0xbc8d59aec0405528cf35ed94fbfb2f085cb1b14d,1,0
0xbc9ae8f43f001c61ba755fd5ed41cee636608f47,1,0
0xbca2ce07aa637f8ef4f09be79d08b926d5b08325,1,0
0xbcc3be177be4a75db05228dfc508368cdaa9d1ab,1,0
0xbcd64f52a292e4f58df1cb210c517a1a60a12fa7,1,0
0xbcd99a75b5a4718e67edd13093d40db1fbc7bb4d,1,0
0xbd518eb188d677310fddc6f07453a3d61b42f1ab,1,0
0xbd8bbeb7a184ed45c31a6359689d46825b5b0c1b,1,0
0xbdad5cddf52e700190490688f0ac10bb58a66403,1,0
0xbdb45796eeeaebae73f3e56dc7b076581fb2e3cc,1,0
0xbdeeac35bb3d9ed61109ca30ae5291965df438d7,1,0
0xbdf97d0d7ce68f4e2c31db2d9bc77d9f950363ec,1,0
0xbdfa72d7afe35261b028f0c5d72d84a3da54ef4d,1,0
0xbe56ce772cb7f5b07eef1f2555a83f8dd147364c,1,0
0xbe70c64c06f54ee690ac067dc5ca79cc8720d5a3,1,0
0xbead14390863d5f5e3b57fa099c60aaecc3774dd,1,0
0xbec641af7aec195c2dbb99c25630676139030360,1,0
0xbee307977e3f4b8c9fa58c3ba2cd14fc68b3d232,1,0
0xbee6f2bdea0a559ebc18f8ea3555f9d92f123454,1,0
0xbef14cfe801fd76c2829db51f81628d213b54270,1,0
0xbf8c32ce3f8cca22f8ee825f88f527b8e7eff086,1,0
0xbfa9e0be74678230546e3faeab410e53938e7ca1,1,0
0xbfbca9b9229e9050cfc7a88ef87177d7deb0802b,1,0
0xc0085c9c27b4f345eb576e4f060ed64cb439fdf7,1,0
0xc0665bb80a5397ed8f01d448fa192b9835c3f441,1,0
0xc0cf8b6a85b2fdaf3a1d0e119d0e6633f5e70d81,1,0
0xc0f879c2ba4ddd1503c0bffae3a0e42ea11c5d91,1,0
0xc113b033714f1cbf024e12b977d472b4652858f3,1,0
0xc13723c94ab03f27dde6c99557cffdd583193085,1,0
0xc1c11966788b24a8953d6bcbb91481c578627ca3,1,0
0xc1dd7706e827ce84349901721b00efb5678eece7,1,0
0xc1e19e0073dd7fab3798cb74a21d0c62c7bb9c8b,1,0
0xc1f58696369eee0be6fbe60cbff7a08bd0a8537a,1,0
0xc23787553510190f6898b0193998dee2e3f72789,1,0
0xc2b99448a36bdb2c82186c2154938cbe427f6bcf,1,0
0xc2e3ebc024fa043d5d42d827bb8ddfcba199f2ce,1,0
0xc2ee403e43334498e711a9abb9589e0e793ebfe2,1,0
0xc300412eeef31585333f54adc3dd096a9d86c4cd,1,0
0xc306904fb96508dbc19d72caa58acc214b922f5b,1,0
0xc3862f5a1dfd14ba4931d1a62d258ee76e631536,1,0
0xc38ea9febbc4eb4c3db5d023fc17305731984363,1,0
0xc3e487f613371bae448968d7af055e1faa193461,1,0
0xc3f7b7dd7253c6236b37844cad2a680e81604bd1,1,0
0xc400b1850cc37cd5d17cfd130e0338efbb607fc0,1,0
0xc42553695a3b2f7dd34474b00211446de38b623d,1,0
0xc476c7dcee30f49b69912bd9933d7ef402df007e,1,0
0xc48303c7c9f63219905e04bef27ebc74b6e757d1,1,0
0xc48f35f1d4d816c67e1d1d3b0ccd6f116b33281d,1,0
0xc4d1cd452368e802a9ef6d2db4d8d01a0a5ae6ad,1,0
0xc4d2d0e116460fc1cb3b7c4685cef5b7a082f97f,1,0
0xc4d6f0d3be9b416770796910c9186ff7fd446f8a,1,0
0xc4d9b0e89a03d0bd6ba8239649881555f6d041ae,1,0
0xc4f601d996a3066c68ca2b904b5352866e289db8,1,0
0xc503efec880a8b8a8b78ea114c4a249dc26d92fe,1,0
0xc5340fcc41d34ff9c0ab5159884c3043259cc130,1,0
0xc55a6a6e979752d164fad4d97ef2b07fa32c6940,1,0
0xc5840af43749fd2a85103165c88e1891d2a64582,1,0
0xc59750774ce2283f6bc81e9d59a151ad75eec079,1,0
0xc5c298e02b172a8db6c73142e37b3db8f31eba69,1,0
0xc5e303763376c0ec2d4307bdb2083a8a633996b0,1,0
0xc616589341342e49615a4b10ae16e8fd894491dd,1,0
0xc626f3c2b4a0b596f0693ddcca4d82b1f9b1d62d,1,0
0xc63743c2210960eab25c6dfdade503562d510c2e,1,0
0xc6dec0324045838f2c09574a6723ef0bbe2a52b3,1,0
0xc7032c80f6284d79809db9e43bb1385958d749be,1,0
0xc7398ea6e58f4ad41880088fa8825a031f3805fd,1,0
0xc773dcfb91b57b17d41afaf2911ec73464f9c950,1,0
0xc7b209ddc4e34db5bd884082f3529daa5ca71020,1,0
0xc7ba80080e2cdbb76f65644300c0154f0c350cd2,1,0
0xc7e143a82f47b35ac0f6ad9caed3bbf948ba4c98,1,0
0xc82458629ef7ecb8083feaa9e3932c1420a64120,1,0
0xc831b13c2683bb9c981e380f24ccf000267b41e9,1,0
0xc834c132afe914bab02bf62cc7d60aca22d4780d,1,0
0xc8483bba9f69bb24d64162202a7dc48c008a435d,1,0
0xc86051417e2c65390de2394ea162fcf3b1e5008a,1,0
0xc86f2c2b0c6d29b73fd05326f8f49740d84a0c55,1,0
0xc8c1f772b215bacadd58d70262dc2f33049d9d34,1,0
0xc8c2538a20debff09bb435a5a2b5ab66acdbfb4e,1,0
0xc8e34e0a62b2eb9b5dd17867f2940f57b8aa78c1,1,0
0xc8e48ca639781735733b5b2cc8cdf5fa4e63959b,1,0
0xc8f7924b0166e870bef5f33bab087f728ac9465b,1,0
0xc91dbd1c86b8396bf1b1493253bb25f8026a8381,1,0
0xc9730d1e7c1429da9d4e2287b6cacf46b067d06b,1,0
0xc9a411dc558ea787fee2486342892bd6235c6bc2,1,0
0xc9d76db8398c72ead56b1ed1b93ebc5b60821b6d,1,0
0xca0914a04c6fe71e8b03faac034d8a090bf64848,1,0
0xca26f58a0a6d0bc06354305f46c4225fce7aa550,1,0
0xca56e7c80a48925d48a5a3eb173e4e5ccb8e8108,1,0
0xca66a6ce248fb6e800a5102fccfaf179a227ca82,1,0
0xca8655f8f26ab5d5c3ef646c596a005bf7ebef33,1,0
0xca9014b53ff66aac134f9526cc7fc7a96ba3db44,1,0
0xca9dcee9fe40c994968c178718dfe3bbeca7580e,1,0
0xcaa9502b3a98e86b3dcd14ba0079d4c9230cf181,1,0
0xcabedcb0201ed72d72dbf41f24368a034911ff16,1,0
0xcad22ed76e42a64958b720379e12b1a45b660955,1,0
0xcaff16ec6414b3bddf0b9bd8539b09ba58783e34,1,0
0xcb1c28a0157f59b7586336c4ec7b2428659ec0f0,1,0
0xcb2e511709c64c8057e376433e213467629526b4,1,0
0xcb378742b8745f8b90eef7a3badbc3aa25ed1717,1,0
0xcb4a84ba65e429d52d76f0c55cd9bdc401184333,1,0
0xcb6a5feba6270e20fd43e2ddd535de6c0ae99f78,1,0
0xcb7d712e093196493bc1959bed65dbcf82a8e9fb,1,0
0xcba199ed03cba46426288693ead13c1e6f1769b2,1,0
0xcbd3ce16b0e2b32bdca9650bfcadbafe941c5bab,1,0
0xcbf286503ae67e06fb6a58517d2c7acbba1d0371,1,0
0xcbf536c3186282af67d5dd5e7cc23278b59b7976,1,0
0xcc032796a88e7b267917facf20f03aa7d64fc80c,1,0
0xcc1dbf73ffb6811a65661345e3d73e7b14e39b1b,1,0
0xcc4a43f60d3cd87c351af9f35153380e5850bdbc,1,0
0xcc6fefb9898974782a67e47983b3aabc258a5cc0,1,0
0xcc794bf4354c2ef4019df8277f98cfbe7da1f87f,1,0
0xcc81a133d8e457dbfc14bfc0d48927a755b39b62,1,0
0xcc849e5d7aaba9e51a0f71ed6b7c63300aef7337,1,0
0xccd724b9af92a3a389150334556330efd3f59487,1,0
0xcd12fda63357d41b0c4a02d97743871cfa5dd454,1,0
0xcd4ca00d6350107beba078dc80ab85d12db0c082,1,0
0xcd65050a2096e5cf3c138b6f465ad27c7cfcca72,1,0
0xcd6c5e6f78792387597b4a58ef15111ae160131c,1,0
0xcdd220c795a488d2221fab898133072a72c9af19,1,0
0xcdf91f68c04394739d998753d85999944e7e3a42,1,0
0xce0177c015591cdaacebc77630d9411fcd00e60f,1,0
0xce0d43c02e848db5613205b8f41b7f4192c2d570,1,0
0xce2a0102df7d2a6af76f05da9c5af0bde3d5988d,1,0
0xce32a90cdc4735149d46d98fbb4ea3f29ec8724f,1,0
0xce3acf75c334072b62020c1f0fc8a10e607bc7ba,1,0
0xce50e3c25f963f60c74215c9736d35f873608dfd,1,0
0xce60a1bdd3fa9f411097e9b8aba2f4a89e901926,1,0
0xce679d9d36183ca32ca296185662dc681df86b96,1,0
0xceb4a8bfb9bf960db32eafaa5e1dc6b8284be1e5,1,0
0xcf26d250063ccc28e1d5072b6587b733ad5c51a2,1,0
0xcf385895e350182df2421dd49d8467495d116f5e,1,0
0xcf3cbdadffaf1d8b2dcd99a4468b818873e09b8c,1,0
0xcf43f97a9b747a78cbc979b239ffa6df5f7c7b26,1,0
0xcf5c8b4bcaa2bf65a33066835affeb3af770bfa4,1,0
0xcfcf7df8a50acbe0af9ee48a39970859dfb83bee,1,0
0xcff77b47673b17968e5ad3a0bc78b0d9e3b03c91,1,0
0xcffb1956ce2207300438a0d3ed0bb9320eee7da1,1,0
0xd017777e126d13c2b2657ad54554082a9faf64e3,1,0
0xd01a50ac3b51cc747eeeb94eeeff519307845ee6,1,0
0xd039af6bde98bf7879f844c5c5e77a4da7d0c6ff,1,0
0xd04ea1c9be5262b57a77bd87352fc4de26cc51ca,1,0
0xd05fb4f5b9698c0d71e675553bee2885bf52f6e4,1,0
0xd066c521e1298e11ed4ceba84a7e306652060806,1,0
0xd076a594f656f566aca1395444e60eebc3940d2e,1,0
0xd0809b753de18b10bbe42a6de8ac0d8b0b7e6bcc,1,0
0xd0a276dd7c2fd123f86fe2fbbfc4310579f31071,1,0
0xd0b13debefda1b032122665b01da9a63f096c926,1,0
0xd0bb282e0656d7e0a86e4c389068acdfeae0a170,1,0
0xd0c1c64ed0c24fc0564bc9b9f5205df589fe5664,1,0
0xd12b508f5f8e2da75f5fa0aacdcebce79df3dfb6,1,0
0xd13f93248057d356f20c106ec12d7f669b41dc0e,1,0
0xd178cc546b73aee246fb01bf9b23d47c773c50e0,1,0
0xd18ef2b00df18a70c72f44bc39f987f404546023,1,0
0xd1ab9c624d26eaab3e90bd07d7050ed5ad044b8f,1,0
0xd1b6102a5caeccf4b44600bab9fe5dfe91f690f0,1,0
0xd1c10adb63f3edc91c46aff2ebe16b2ec686cd75,1,0
0xd200954dee66e84bb9bc70cdd63dbe030932119c,1,0
0xd231f5a90d7bf15509743855051d72545ff0a1fb,1,0
0xd24e80cedc36c999c2367d079451ac00ea5783fa,1,0
0xd25fc86b372cfe75ad3f03fca84c55236b5d0c0d,1,0
0xd288674fd0bad2d3632cab4dc04665c7e1004213,1,0
0xd2955bdc91e55d8113729704f6ecfec2811f7a97,1,0
0xd2a832e48dbad87864b00d8b969a8479110273d3,1,0
0xd2dc3adde00faf9f89b40a71071837410e321727,1,0
0xd2fcb2aa34a923ae54d3a1dab3fe843a083b2ac3,1,0
0xd30b2c911eecca2b202be1f1e25476ae028f8b74,1,0
0xd31974118fea06db6dc985619dda0f56c972216a,1,0
0xd31d8ac2a18f9c9a5715395fc06d41edbba92118,1,0
0xd3423d28afed6dbc947ed897a364a9d0f031921a,1,0
0xd3740f946f67e89f0f555858aea6d474eec193de,1,0
0xd3cc2acc7d6ac10e1ab6d06b33912c35474ea178,1,0
0xd3fe6f949070bfcbc55acb99e1c1532dd27a64e7,1,0
0xd4007cd7f269a0ea34c7033e509b64d5e5618fbc,1,0
0xd419848dd6034feb96cec9f51c06b221b6a5ff82,1,0
0xd4300fa2a0a15e1e53763f767c7e5551e35d1df1,1,0
0xd458a337dd810dddc49789f325f5d6f464e7e9c4,1,0
0xd4bc689aca0a4a0a80f6c144f0030378c2652621,1,0
0xd4c204a8c6e93fc8ea05f8c7b59bc046786cc652,1,0
0xd4e99cbb022eaa1d2ee82d7c8545d7bd797feb08,1,0
0xd4eb2206b024d5277c797b592e99655ca79a73c1,1,0
0xd4fad466135253832dccf3218bec73e7b9cecc9e,1,0
0xd518d2f2225d1c7eb778846d55c65ee3e3d8bc4a,1,0
0xd51c4a8afd07b018ad7bc02ce92cb04542d6f209,1,0
0xd5383a3ad9a40a4e4670568a348af142d2a37280,1,0
0xd56dc546104452815fc6799cafc2171e4a044a05,1,0
0xd5987ad3f909bb84f994cd1b76392d7a6e3e8702,1,0
0xd59a2ac9f4084130d1621e14ac991750cffe331a,1,0
0xd5b551402a243f182845c597f2367174c978ba30,1,0
0xd5bd5c57fbc4c180961c3ebbf55976078e6fc308,1,0
0xd6272a84961400a34987ac7340574a1f8b75fd82,1,0
0xd63715ea2c4346f331a48b45fe7d0ccb94bf3480,1,0
0xd6693783b9298591f9321e03cd77d220fdeccea2,1,0
0xd676a0500b91ca69a04f9b183eade4062a6e63e8,1,0
0xd6840dd26889f5ac2e5b3e162c41dd379b0f3887,1,0
0xd6c27993ba4f4c0f7c62f650944cfc89c3bd57a5,1,0
0xd70c8953a1666604cb1e22f8db6e2e25b2912452,1,0
0xd724ec6d2ff1638e3a5365fb9daa25313a3a02b8,1,0
0xd78d0cc81356b39bbe04377e4a6060de410b7ce0,1,0
0xd79e6c205f09ce04dc740777372405fffdef2f93,1,0
0xd853864f0376b0affe1eba36a1f6bf19cbc38d54,1,0
0xd87efcfb132dc92572bea98f5bd76b479999288d,1,0
0xd890ce184190238d9aaa55f5a422ef1805d0e5d5,1,0
0xd8b2b36194ad66f4d2e22c2ae949d8b8d5d4cea9,1,0
0xd8c6aa1f334b3a680cf8810f63c80a2c650464f1,1,0
0xd8ce4991851b2e71505d219d527234ef5e03d85e,1,0
0xd8d51012387767c40497b60f567eb8002be06b03,1,0
0xd8f565ba1c646245843873b4c65c9d0a815c9970,1,0
0xd9048633b56145913f9d904fd55bacc4b6e3ca0a,1,0
0xd9154dc4efa7950c18aced5782437d65e947d288,1,0
0xd95f119df0590c56fbb4690276c08304cc1ff275,1,0
0xd96340101c37b6a2b5e74b5f15341729ba84989b,1,0
0xd993c59d8313222a0c019ed0a96d0d542ece8cc3,1,0
0xda48e0e3ea3d709eba155c0dee372fd5ce658c71,1,0
0xda59eb6f2eae3b35c8ffa348cb478ce06d6c989c,1,0
0xda9330b63451adfdb2c2b5aa8d877256cc7918e5,1,0
0xda9eb306d5ea863e5fbdf73500c8976948d03aa0,1,0
0xdae5af17ac33d5b287c772844c76429ace523774,1,0
0xdae610bff88027b8a2596b3bd5d983c059239522,1,0
0xdb0f8205f8463d7ffab35e908047dcd30dcc8bc0,1,0
0xdb161bf4250759a64e4d0a2ed5eb223bcf2de788,1,0
0xdb19fc9f4308ecdd32dbb8e7e521530594fc1be9,1,0
0xdb4b910efc5a838c45c250ae1d16bd55f9e61ce7,1,0
0xdb5eeea6ccdd80903f0d6ed3f81a1b4127a648d6,1,0
0xdb65f7719f684ab1abc54efeaee64915fd706b6f,1,0
0xdb6e4bf2fabd1c296d29838a436de2aef9859e37,1,0
0xdbf84cb641e4b5a7878e8dfb3a081df70ae1f7f9,1,0
0xdc0b735554cb6930a203dea1502d5746c8e75737,1,0
0xdc16844ac0c2864ead4bb369419e759b950a7494,1,0
0xdc7ec43774374a94819fd9538417ff69e39d3fd6,1,0
0xdc96887eb37b9209aa0b5ddac49fe8d0d6b38037,1,0
0xdcf80976d7d7854f595393d28757cac3062e5a38,1,0
0xdd052821c87becdd0ae10d0b87756ca2d62c08a9,1,0
0xdd2849b9888124661721a5d7b46fc912e72bf1b0,1,0
0xdd4511f198ba1a559f6c3b9af5b5b327f0a5c200,1,0
0xdd4c2b376499f349add499b27372a43654f449c0,1,0
0xdd4dbe3f6707e521418a0f6f113070ed8df51c8a,1,0
0xdd561a312cc1247eba7e3d00a43554e514445e17,1,0
0xdd6971e971d3531327ef4091124c058992afb9fb,1,0
0xdd7e681522e7e8a3aeb051360efabeab55beba2d,1,0
0xdd9e1a685c52bf48060ec58e8c2810caff184fef,1,0
0xddc0f1aedcf09315c6918d5aa5f98cd1cf23ef5c,1,0
0xde0773f92e24ee4efc763c00c3c96e2a3fa3cf68,1,0
0xde74d124b046ad84e2d055f73e0dd10765339b94,1,0
0xdeece5a336750b82381c1d6af6d7546115e42624,1,0
0xdf0882a5649cc47264f30c0503fd63cdea76f411,1,0
0xdf376edb1b41118d74a8fb738f1296b5d584e7ca,1,0
0xdf4f390c4a99f59638d918a9ac409d66eecc461e,1,0
0xdf7426492855b1dff72b808a8da9adcb0e2cb000,1,0
0xdf886dce7652a791f84c6e1a7680dd4e83ae99a0,1,0
0xdfa92e887ffc9d4916ed52b40a4b13b4916c0c8c,1,0
0xdfc8dc0769d6d117ee443bd72e4fdd468d052426,1,0
0xe003e18125004b74f0ec1c2ae6aadcafebd414c6,1,0
0xe0394c3b08ba043b6924bc691b100b600c55ccc6,1,0
0xe03d13094f5710eabeab18cd4ce1d020012c094a,1,0
0xe073e4169ad67299eb92033d55aaab042887c5da,1,0
0xe077471f4c75396dd418eccb12287354dc27d0ba,1,0
0xe07cd81e5e7497779eb8b010408494814a426528,1,0
0xe09647ff028d7f79850a985ec0376125be09c4a5,1,0
0xe0c2cb40e258b563ac3b955c0eb660062f1bc551,1,0
0xe0cc58f65550215748a46e8b7883d88a10dac633,1,0
0xe0e710a907a8e44c078e6212efa336c1191f4cd1,1,0
0xe0f99433a3ccbce7f5e79cdf036ea5a83f116dc0,1,0
0xe1002d17736f398aa28ad8c921930436ed3c158e,1,0
0xe13eca18c727ed44f489a1add2e5b1b72b40a334,1,0
0xe1a60d472d5a00b13655149e81832a5c1d558b75,1,0
0xe1fdc0e8dd9a59fe7ff8339ff3b0f80359887a98,1,0
0xe248f9fc663f1f939230652060fd220f3db3cbe6,1,0
0xe32b840c773a8598a23e49e4af5deabc236ddfe2,1,0
0xe33235489cd115ab5a0bed243b5b9fbd841eb2d5,1,0
0xe337bc3e4a224e8da72652650ecb5f805433e9ff,1,0
0xe3452a122fd8657e84965389d7af600a9c866608,1,0
0xe3557583bdfc12eaf28b9f2d9607e2ccd05b24b1,1,0
0xe3597b2461d9829ed69290537409eccc01e88e3c,1,0
0xe361903de1e5716320aebc0351a28fc830f9628b,1,0
0xe3a884780dd7ed8ed489fcdd0b227bd7a001b19b,1,0
0xe3b016c28f9fff90e7f76a0b9cbf585ae0ae4fe6,1,0
0xe41e8ca9528860e078238bb9f9278e30bee1da2f,1,0
0xe42b94ed4bc1d12b1946772a94b1079544b66610,1,0
0xe42d5f2f44e265bacccc721f3572bca956337209,1,0
0xe45d4fd504465fbb8973eea655c27c59fe3f2606,1,0
0xe467fde306f77644987226a4da4fe891c8e5a67d,1,0
0xe474baeb7d6529356d45a9b5484673ae171c1d12,1,0
0xe48e17755ef6b2aa02425f507ea398b0d7bd4871,1,0
0xe4a6c5a15e79a42dee0592104c07c7ed00c119d6,1,0
0xe4b12d131d74abe4efd964cdcbc415fa29e116e5,1,0
0xe4b95308068a4838cce17b19b9181c7ede968b7b,1,0
0xe4cefb797c79a264390afaa59a09243fc137a065,1,0
0xe4dc0c663a390e3e430f8a97199e6afb4e374c3b,1,0
0xe55fe3661ec34f878ded9634cd7cab51308971e4,1,0
0xe5627a6e7b9d7632f1035229ff845487170ba99d,1,0
0xe563a4afd59ec4f0aa25dc8e4df9f63e111ecbe0,1,0
0xe573a0918c07b7bc4fc47561dbb2de5e1c6bec8c,1,0
0xe5b1b4af0e305a1b257d1c7685e382a60affd559,1,0
0xe5b25601ddb0ebd79581a780ea80dc23fb7b55b7,1,0
0xe610c6de59e10fe84d017b3141f8c0f23a325d30,1,0
0xe61ac5e465cfc48896e68ef79e72a6adb0988db0,1,0
0xe62681eb0c6aa29a9671dc53def1c9f0ddbde5e7,1,0
0xe65dd3258c981f9544281b3753b573e97a75ef5a,1,0
0xe6728e5f0cc2f51d5f27151b397e5305d1baa313,1,0
0xe673f02cbca3fe3655cab01727e3d2f0477ba907,1,0
0xe6c31315d165e3eec71bfc06733ba41189ab2aa4,1,0
0xe6ecd4c8d3a5cc5481e1ff69bd83a112f84ffee1,1,0
0xe6f166e3311550d9835e168f53c4788e69dce313,1,0
0xe6ff5ab0860d2ca5f47b4974df3d6bf997406e6e,1,0
0xe7062574175d973c448c18fdfe0aa6a98dedcdfb,1,0
0xe70e99cb20752918c108fbd16a5e5117f956a42c,1,0
0xe749463376f64c9e173cfc7a95e15a7ebb811415,1,0
0xe7c8b666766d62eacfa94675052a22154f34a331,1,0
0xe7d8ee09282a3ec0b6c7635f527b1f605da74458,1,0
0xe7e0e291fc4ec380673c89d1f5fe4c6db26645b3,1,0
0xe7ea0e5ee725039f4751d006de288944f7178e5a,1,0
0xe8139d2b10486af0450b6d4037063f4b1f5cc3b0,1,0
0xe8176e7f80845bf155cc02c26899344c0ebcaeb8,1,0
0xe831ba81294231075c8161db89e544428be83cae,1,0
0xe84832bb5e51868ec8795a630efd312c6403f7c4,1,0
0xe8bb97157c31e89a70e4e27f5b01911b8a96e06b,1,0
0xe8ca0b1eb95380688b63a1c70d4ef18d92a70b34,1,0
0xe8e526279f9f911d30c5eef1b66c3f45d91bdfcc,1,0
0xe8ef847b7cad43b65eca02297eeb3c20c64d3faa,1,0
0xe903020e807f1ff19a14ee59db998bcbf70064a7,1,0
0xe90a192b06a344591f0d8941adbed938c706de3d,1,0
0xe914d8b8d7937d7d717e3bbd9adc912d4f016ff6,1,0
0xe91a82b48100bb84c93268aa37d319fa30bac91c,1,0
0xe95960f636303bde9010ab134e86c8bf6432f1f8,1,0
0xe97047f83589719791d6da5d016ecbd129bd2fcc,1,0
0xe97ac1f0797db2e04f4878ee05bd05322f631153,1,0
0xe99284ca6742f3d539da5e7407997744059bd620,1,0
0xe9dcfce8ecdb0d7d8df97dcfa714dd77dccc0bc9,1,0
0xea08b7c9673495c2c77cf65ef79ed7f8ab6018bd,1,0
0xea2c95db926046e6bdaaf039b47371422716dc3e,1,0
0xea78ec88d7897441ffacb245ced75bb736d0c642,1,0
0xea8839bb1fb4e2b5f24aa9773e1d45eea00fd3db,1,0
0xea8d6a4caaef55c18da4c1efe7303b0f61b0415c,1,0
0xeafaef9d5cdb805dd9ac7169b8b2372a1f029ed7,1,0
0xeb0cdf60234cc83a11a47aa17d9bf0deb5a9593b,1,0
0xeb83dee0edc6fc935f89c9730c4b4217576dea3d,1,0
0xeb88e33ceadb3b7ce6b0e9f25e66d0544d3cb0b2,1,0
0xebbd4f291dc7f782e141eab23bf9f719a5e2107d,1,0
0xebe9a6c2dba94904d20285609a43bb1ed65fb0e5,1,0
0xec2e1d74380d0e0bf78f044e93e0660b337d912a,1,0
0xec4bc5f030e398dc505a7a50defbecac8fd6190e,1,0
0xec7330a5ec95e058804b91094664a1dddb7727ce,1,0
0xec8287faef6cd7fc9887be6e40d6abc0ccb29d2f,1,0
0xec878b66f3b4cc079dd7fbbe112bca1343441f05,1,0
0xec88554f3a33f11912d000ee5d790166c08ceea0,1,0
0xecc1abc525afd79be3f27fdd8058926abedb0091,1,0
0xece5efd61b55f8369c7a42129d507eb347792487,1,0
0xecef973154a37fb70490ca15281623ea06eec20e,1,0
0xecf8fa864cdc912052a9c5410619ccd0e12451ca,1,0
0xed2e77e80bf875b1401fb2af23a6e40f5bf9acbe,1,0
0xed3531649ac4a948a3e78fcf197e060a5b7efca5,1,0
0xed466166bc037d2cbf1afdf2e7cd6509e1608b80,1,0
0xed54cce2cbb44a0a9a0f0640c49f4275ed717e99,1,0
0xed8888f23dfc4a185e263a97d41bf008d2af4275,1,0
0xed8fe015365f15aa5d8daec41d49e2e749f9335c,1,0
0xed9078ef01105cdc1c30d74dcbef6f057136934a,1,0
0xedcec1027c791aa91d5f41ab72f3f21cbcfb9873,1,0
0xedd44e1d6c5fa4133d55e85c9571951ffb46a03a,1,0
0xedd914bd0208d521c85ce603e4d401bf4e888785,1,0
0xee5d410aa9bea4acf16a9de7befe2b6e28ab3cdb,1,0
0xee696d43d24e6c5eb6eb447058732bebd36b8a72,1,0
0xeec265592a926cd94cffe14f44aa4bb4ddd121e0,1,0
0xeed4bcb439d9ec4c374e3f0ded0b143a69f1d33e,1,0
0xeeda4d19045d0eec5bb2bc1e6f9b1d826b4ea4d7,1,0
0xef5615505e1318bec5a13968796a46d9d7e39eaa,1,0
0xef700c9f2aeb49ebce0ec2cc2982c886ed989333,1,0
0xef86541b0cf862a6a0879582dba56a3d62dda1a5,1,0
0xef905c4208de51c7fca6131ac2ba048bd932dc48,1,0
0xefbf7657c56b3dcf08c7bebb312421f1d4fcd9ec,1,0
0xf01b9015974dd22f26a2f09e49faf77510913acb,1,0
0xf0206ff530dcbcb1f2920af9d6ba29f0321bd9d1,1,0
0xf061aee4fa1d38454549a127b67b34e4cdb0c053,1,0
0xf08f3a9986215547399838abf348c123de12bc58,1,0
0xf0ba8743b1b96feeae94036b52a1b38298fab647,1,0
0xf12f0ab851e0c295ff8749162783c92d4914dc78,1,0
0xf131a0f44e0dcbad132e3c5c3a6b40590319acca,1,0
0xf16533f7dd35563b9e345b22682f7eabcfa6df97,1,0
0xf1a3f44b9bb9da18449d0d1c598907c051cc94ae,1,0
0xf1bb4e6f6d08c2e44fa320433580ace7c5836c8e,1,0
0xf1d7742035da436b464fbcadefa0bf1931018ef1,1,0
0xf20af5c6d7a9ece85cbe76abb389fd03613a73f3,1,0
0xf2175cdbfeaa3e114d79688daf3398e5a640ede2,1,0
0xf24b122bdceb5d37157417ae2ef7832f076e4729,1,0
0xf25838bf581e40209d87bbfe49eceed87a95d962,1,0
0xf26109ad935d95bad1be755fdcce18b846b3f96c,1,0
0xf2a6b351dfe67d14e01d4b22aed8bf31169dda41,1,0
0xf2c4b99f3d37bf051b73fc7f5f50f190f914d053,1,0
0xf31b956cf54441dafab9c637724ee77d46687516,1,0
0xf3404de3d332000bab2a7aa445de08216b37fcea,1,0
0xf346e44673c3dd5148a6c9cc902aff5df48c4efd,1,0
0xf352063be1ddd2611ebb4a7af9ff95c61dc9692a,1,0
0xf3cd65d62b9671ebabd6f63c235854f7b92970fe,1,0
0xf3dfe53dcee3024ba9fde70187880ec7151b1a8b,1,0
0xf3f60a4abc14cb2164da1b5d66807cab66471087,1,0
0xf40fa654f8feeb882a8a2777388def2e50f95a2f,1,0
0xf46ee2a4c20e36dfc0ee9811b27f0f6a91957638,1,0
0xf479ce4ebcb9e1a854d60f4dbde3d7069172e01f,1,0
0xf48bb821e870f170bc5e18ae516e0a180e75f2d9,1,0
0xf4a03233b23fdac17be35783d0d3f539e154ae22,1,0
0xf4aa55e916e3f2d22ad0ce73fb5f3f1f0dd1f505,1,0
0xf4b30123f761e19392b65d5e7ad6eafeb72ea077,1,0
0xf4cec0c7d86039870ad902442dacc1875c477a69,1,0
0xf5162d18438061db8438dad5ef7023e68d8efbfb,1,0
0xf526e9aee7c53e1dfa3e5995451a52680b4d1d0d,1,0
0xf55260060fd816015014090f0180d7e64ae7b2ef,1,0
0xf5589b10f39dba357df01fcd2b8e4b38022e116e,1,0
0xf55b61eee2a1d46dec1e15b81691238c02a7ae4f,1,0
0xf58c15a5013cfe8b2aa676a380dd64110ac2859a,1,0
0xf5997d3c746ff8d8f7448b899ec4e69c23601104,1,0
0xf5e3ca36f981706fc9f59ba29297c219a16e99f2,1,0
0xf624481b1ee719a489ce5e50cab3591acad50ff0,1,0
0xf64fe162a0a059b5cc271a1fffc81e232f7f5c6d,1,0
0xf68e9adc27e60104ef46fc33c2e15f5c7b6e1907,1,0
0xf6ba43d9d4b504fbf4afe2eae19503595bcc9dc9,1,0
0xf6d83e0c2ac1f9b52c61943d944a318c550f7812,1,0
0xf71aca0452e9eb7d5f025bf10e1711d7d3b90aa6,1,0
0xf71acd2b76fff5c12e8e490f21cf4407f66c19c4,1,0
0xf72b619082e997e0b6ce828efcb40bf86dfbfe53,1,0
0xf741c85ddc54aa9b63ac3130e5b0cdfae805dc66,1,0
0xf74c3e3e988209585daeb89950ecf68126ad6d32,1,0
0xf79be3f09d48f1fdc890a0743c6d7b37ad0c77ee,1,0
0xf7ea0b11054213b4a53492fc2dd6eee64d7de066,1,0
0xf7f67a09149e24548c50357f929707c029d396c4,1,0
0xf801a1c2f1be24a0278dd3a8c0b3ff3d965d9d21,1,0
0xf835bbcdbfee38620c4a75d3ac925be554dafdb9,1,0
0xf853b5c2b22a3aa7cde01ff97ceb2f6a462663f0,1,0
0xf8762281aa6c15164ed95fd594de24b1b7b48c28,1,0
0xf880e978e6d39dd14359365af1fc1640e4cd8671,1,0
0xf883178fc9ccea6fbf1e345e357713a6098e9fa8,1,0
0xf8e0b14a8719f91482264a05092f78015bcec328,1,0
0xf8ec91397732a1dd3d6c3200a4d8c099d8f0757f,1,0
0xf928fb805f2c0f0d49701fa4026ae9c7334008ef,1,0
0xf92b62395c7d0d4e1402c4f28f3b814d7561c02c,1,0
0xf9460a87dc4b4ebf15ec5982cd22f284dd7d496e,1,0
0xf9472f4056ed80dad3003b15d4513c5e5d67bc20,1,0
0xf951129eefdcb58bc689884454340b7e3fdb4552,1,0
0xf96a23502c48b3c7ee053db35367ee9b7660f2f5,1,0
0xf98a0f5d89f2a47159da8bd0d63646b4e74337d9,1,0
0xf9ad356c04bd1f4ceb4af847985d43143b142a4a,1,0
0xfa895fd861ad3357334925bac243f545b10c57dd,1,0
0xfad18c736967003080e1b8025a642fe8e1029646,1,0
0xfae14173a201953a038203a77d1b11df4dbfef73,1,0
0xfb0021087e48df33b4f6fc7919c4e5b769b45b54,1,0
0xfb00546be020e0d0ef8009a28d622cce17f8feb9,1,0
0xfb239bb8fb125b18ca6ea08adf2656fa19593629,1,0
0xfb6c4b6132d52b626b25ad279670fec5eea0c239,1,0
0xfb7067a01c00d89b276f33f67dc69e5b969f4115,1,0
0xfba86c272df6f962f60999b132dcbb61f38acde4,1,0
0xfbec1cee9e07cd15ca9a9083e7d4836454e624bd,1,0
0xfc1b78bce0b5e42cde3ce0b4ea872fdc95bfac49,1,0
0xfc46cd495b49fabc503d4e03c4ed89cbba5b9f57,1,0
0xfc6f6e6026dbe43a7b3191376276ee451b0f9f34,1,0
0xfc8df149c73d919fd74cbc855c7d7111c66d0e3c,1,0
0xfc96c06338c5ba8fdfc1da05224ab9a86d5ee397,1,0
0xfcbeccd44649da5acfaa269f6aac9347cff7038b,1,0
0xfcdbff7f2352b6a2cf3fd432e5837821bfe63773,1,0
0xfce2d9151861f0b0ea0f68631659ffc48f613219,1,0
0xfcf297bff04af2cb9c05d6884402ce57439721e9,1,0
0xfd308dfdb978b8ed3675a90394040c5b44989e8c,1,0
0xfd70c86de2732c6e8182019984bab04d6f5a30a1,1,0
0xfe2391206bea50fc3110f103f4e288bcf3276070,1,0
0xfe281083baf95d476c94c5fe9dd474b458a219a9,1,0
0xfe42750a0f40ed7e2d93960cb5dfa94f3f8192fc,1,0
0xfe8216a51dba35f32cf9fe3153f71793c19638a3,1,0
0xfecb31245262f431bf68d6f88c75156fa78e62e7,1,0
0xff4791c6363fcd712433ef031b40a296ad099697,1,0
0xff86da28eb7c2ad6ff4269b6b24973f4345a75c7,1,0
0xffbd9b5dd44773fcd5ee29484d59952840e3c9f4,1,0
0xffbe65f50f41c5255719d03b3ac8c6116b6835b8,1,0
0xffd0a897e5cc1dcbe4afa112ac964434df3489ef,1,0
0xffd1879cdd565f100efa9959ef9d6b569cc8be9c,1,0
0x0028d54c5f5c4578346d7f70ce937b6faeb590ae,1,0
0x002b0ea0a79d22e029cbd500b736c9169ae71197,1,0
0x002c8ca8ac9981454e18b7dfa6eb42ce6f6d4b54,1,0
0x0032c1ec8520d80cb4b07c1cb065ab891a36340c,1,0
0x0035d95a770e1d1689025584b251a54fa680219f,1,0
0x005fdf5226ba9cae37411ef5b4f359e007f9ab79,1,0
0x0064e3cc315e33971b245a97023c9b09a5158cba,1,0
0x0071c4a438542d0ab79dd591060bc13fcce306a3,1,0
0x00742f58be8b081f231847d90609753092dff0af,1,0
0x0078a2d08a2c4a9104cb6a0896673fa22802f818,1,0
0x008f6aa1b2f63b4b0df98f7b536773b0dc9b2369,1,0
0x009121c674e0a19c368d75566ea009787b2eefdb,1,0
0x009787006bc217b7e37a1f28d65e6227a494213d,1,0
0x00981093ab3dddeb262870835f6658f4b78c8a28,1,0
0x00c1d70f287e45cd4bb4f9ae42f7a1ee71e99756,1,0
0x0113fa1b574ea03a1a9f2c49020204d504153dd1,1,0
0x01208e7d314e90dba0cc65bba4ef42e9a85ec5b3,1,0
0x0138f0c661ab99320b7abba702e8ee16031ce1cf,1,0
0x0149d44737cbdc782a69f48e3df38d614bd0df9b,1,0
0x014b66c8ace308f9c76862776a5aef4177d6fcd9,1,0
0x0186a2b6bdf6d3ec135d5cb33b77a96ff4bc6420,1,0
0x01a8a8bff6a8e9c8c63132f42464cdeb282f2930,1,0
0x01b046447f179c9c045a6cc9f111b418987176b4,1,0
0x01d964b04f6e2d1c9d495aed93c35f243d41fd2d,1,0
0x021181c0c41befefa84a67a47f6925e6f7c03cde,1,0
0x021ae062e052281ac5645e519fd6175c8e94fca3,1,0
0x023455a08ba92b53bec5f190166a91217b88c8f7,1,0
0x0274e6b9f26b6bed04e96c1114d406ca6dd8df23,1,0
0x027b5e6d7c1613a588d368e02cd72bf687e873ae,1,0
0x02a5b3b7822fe3081dfba5f150e25f48c07118dc,1,0
0x02fded18dc9724bb6d94401600a6206ba34923ef,1,0
0x03149af84a1bd9515e381c1c2074aec386045b83,1,0
0x0334ed6d445f565768b7acf4d9d259d9cbd21169,1,0
0x033b93c86aa048e298bc865538fdec82c12c9dff,1,0
0x03438db045671f592181b1118720cca39b65982c,1,0
0x0363325dc34e8fe6e9c3ae693d667ee58196cee2,1,0
0x0374438684599a57694280e4c0cd57a0e705ea00,1,0
0x0381373d957130b8c3864988780c8534a0f770ca,1,0
0x0388ca99bc66302dd5a4f4249b3716d08a4cbeb6,1,0
0x03c34c421907ce56a82ab508fb9b47140dcc9ba4,1,0
0x03c9831d3e02604b8da4efb3cdba12e1330f6564,1,0
0x03d844d2e0ac7672b0f8516cee542167758065a9,1,0
0x03fdb2f44fa1e403de6ca1355040c48eba31309f,1,0
0x04037444353bcd7668da10f0200f1afb0bae23d0,1,0
0x0468fdbfb57de8fe8e9b50a352892867e83191fa,1,0
0x0472f5baf51ce95b17555e04bd3f466f2ecbbf51,1,0
0x04b46cecb045c68196e9a06016f7db20743dc09c,1,0
0x04d98ad0bc00b931072c1496e6a23bbe1eeeb26c,1,0
0x054c3f238fd1530de48edd9bf88bbf66f4ae4981,1,0
0x055d4c192dcb44520f73d40eb172dac408eeca4a,1,0
0x05648f9a864de4181397cd2ad8c7c14e76f02bdd,1,0
0x05a9ffa0b72c2bba5d4123daba6a4d2469a3b1ac,1,0
0x05c546b63061aefdb58fe858934a17fd40cff83e,1,0
0x05d2e5a679e6d07c1473c02e2009aad0bc1fab22,1,0
0x05d41274057a0ed09e4b65f8ba8fe3d452932925,1,0
0x05edcc755c4bfc7992ec16d22a59168299dc23f8,1,0
0x0600f1d64c1c5eb1d252ee0600eb44b6ccabe9e4,1,0
0x06172801a7dc3e99fb45e948d2be7cba1bce65f7,1,0
0x0623a237b9a095844733b2451ef4a6776aefb323,1,0
0x0649c8c41dd728748393655327ae023feab37fc8,1,0
0x0654413efb3a3240fbf2ad31d99bd13afbc29a09,1,0
0x0656907f58b35c99523977a8f0ff89f0b394d38d,1,0
0x06a0e14fce827afae13edd805533ae2ffa8e2ce7,1,0
0x06bd99f48013df0b0241e91feb721f1541568be2,1,0
0x06e536f1bf55816edbbc47bf1b0f71c55155705e,1,0
0x06ee0fee3814c563d7a5d85a231e8ee3a8c154ef,1,0
0x06f0c4c2ae4455fe834eed0b273959b1b8effb2b,1,0
0x07124c7461ab57ea1f527bcc1d13e598cb6ee5cd,1,0
0x07184ab6b2d65d30b5536f055df20636d71b322b,1,0
0x0746900d4234faa3cbe1a4e94ee6bc381dcf4b5c,1,0
0x074d804f67b8699ac625716807caddca6be868b4,1,0
0x076ff1aee3ae1aa75ef00ac79b02d680d4d39322,1,0
0x0774e689cdfe0893fd1bdc92cff5d65b3ce7c7c8,1,0
0x0780560857ff3768204dae30fbeefe49d6beabeb,1,0
0x0786068e31da04aa8e728e0654f9614a63c08627,1,0
0x0787ccdb59277edf5fff1cd742cacc0216e43c02,1,0
0x07ce0d3bbe4315a09763d45a189e0dacaa21a185,1,0
0x07d15d777a07b89ebdd688782b6911de7e550e36,1,0
0x07f875888d7207f384bf95dd42c54ea317a4dce7,1,0
0x081fa64b6667f0abbce89bbb08d64ddc6096e759,1,0
0x083e4c429be0497d9b9bd0b618cc57ff80977ac1,1,0
0x0865178eb2b06f96df651edaa251580612e9e166,1,0
0x08a2a45e48fe95465f11a8418f64bc54b621ff24,1,0
0x08cd51eaccfd54ccc4e7e06d5b2f8cf6d9bfd305,1,0
0x08d416004963990be45128a7a292f24e8affa228,1,0
0x08dc2283cd1bb842ff45c737fc56a2cbc031c95b,1,0
0x08e5dba8aed454cb3260abc9ea0e4354a7c40c55,1,0
0x08e61d43f068cd547fbc31ba0ad30995670b78cf,1,0
0x08ede5c20c6cb3b5f84f918322126ab207ac6cd0,1,0
0x08f0a0c47d1c200dfafb912030401b256b64ff31,1,0
0x08f8e2310086d17af63e6dcb5aa5812568cd06b0,1,0
0x090f7cd5941be6d2e1ee958d8e6a52e63e8a6e32,1,0
0x093bd036bcdbec6ca47ab64d705b0d9cf567e7fc,1,0
0x095e268be03c3b5bb473dde27f243cf10cbc3cde,1,0
0x0964297cd7a9a8d3d9b59c7409003c1c6872c727,1,0
0x096b201b7b42413bdca53a421b6ebf25a6f8fc81,1,0
0x099df051c8c370f4a141f8fc80cf3e1e0cc5b764,1,0
0x09a17f60a27ba9d78dff2d2c26994ae9e464d4f8,1,0
0x0a2bdd772fcb088a29a09cdcb136c9e32d368b19,1,0
0x0a61df41dcf1f80742d2c76a7bdfca0a3055a51e,1,0
0x0a741623557d3a610d3d15b5db0c4c9c23a33143,1,0
0x0abc343d1c7630cae0a6be09f59c0b7a2a92aec9,1,0
0x0acb9f48ac8be8fadd733373cf9952af83f62848,1,0
0x0af022e723a6a60150398d2ba6212263979d3b2c,1,0
0x0af5c186086d974ffcea169f8202d82d471d64ea,1,0
0x0afcb68622ee7f22c067a5fe6c4f44d209474f91,1,0
0x0b098c8ea6407109649851b21b1e04adadafb04e,1,0
0x0b4260b7b4feeec021581dc43ab7e95ead34c4e6,1,0
0x0b5acb884f539ef52a3e7c051046cf4ba235ebe7,1,0
0x0bc9d83c8dfa67463cf6fc04500156af319280cd,1,0
0x0bcb92c779568e73f0020182e00667b045147eab,1,0
0x0bd327c41e79099b8bff2395accfdf90e04a294c,1,0
0x0bf339107f9dcbddf0402901852765c6509cf465,1,0
0x0c0e5ec1bce0771aca5a7bfa39f716b33a49c858,1,0
0x0c3305c6940ae629ab23e50e33b10dca06d0c605,1,0
0x0c3387062411910a0c0f9e074413fc072ced4f95,1,0
0x0c33ccb01c03dc696bcfb3821a0c02cdffe69e04,1,0
0x0c542b3a5192240f5d3ed12fb8f0421663159660,1,0
0x0ca024e6f717f2b3d27ef4a471dbd54584cead8d,1,0
0x0ce4aded6a6e4f7dc5c5faa14f9d5b81d69bfed5,1,0
0x0ce4ea7c5f3d456e412a7530161d3b4824cbdb32,1,0
0x0cf12f94ed2b4716c99e7a92d70a54281d9fa607,1,0
0x0d1d34d16316021c8a4a9c99d529dcc9ff67344e,1,0
0x0d27dc950453ebfb4874438460b58edf70d35821,1,0
0x0d286d12f4668079410b049dff4b4cceec09a1c9,1,0
0x0d3633251cc5157304f5088b99c5ae62d43fbd4d,1,0
0x0d56adc886eabd96b0ace9458f0199a6cc85b329,1,0
0x0d793f5e66e0a7df1bbd1957a900909a669f88c7,1,0
0x0db2ec5118dbd5acb813ff4baafd5172c8e5cf02,1,0
0x0dcd41bb6b6e29f04672459a3bbb90e84ad99a2c,1,0
0x0e060ac6f24dadc407c62b064277418df4098cc7,1,0
0x0e270adcaf0dd38455a8a336e07db3fc1f74eda4,1,0
0x0e5d0927e6fe8dc7eb58620ac9bad95e2dd8185c,1,0
0x0e6d506206189209033bb20b84f9588e31aa730b,1,0
0x0e735b5638bbf50b4074d7b3aab95b17e4a29da4,1,0
0x0e75fcf9dfde4a57ba186fe4993ddbe40bfb88b7,1,0
0x0eb1afc781a755648f61a3048215fa9a07186106,1,0
0x0ef674214c68598d389104fa014b4f2e4912836c,1,0
0x0efc2ccaf189f15165b2338c8b6e23b79f0de3fa,1,0
0x0f0ba0ddf59c0a3f0cba8349805c9e19d1408523,1,0
0x0f3f1e9a38e051cfb487bf35fe40b6ec2ca9c7c1,1,0
0x0f4685c9127466b6b11636d60aadaadc613052ba,1,0
0x0f4c288e6be99b0ebf007714776bc115f42a5ef0,1,0
0x0f89adbffc066e9e3777549fa123a343d522df93,1,0
0x0f9945019218c7d5fd8c1d826566c94963538079,1,0
0x0ffdd697e7f521b66c4f298313f698e3bf7e7839,1,0
0x1019ed5a3d5abaec70284700983153a38af79766,1,0
0x101f7db5720c86b3867b1df4ea14af263a9db745,1,0
0x101fa6848d9c1c13ccdcb188643a091050bbe260,1,0
0x102008b16f49bc0f87427894012f0a616211d2a4,1,0
0x104f258a163c05b3295203f98b8e3706d4cb1312,1,0
0x1056b393833b2f32c3f8763cc8727a6644f7fcca,1,0
0x10693ae68e43870abb048cca95a7dc06067086d4,1,0
0x10789877a5c6f0182ef40ef4b64c52b8be48d334,1,0
0x1095ea09d4ea5fa8efe53c4236e71f4ca8a0864a,1,0
0x109a38d54b475a9bc9748c138114c19c31808d71,1,0
0x10ae5658bf4ad008291d1070b964584e2e686085,1,0
0x10cd380bebffce52e19b145c57fb4fe700362a44,1,0
0x10dbb2f1c28c8872a4b99c6eae57f5ed62b284fb,1,0
0x11001db5f9273d0fad7ce4a59e1d3c81cd15aee2,1,0
0x11091d4556df06a0d98e9581f6ba85fc4c8c1710,1,0
0x112f7144db6d010f53cebb07c12e6f0ec5a77164,1,0
0x1131d62ada9018ced4f7814cf04ed605857a173d,1,0
0x113789fc37954a744505ab1b7acd5ecf03c23420,1,0
0x113f598979a97e00939aa7fbd2df615af292dc8d,1,0
0x118aa4d3e657242f1b9b2668dfd4a88a21af3fb0,1,0
0x1193d005ac6e016dd481c3b7e110bd4f63edd8f1,1,0
0x11adab20f14fda7f0a1a7612305feeddd16cfba5,1,0
0x11eb0f61c9481081bf3137e7173003ab89bdc898,1,0
0x120c22602fe6ef2374b43dfb5552522b1d605689,1,0
0x124cf6f56bee724057f3d79515f26735ae6aa588,1,0
0x125e32ee673fb979e0e792f5e658bde4afb3104a,1,0
0x1281638cd45a131b7f5d0273a20048cfc124cdd8,1,0
0x128be4388929a3cbabb283ff3b46460f8f25e934,1,0
0x1299ac3fc33655fdf5b2c63529dbaeff11b9fd35,1,0
0x12ae26ec6ddb9248884ef60a37617cee4a6ee9ae,1,0
0x12af7c2a870d183df1f0874c169c53a727e2e7a7,1,0
0x12b08a11afe175150704f7acb4ec92e608b671a0,1,0
0x12b4c3e5dc1bc01b4fa5390e9c0503663631f5b7,1,0
0x12bbfb134893a593c4e983ceb341bb7bc898825a,1,0
0x12c78166fead62ca9510290a9c7b45776f7b5e06,1,0
0x131963b4fd7619bbf9f602062cccac3c533eb7ec,1,0
0x134d230fab42d29ce0c00b4c0d8cb9067054cf19,1,0
0x1387fde2ba55017203e2e17743b1710ee412d604,1,0
0x13a18c6ee327b67b3411c6e89ae88951ac1db915,1,0
0x141d3349cce50fae7cde432457a9b791975caddd,1,0
0x144179eb9e44fe47add304d18bb38430613f2375,1,0
0x146238902fa03ce38fce81763140532fe394d5b8,1,0
0x146395aa29161a83e9bb9cf51a3f2c90f5a0eefc,1,0
0x1478991f713077c103be99d0d0ea486363a3e0de,1,0
0x1478a59a0fdcb584acf67d95e2acbb30f117aeb4,1,0
0x149412e00162df7ec11934c8a34f0d6ef28c139c,1,0
0x1495d3a454eb1301a0b4530176099456639ef110,1,0
0x14b83540ea4c75ea81212f1089887fb7a19c1c1f,1,0
0x14c861db5ce64360f41108b4d01003854daa2ea8,1,0
0x14efad57db2ea34855353f53b21011b5916ec2ff,1,0
0x1548636496358c4f2811906d6f29401850070305,1,0
0x15616112438cb16e6694797e5c6108c99e98a8fb,1,0
0x15a06cf7a0fbc1a2dc676a13882c891c985038f7,1,0
0x15a4d41f453fd15f5387563f35cb2b7904a2d7a6,1,0
0x1633090139689acf26bc44c7dc9c5f2d4e320526,1,0
0x1639863b8a528a6b5db7006ccc74ff56b143a437,1,0
0x164c060bda86ff943b1ad5f4e9a10ff26169ad27,1,0
0x165baa852aaaaed451b6b7b052c7d7303a7a3efb,1,0
0x1697a0cb675bc79542f045d863fc2a145a389df1,1,0
0x16adb43607095b24b7a9d0bcff89e5672bfda219,1,0
0x16bf334d8ac253c7f81fee1df5b7d9cd678a25a9,1,0
0x16f4fe9f6866e2c8070a33ab7e6ee95f57e2a784,1,0
0x173945cc8d3f5a295ccabd6a372c4e073139ae0a,1,0
0x1766c59c0becdb2e88ac0659d0e449d09cd62064,1,0
0x176ce2bef56c165400d017ba400088446d7c2fd7,1,0
0x178f5a01645f3fb7e226e42f99e26dc7909c9876,1,0
0x17cc5e5d2f49fbdc721cb5e99e6ea58da09c2435,1,0
0x17e7bba5cc6cd751d65c9da7023e4b6e7ea4dadb,1,0
0x17fdb5c24d6aa0f9235c35c68ce5b5053e244819,1,0
0x180294b036858f1f112d297337fd141e30e2bf9c,1,0
0x181ff7acb309cb6fb6af62733093d7f7f6a54a49,1,0
0x18217753c967721b7a8fe8f67fb330a1914d1323,1,0
0x1829175371183741d309d61c3fbd8179766a2127,1,0
0x182c74c2f8c38360fe0229fa246326e2df228b93,1,0
0x18388efcf1fb63798a3fd08be984271bb2d649b6,1,0
0x185beb3e7857170df9c784ec4365fc12ad8f4b93,1,0
0x187126f3b650438a3d97173e8e21de72d55d574f,1,0
0x1897f8a83ebb92bb619ccf03cb04f002162daf74,1,0
0x18a65e05423df395421a2eb95050b48886cc9c02,1,0
0x18ccfdcdec6b59699bc41ff686744397c65a950e,1,0
0x18dae01cd3c3fd94e7d2444cfd83520850d746c7,1,0
0x18f9e05422e22272397edd8814d10f3a7cc02e27,1,0
0x1907e49bf86b7951212b8866355fc9a65cca4701,1,0
0x191786b4879c1d702a359bba92c69277584ebd9d,1,0
0x191d4cd666702d659311541fe507517deb42798e,1,0
0x1936c6ce2a0e3e0843997c282b289a9ff3e4ae5d,1,0
0x19470792f7cb1662066eb50fa1ad6e7e6d438f3d,1,0
0x195da67cd224b7122f68828555fb1161938312be,1,0
0x1969678c23838e08ad6bdf0054cbe43d9e4315d1,1,0
0x198e5c85dfe6982a8b55f7bedd5d91b3cd1c8f0c,1,0
0x198ed2d7091faab2f3cf56f4abb7c5556d12b7df,1,0
0x19b4e52271ecd35ce204829a304a6a4eec21a844,1,0
0x19baa7b676028412910e1b76b84a58a7cfe03eed,1,0
0x19bb690ad12019d51b96dd5dbceda4844c1d2746,1,0
0x19be5c904e673cde6f43392e278a0bdf8414e89f,1,0
0x19dd9902ffe25930315b98cc5c0f6f04dc844a53,1,0
0x19f0e5648136574367df88db10f5c786eabb4bd8,1,0
0x1a0ee2bfa7f6f4944f4370eb368cf4be48f9a4f2,1,0
0x1a241ad88d87a5d1b162d8311a6210dabc3ff6c2,1,0
0x1a64345bff3dc52f113f0294f297b8ed9d42dae6,1,0
0x1aa18aff2115bebc493a2e42946794d6e2d7aa92,1,0
0x1aa1eae4b46d7b8ebc185e0334a44faef4b772ab,1,0
0x1aaac7762419358343b88643b9cf1646a32571d2,1,0
0x1aaba1adfb2b7b47af280e42d8089f9500f4593c,1,0
0x1abb1a6d682f7c796faae97f656340f08ac69417,1,0
0x1b0cc0a629c11d46d8f865af3f0af1b9222c4b85,1,0
0x1b524b658061dd33eb53fde9e87575a87f3ff820,1,0
0x1ba4f8f7ff6949ea5d2bbf57bbb1a7bfe57b8929,1,0
0x1bacb992a8f89ed053d89bbae61d0b1d7f69d515,1,0
0x1c0583aa27117e08d131696a3dee605d76cd3474,1,0
0x1c55df51fcbddbde1593541d556fdaaf5b9f5647,1,0
0x1c5842d75820f61071c00678e0a0222d947ca07b,1,0
0x1c657230cec46eff9c3d9ffb8357a5de92b63985,1,0
0x1d3dfa884db03a06a79f5c83834fe65f7ddd10bf,1,0
0x1d40907e0d40a9e370a85f6bbc972215aac74e2c,1,0
0x1d4fd9d428aeac29c35063039ce661fd63392840,1,0
0x1dae38dfa0977e4510b9e357699af1bec406145d,1,0
0x1dcc1bc13bf29641a17b57f5daf2f8d2d87d4c18,1,0
0x1dd7480b189c283b24b9cff57a73fcfe89ba18a7,1,0
0x1ddaf35ad9c92354062385fe4e4e38364452b9bc,1,0
0x1e04cc2343c9f96418edaacd3ce0042cb5ad6e8c,1,0
0x1e13b16ee47f6918c0e0adaf8f4878eb3cb79a5f,1,0
0x1e13e647260978e7ce08847cc8e6ad2c9f63fb82,1,0
0x1e19c29c0152f7465b659963be133ce47db9b5c7,1,0
0x1e54d7f40cb0a13af4359fc73f6a511eee8f3ee2,1,0
0x1e5c8ac83d46b609cc5f97e96708ec54696b0ddc,1,0
0x1e6c91d72f1a041072250d6ab58dc2a0cdfebc57,1,0
0x1e6ce10fc59e2356f2c11f8a6b5ea351f1c7d45e,1,0
0x1ea42b4bd14ac972c9b7c41f8cfb24c2d83eadbc,1,0
0x1ea67f1cd9c994c81064cc567de20742703577f8,1,0
0x1ede5ac309c2e78dd32e9924ea44285fd32e8ede,1,0
0x1f0337d93d26cfa8f20ec16ffe86554b491f58ea,1,0
0x1f033ca633c81ebeee968f6935f1031a8d58e209,1,0
0x1f268fee77579e072a31f1f218147bb94e46a66f,1,0
0x1f2fc486a64aa1bb0bd41d44230e3d0ff164e880,1,0
0x1f3bc29030aac7decfb3f069a70a4d20e865682e,1,0
0x1f59409849e37838cffcc448e78a986cd32bc7f3,1,0
0x1f84a6ecb83bf07ffd9a8697a3cf49bd038fbc83,1,0
0x1f9c0b40d308ed28bbe9748e75484b2de09c6af9,1,0
0x1fae247be7e8e1c1e63571e9ed10130afb278e11,1,0
0x1fc8d095eca0ed93dc2d316e3328b263a30d5fd3,1,0
0x1fd61fe2d6ae923e16cd4ff9db1993e675d94fc7,1,0
0x1fe57366a40c365540650b2265a7d618e1ed497d,1,0
0x1ff93d17d5d66fff8c73046be13161bc3ab10606,1,0
0x1ffc958bc75d6a7d7fc673f8de6bc3a580d1522e,1,0
0x2001854ad4ddf5d044d741c961ea11e1b2143ada,1,0
0x2007547c890cc600f7d2f59985e7abf28f3e4977,1,0
0x20123ca1d85e59a41218cd9ac31cee49e29f3627,1,0
0x202bc4d3df5555c8438d5e75dfb1b6392558cabf,1,0
0x203cf248c050040bf4a92ff4534021ba1f3c9e90,1,0
0x204e05ce4ee5c568f6a6c86d5a29b6adc5c1a1f4,1,0
0x2053ac27b02ff61691454c90c3891a0c94acc680,1,0
0x207669973ba82a195f8e7115f15bf81544874174,1,0
0x2090e2f70134050ec4ded4142d746c758662dfcc,1,0
0x209b0acb0c00d927f17382f8120b6c81a94153ea,1,0
0x20ae050a336013ca6a9bc0381e3358b871733673,1,0
0x20b40de9a62be531c76ceca1e86d0f0397ec7a8b,1,0
0x20d0800ed175da3a806b77f87cf269a0e47637ef,1,0
0x20e1dba5c72d1fbb29b81eba4b436a30b168e15f,1,0
0x21025637bffa38fe46f2a7ec513d5292efeb28d7,1,0
0x21227611e26e6da3888c7c03cf61f1f2126ead00,1,0
0x212c38eb63c02cf1236fe62f1859c5c4e483887a,1,0
0x21467bad8b04846be3bd0494fe8078629d85c96f,1,0
0x2168577af945529fc223e3a2f6d55cc68d8f294a,1,0
0x217660703bddc3a0ffdda75bdd05cf8d51f52e04,1,0
0x2185caff2f6fec01b4158623d871a33aa5f6ae57,1,0
0x21d0dec821f8a3fa2f66d16c43192a4ebd122f15,1,0
0x21e13362ad6b8b04950ccdf9e43e37a2c66bde6e,1,0
0x2212e4bb31525811467edb8fd36a842c5b170c2f,1,0
0x2214ca234ae9d6efdba8812387256950e5d23e5f,1,0
0x22152c97dde73cfac4ace85aad22e8f608d12ee0,1,0
0x2283787d884e4556f8960a6c4bb9bb5a24012cbf,1,0
0x229d0e351851dd186b897c323f47b67a7173df60,1,0
0x22a3f7bf083bc7bed3f17c7d5f2a48d0a1b6808d,1,0
0x22a659a62c0ef38eef1f5cbcdfbc1ebe9e5e2658,1,0
0x22d4979167051175c845c86f44207ba1f408dec6,1,0
0x22df3e29903ea0f8e921ad69641637cf551864b5,1,0
0x22ea6f8f3d2d5ef9a436575fa236f9ea635fcc5d,1,0
0x22eea52c1bbdcb459220910f39b43a3cfd797d0f,1,0
0x238e3d20f79a9837db5ee8dc54deb1325cd92367,1,0
0x23efa3a61473c12a8548c9cd35d8cc63b2370125,1,0
0x2426370c3678533947c713f2d6ea3af97702e2a2,1,0
0x242f62c8db87d6c7328f21ed054cb4ba8cd03b1c,1,0
0x2436577fbc8d33b25d4df762c91f322026c8dfb9,1,0
0x24392e4efd1ddb532b64094188dcc27276dc13fa,1,0
0x24528199334ca8324a6230673ca326a97d012311,1,0
0x24adef5ae35573dcec7a28b651f6605f32d9d104,1,0
0x24d8184492f7e380d9bc768d81ff8137773eb929,1,0
0x24e5369a68c1cc202a6b472d67f9dfbcdd66cac6,1,0
0x2502759649efc697956ef6a0e669b6d9badeb45a,1,0
0x254577377259e0c3cff772f7d4517fffc9763b45,1,0
0x255275a314bf7ff07a60c64cce40eb82c4d10816,1,0
0x2564dfbc35629917d43626eafd994148abbbe8ab,1,0
0x25b2eba0b58a95638194870ad5c730232e342a20,1,0
0x25f34c0ddf53a564a27c4dcdd0e7c295d30520b3,1,0
0x261d7c721668fd4fe0415f6a5b437839b547417e,1,0
0x264e71b5794ff9961eac14dee4ce410899e344a8,1,0
0x266a599e93c80c9f58ce4f53bebbeed89334df6f,1,0
0x2699ac61612bcf1c07f9c38e2dd6bf340a1519e0,1,0
0x26a0fca92d965f0345f27b6c654ae8691b56f2e1,1,0
0x26d492ea24f398b29cce691a98586a28dbef7a63,1,0
0x26de1950c1ef930e78c2ae22a796e7db030c191d,1,0
0x27007c0d8effd59cb4b52cdd19204d3330781477,1,0
0x2782dedb3266d878f846b8d9c07651f4b5a46faf,1,0
0x27a08cc1313a7a173a0fc293d32dba2dae3fe65b,1,0
0x27c06f741b3b47f5d8fe1584d1102779abe962fc,1,0
0x27c47d88c9a76b27cd009456ffbe04e3b2845e06,1,0
0x27e4d05676e2e97fd088f2b92121b64e5fb77abd,1,0
0x27f2a9a8bccec001a5ef77914679dd2a68d41bad,1,0
0x282199aaea44ee40c497457268cf3052be4986de,1,0
0x28334b3d166614c8d3a2e0de4121b96d6baa0db5,1,0
0x2887fbc4ebebf215a93ea7d4dec8e88eaa2923c6,1,0
0x28a4bc4b459170c9cf336111341d040c2a26c838,1,0
0x28c1565928e47aa6e498503bceff1868e926cbe9,1,0
0x28f1d069cff1240b54056868522c3b5e149140de,1,0
0x28fa93da8cb15fca6bd25653ae4eedceb10ae5ff,1,0
0x2902dc38acec11b1edcd97c7fc21d2623255691e,1,0
0x292b713f4253c6b10aad02dfcc07c3834ced49ad,1,0
0x2958d7cae00e8185efe6bbf794c19b2f5d593879,1,0
0x29b992704d0ff5653ad99bb95aa53f0c873b5734,1,0
0x29c5a17d37928655091f0bbcd17b52f5047385a5,1,0
0x29cca79c04584f46b5d968c739c9aa32b28ea153,1,0
0x29f81b08a13f4693c98ad0d776f450e72b3f094e,1,0
0x2a1616bf7de35dcb69d7211ce813cbf1c6c9a2e9,1,0
0x2a864b54f21c37a6bf9cbf86f62fc922433512af,1,0
0x2aa535032bc0f3571db4cc4a4d8593956a3d6f78,1,0
0x2ab4ca0be7caaceaabf80b653c4ceb0ea3b20b6e,1,0
0x2abbb761bcf9a013abdc41bda69137c84b2d6169,1,0
0x2afcfed58d09c17624a36f349358668f2f1c6cfd,1,0
0x2b12b3b5f4b39c9eb666efadd0144fc55cfba46a,1,0
0x2b35cf5ff42d1eea61be3f267874beb6aeb1dd05,1,0
0x2b8be3bb1b82e1e0bdf60b5850f52713a3974b35,1,0
0x2b93e854fa2c8c62be005dc57deb5a6dca3f1bde,1,0
0x2bab4c4110131c20b313fc37b5756b88112d6107,1,0
0x2be6304cdc5a7a0a26d8e69a9c5de1a2c28bca51,1,0
0x2bee37bccbe3db3feb4fea656b2f3020a9dafcf7,1,0
0x2c284b3b775dedbbcad12a6f0bc54cb928adc2b1,1,0
0x2c4e1c86f1e0610298138438839b81984c8244aa,1,0
0x2c93928a587b4507d33f8535498dc32b2dde8246,1,0
0x2ca1b1189da88a8a2302164f254eee2453fd42a8,1,0
0x2ca4e0806dbf94c27f77f8540b1787ce0f5f027c,1,0
0x2cbb356a1894be5e569f238a81ef02ae4689ece7,1,0
0x2cf21a1cd9950a942af829e2112ffe7800f8d488,1,0
0x2dda8f27a4119faf10ea837390f6b12899b0bfbf,1,0
0x2df0436ff624acee146333d91d41f22ae951e809,1,0
0x2dfde206b28d3f3e6196aead3c816ec7ac47ea51,1,0
0x2e1cf02c490efd15de1d7ab6fbeacccf861d76d2,1,0
0x2e1e529b3ff440a0d44f1c6c1900d8e176679ced,1,0
0x2e33e9846510ef3885830525306d5a4fbb40c2b4,1,0
0x2e3a831ec3e73bdf21b27c8f692d1f3461689bec,1,0
0x2e42be1b008a953ac7c9b3b524f83531a357b626,1,0
0x2e576ea45c24a44d34f6d66e2b7dc1865e1d4280,1,0
0x2e5b6b69646c90a498f1145440a6e721800ee0a4,1,0
0x2e785c64b030d4a29b4cb959f1a45a77af2a00c1,1,0
0x2e78788272cf4086363d09e3531525b8a5d07b90,1,0
0x2e8fd2e46521087b0b86c3fe1ea21354cc772a14,1,0
0x2eb1a6bbabb5073bc63b902251fd753bae7e3c69,1,0
0x2eee50dce4e8e962a94effa8e2ea25a1a02de537,1,0
0x2ef3e752378b2ef12715076ecc7b9d40797691ad,1,0
0x2f006a5ec2df42c6fe74c8902807536e886cc4fe,1,0
0x2f077b58d038e0e27edfef9ca263b44cfb34cb79,1,0
0x2f2b7baf7c0a83bee67b48c050432f5b93fe7c47,1,0
0x2f56b875c52cce98650934d63ea4f4b7d7810f5b,1,0
0x2f6d1dffde530d93486a40c07fd92ea0be658798,1,0
0x2f81705506434d6970e46d0f390650c69c7e4027,1,0
0x2f8708c0dbf49980df9fd93ad9e57ed8d854188d,1,0
0x2f8b1560c9d1c9ef7ee3759c5cb83f56d5e5b456,1,0
0x2f9893aa3e9e5bc75dd62d76aab5b48629691448,1,0
0x2fa7a066ca6c6e251312a697a0e4f04934dd19f2,1,0
0x2fa8302d9bbb48aacb622ca43929ebf65774617c,1,0
0x2fd39cf928468789d2d4091d81c28096368920bc,1,0
0x30022b0c1c46fb92d54649d4269c7d8fc7518a7b,1,0
0x303970bd60dec717f7782022d768516efb97d34b,1,0
0x3072f288056f17e00a9d2ff004ced538ac089c0e,1,0
0x30737ae465bf9c852d3895dc8951b6d6caddee97,1,0
0x30c41aa8676a64f44a8b58ba92fbd631e2d486b6,1,0
0x30c61565578b4f2c746ecedf425d52b74a004034,1,0
0x30ca79034b10ceec286814507a195f20cf2c9c34,1,0
0x30de8bd1b5185663232bdadd624049efcaa5a051,1,0
0x30e3257b88a8ddbdc952f0f9e7694dca3a3196fe,1,0
0x313e5979c8775ee7542b01f62396c70b47dd5276,1,0
0x3141363ad76b3764d7632cbed13b3338e37191a5,1,0
0x319c9f308e5b8069b4cdaa6f6d64df9e56780bbc,1,0
0x31a7d26e8e1e2ff329912bc0b60f9baed9bd8009,1,0
0x31bdfa23017d9a31e017ee69f8b559182b6e27af,1,0
0x31cac15e272f2a65741fbbba34d254a8df38d936,1,0
0x31ce842d0779b97926dfab56d4dbf48733a68eb1,1,0
0x31f938b250106fc2c62cf5b70b267e0feb9fd438,1,0
0x3244c50c1cbf0889ed578c55f2809020b68c0738,1,0
0x3251c138e19135adab93144b022ea08be4c47fc2,1,0
0x325409632bccffac706d378a2eca57cafa21ab11,1,0
0x3274bea362abbd8e8015b0d21d4895d629d13ddc,1,0
0x32b5b657ef49a045900aaa931d8246b5e5a2ecda,1,0
0x32c731362507dbe971372beecda81a19e920e1b8,1,0
0x32f50477e5da08cff6de4554c259a3e010759a26,1,0
0x32f8faf7797b6694a041618f33bdb5a7ef41cf61,1,0
0x3306533d1f75105c94ee04d8210650e252371eb8,1,0
0x330aac128434cf8aa1a7a4ee38bc64dc51b70e7c,1,0
0x330cfac68520d8b15891e9b913b7c6bc050f0d30,1,0
0x334b115f8344040c9b5d7bf65cd3749b6d72d14b,1,0
0x33517f6d0a9ebb6bf4cd548ab8690f058c8ea0d4,1,0
0x33834fb9352cdf01616bbcef760d2b4e5393c986,1,0
0x3399fb260be18407f1447bb5a7e2f47243fc490c,1,0
0x33a116f5b252dc9358b3e09ed130719e85fe89e1,1,0
0x33a66a8ad9f2340179b83d9d59b18f532c0e9fa9,1,0
0x33b57b7254823c092c4b38008f64cee00452f131,1,0
0x33ee895e2e9a61250d5326c0b4a01a2d2d281fa0,1,0
0x3416c037856ce6bf98ed81145f5884ecf394b655,1,0
0x3426e06ada53a65878d72d9252e4aedf338e5852,1,0
0x344aaf9cfccbdcc46b867ab5e9e87b3bca1071d7,1,0
0x34648e789cabdec02c7f13d6501a428a8bac7230,1,0
0x348c9735f9bf9cd04504942f1bbd00e46b5613bb,1,0
0x34b37a745b36d201b51f94457153b4e1d41b34f0,1,0
0x34bc3d02de46c8b599d133142041f531d9b6ece8,1,0
0x350a885ea8744c28a26e6b874dd7a50c5d0e72be,1,0
0x351e9b337c29d6a2726feb0230c3680466c89c01,1,0
0x353c8e834a943e5752d10950e546f81332fba7de,1,0
0x354ee3af48467ca990f49a5d681d2ad62d606ab2,1,0
0x3583e6bad411cfed50906727be14f7199ead3e1d,1,0
0x3583f7327ac0b43d55769684c4a313ceebacf5c9,1,0
0x358703dd721c7f62675649c214ff7d984125e224,1,0
0x35ce6834533ba68d0df9fa3cede1f75781496175,1,0
0x35fa30ffacae0b7836105cd750204b39c5d1eff7,1,0
0x3614a6a5700c55233180e47591251960618e51c5,1,0
0x3653f0783e7918bb1ceb0fd7ca6b63a92a5e6ecd,1,0
0x366cb26da819f565a4222f552038b2790d83810a,1,0
0x3676db8b7e3209f70c403ae11a46140b1365b0c5,1,0
0x3684aa0a8f7186ad54c6627a5de10b6d97b3f794,1,0
0x369caa885e866e0092c9e76de31fca4386e41bf4,1,0
0x36a9809295bb8398b6886b13f24f828ac82ede68,1,0
0x36b8ecccdad1ab7b5c29aebe8b9c69ab43daabee,1,0
0x36e68107f9fcf58a5d59df6c868418290f0b2162,1,0
0x370f8feac906be9e3649ad4a3055e9b5e52920ae,1,0
0x372a721f0cf4cd10f603a5fe0aada79f2764ec6b,1,0
0x372b68b4b48ebcb0474cd94214b5ecc2f12cf959,1,0
0x3751af73c600824a86cb11e6c8313051bd597957,1,0
0x3755e4e42cc2f863996b530cb42078fe52d5dfb5,1,0
0x375de51f1ce6e0c642717fda1ac9be7d1e496359,1,0
0x37604e3a53dbaed91b60577dd21ef10d730cb15c,1,0
0x378c0960fb553768c088954d9cc400e557ca7526,1,0
0x379f680d0fac4f0cc77f7b3f281dca98f8b2d376,1,0
0x37decf1473753ca7aca7bc157185959ff9840c24,1,0
0x37eed002e4fd9fe3cce476b3a330b13d262d1558,1,0
0x382a6375ec69ea7cf02445bd002302058a8cecb0,1,0
0x383b5f1197cdafbf78268e0c983f9241adbb0363,1,0
0x387ecc41c9a90bc28cffc55d91d0a672cbd14be6,1,0
0x3898dba3902dd59a575774e303d7bee3981f58c8,1,0
0x38a8c3f6b41b94c00296447ce2cacbd870371137,1,0
0x38f3cdef75b5332c1aeaf00dc08cdb8c2880b7b2,1,0
0x38f633d9141d14cacb3c5f4e6c02655737d16383,1,0
0x39028815dd4075fb79fd54593a74fccab35c03e3,1,0
0x3925ddbee7547cee1df2d2099a7637b52695f1af,1,0
0x392dcaff207bc6d24db6b2832efc857800100cbf,1,0
0x396407fa71b1a981d792487617a32054db8da926,1,0
0x39809dd0ce95760b54172c153cf6e5967ee365ad,1,0
0x3987430015078c52a8164551d2edc6303fc63901,1,0
0x398840adc2868ffb09724cc1ffe8708563e0d06d,1,0
0x39908c35682a876efd2d24479fe3c95712fe526f,1,0
0x39afa2d5f7b577e68e18864b6625d647a7e14b66,1,0
0x39b1d6f82513954415041a6f924c0323df297ecd,1,0
0x39cf3bee727a19d6b801978215bcf0425eaa49a6,1,0
0x39e8bfb879b35bb439d7b5f27b469e0b1f67380e,1,0
0x39f6196a3ac8da746a3301c380b02f6cc7f0e395,1,0
0x39fdb0fab90d5388f46cb6cfd68e103b005da936,1,0
0x39fe2c8f4638b91ddc2ddf401cf0468e0162dad4,1,0
0x3a0959d4c18c85e20e1a1a49acfe4ca73654c3d0,1,0
0x3a20fd88176eb162eca06a20258a0c09cbffe7c9,1,0
0x3a37c4454e9ab88efcc342aec0b085d75adafed8,1,0
0x3a4b5afed0293fe7cc9971877a8d545685e0ad15,1,0
0x3a56215a7957098ec29cf92029d4cc7ae14dbb23,1,0
0x3a70415e6218454d8e489a4a24040bf95225f7b5,1,0
0x3a7dd545508638913d5e320a9a3e9f3352869bd7,1,0
0x3a9340ce3a375696aa1e240d2aec91e083c50d03,1,0
0x3ac652c5f384e638fb576701bbb32a08907bc656,1,0
0x3af0f8b02d2fcbae8c7aaaea2caadedd81aac4c9,1,0
0x3af9b992ea26c43f4f3b019a3c5c7fe4e059af25,1,0
0x3b2536bd72a2f890bfc9c73e7bc298b97d84630b,1,0
0x3b518a77c9001c24699cf79a539dd1d534c161c0,1,0
0x3b58fd525e8f39638cc6b6109e34249311f6dfa1,1,0
0x3b90c719d2791898b778b84dff1493c23ee9d32f,1,0
0x3bbe0b1d16586c1837e76cbb8cab9bcbbe5b0d20,1,0
0x3bddf69a54a63e8551210a237ef1fe4f06d1b95c,1,0
0x3bf07e88a5018e8106f515a2b9e29fedb8c1b6ad,1,0
0x3c0a3ba6004dd5550d36244e4f5475ccfe97c730,1,0
0x3c0cb5100e2ad9d185bc5f111874d78f645167ed,1,0
0x3c33f49e98f928ab17fef413e6ac00b2a73154c1,1,0
0x3c65956717c29d5c1dc97efe97fed92092d89cee,1,0
0x3cac662f17d511f9dd1598b2c3f1cfa163f1264b,1,0
0x3cad538e0f20694e421e5dc35012962e599fbfeb,1,0
0x3cebc4835a25be32833128c1f9c989526afa30df,1,0
0x3d2af13fd827f6a24190df9d9a5923817a2f9b79,1,0
0x3d2c5de139997c9b39a2d178b714f4a7cc24270e,1,0
0x3d377a6464dc0c6fdf486a67ae0c668131d981c8,1,0
0x3d592449604cdc156a313b049078cfd75f6069f4,1,0
0x3d8e319b2f0d4860f83ddba9ea1f1b7c411270d8,1,0
0x3d8e4271a13d35878a87aef26e0ac7871e98d891,1,0
0x3d935fe3f56703268f15fb072d7a5c86f17e49b9,1,0
0x3daa7ac47f80e199fb59b2786d32d35f4e6859de,1,0
0x3daef97ad459d4a4c089ecb08626c36a89dcff53,1,0
0x3ddb26b6d8f3fb1e483e3de47e581cf998453d9b,1,0
0x3df839a04e9b70e7f89fc61029f567009a363110,1,0
0x3e242f70f489a92f5abff05679d7d609ab4abc92,1,0
0x3e353b11afbb7c217d01b39733d4c1d649040597,1,0
0x3e46dd3dca90b390a666e384291786da59979a3d,1,0
0x3e4ca7aa11744d27b9dec3e30478178dd80ab2e4,1,0
0x3e51825c6a712d78092ccee61ded50840e8891ac,1,0
0x3e623c73bd61d6956f8ff3cfaa1c50f0c9b1fc42,1,0
0x3e7be58834b6c65274ef73491adad98bbf507190,1,0
0x3e8402d72a95f49e71dd1185f476011541f542bd,1,0
0x3e8d42872cce8c96635376299677a27dbd1ab10d,1,0
0x3e91429bd4806af73f342567dac927271c519884,1,0
0x3e9f44209e3217a81f7913a6cd910b9a379a7895,1,0
0x3eb83e71dcab67d16ae54051ffe9206be25120c3,1,0
0x3ecaa344b24d83296af3b79913a86858f322d467,1,0
0x3ecbbd65bdbc87aa04053880718f30b27395da66,1,0
0x3f36cdc2769a927fd6081f5b659d1901b74e6256,1,0
0x3f4b2b54974a892eb57237321d9d2a7b4b4aeb93,1,0
0x3f63a1c657ae95fa62de2e7fec0480d48e762ac7,1,0
0x3f70e5a4990d95c7e983c17869023f5eda5a9a0b,1,0
0x3f72ffb28f94c4921b1261b4f394072b248a7885,1,0
0x3fa41c9871280371587800bc093a4549b183602e,1,0
0x3fba741149a5842eb79866559c7d5ba2080693aa,1,0
0x3fd9e8fda54a4e96ac6354bb441698a07f867dbb,1,0
0x4000cf902f8cc74611e292c6742b0a0713431cfb,1,0
0x4074a5c69a87497f648758ba10c8e9e4d9b8a7ff,1,0
0x4076ce73d5a3bc3e227472e11b32e61e357277ee,1,0
0x407b4501a4e499a56cee798197d17ad1f051da1a,1,0
0x409a071448624e04c258d0b806b613a073adff66,1,0
0x40cd76e5769d7679716fb9c702175d4460165213,1,0
0x41655f6f1e3f33a5f21b52ed83e23987f7cb9594,1,0
0x416e9b56000fc922e89a65e77bd6cdcab788ec20,1,0
0x416f10b4c8917ddee646db4e4d566b64d5cfa8c4,1,0
0x4173410aaa5cd8fd043235447b5f3fdbe4df6008,1,0
0x4177a507342340761c7f9849bdd87ec5eec086d3,1,0
0x417a537e13ab4ada4900882c8676b7f12a55b5f9,1,0
0x419678ad7af4e23ee5806e39eda55c86d2a8b005,1,0
0x41b4945cfded601be69ef7bcc48a91f0da7a2475,1,0
0x4205876beede72a913b625f1b500cb45a654e2e9,1,0
0x4209ea79b110a66d27c4e185c7da9f5f5f9ee220,1,0
0x421d5b85301c707d5da1dbc12ee8435fa7bb94e0,1,0
0x425a18bcbfc0fdc22814c462a520eebc8270e3e1,1,0
0x4260b7f22680a46d9b51372d8fd2d6d1a3128d83,1,0
0x4262798088b9bbe480c8d1de5562fa83334a11b4,1,0
0x4288713d5264dfa52ca5e1024b446f6292044175,1,0
0x4297e894f79d70cd8e89b91601556cdef1f7e630,1,0
0x42a37ea04cb82e0048bf45b0f864b83be5572262,1,0
0x42c3faf0c5909208acb465978202ad5c0cfabd71,1,0
0x42d1e1778b2f7b600065f618cdb502e3d2cc162b,1,0
0x42e47e480186953ae1c169858cd350d9074360dd,1,0
0x42e53be176d12e1db40b3ee9866300f74a4b19fb,1,0
0x433a6aaf60061d0b145896eaf0d7a24c465cfad5,1,0
0x4363250627def336f459036f969609c3f089420b,1,0
0x439be4bd928c390ce81481a60c919f7c5955098f,1,0
0x43a77f61da333719956c645262efa9affbfacb9d,1,0
0x43e39b8acda9b6facfe96d34efa6cd7498e92f78,1,0
0x442b82269b49d765b6d81b91a3679be38e45158f,1,0
0x446d4c0b654eddf1d8c49a24dbd0018493d60df4,1,0
0x448eea7756b816b1658a9ceba7da85a2b83ebda4,1,0
0x449e0b8dbaf55d2f279f449937e08c9294cde42a,1,0
0x44a53ce73b88e56bf22ca5751ee164719384db25,1,0
0x44b354db791529f4a90333fc0a1cc8c7c0101215,1,0
0x44d1687eccb2642b3bb2fab26fa202938cb06610,1,0
0x44e2c09fe3e8e9f5060c3b59cf06ab2353595c1a,1,0
0x44f75f91a8e712ef5ceef835cead62974198f326,1,0
0x4513c9c468a9c9d608612f9d98389a576643e32c,1,0
0x45192f348d1b853877dbb26ebd0d8c944a3983bd,1,0
0x4525d7879aa4dfed40738503e1adda880b0f23bf,1,0
0x4548f5d8b7bf356b62651c7ec2bfd1622c29d0fb,1,0
0x457c086b740cbe258d5d694c70e8f792c4222809,1,0
0x4580d91ba0dd18a92c215b072e9eb5fb54dfcc9f,1,0
0x45a298f1e376001afc84b044984b6720b9818591,1,0
0x45b1a98d3f460b170cda6c79879c8851dc4b6a15,1,0
0x462059d9476169196bdaddff27bf67dac60ed7d2,1,0
0x46411efd063b1b53439bfc8474ba8ad40f68ab4c,1,0
0x466a6af77ebfbf2d5f8c7fa426b076459f007454,1,0
0x46d7f0c426203515cb5426af3d7164f0f45416ae,1,0
0x46fbe10d138a5ffcb4dca5889c62f61358803541,1,0
0x47112c762aa2f85d75c95352dd70f0d3b5a008e1,1,0
0x471a4812c3ff860987e69960439c26a25cc2e196,1,0
0x4722ee8b08471ec95b8c48e8945266a3412b145f,1,0
0x473e60108afa3c21800aed42aff117b0131de569,1,0
0x474d7d70207fc6e133551927dd3cb212b086018f,1,0
0x47607d2101968e929121b3c1cba095d49cd9e49f,1,0
0x476e2383e08608d06081276854a5e75f6a276fa7,1,0
0x4782fb2ca42e4837befa4cbab0d62202d0c032c4,1,0
0x4789b4aa88e300dbf96508acb7a5c7f7c9a3179b,1,0
0x478ba3db8d46e6b912203a2385eaae7418bf2c26,1,0
0x47cac4b62a4f7e2f95597af930d0b074b1c0493b,1,0
0x47df57786a9a4a1476bf4659745b9295513dd51d,1,0
0x4802a5efa154763dc5f4fd371dd7350948d1d6be,1,0
0x4809ae08fce2213e4211861135344a84d8aed6b4,1,0
0x4819cf4fdf98661be88a689d9092f0836209db88,1,0
0x482111bb362b236fabbedc032beed126e9d168d0,1,0
0x487ada7c92f60f7b0275b77dc0f51f96c1a93154,1,0
0x48a05235dbbacecf18bcf00a7b391eb110ea1f22,1,0
0x48b2e534911ed84ed5aba0b4c42f8976afff3866,1,0
0x48d4ccae92c11f090fc05714dce79e8cdc1d8110,1,0
0x48ec2a6f23b2b121f91ad7a13699eeb5b209b35b,1,0
0x48f43d1efba0e824019e1fc709ed128e71285314,1,0
0x4902d7ea53dec3b632f0e19e888e317cc5aee1fb,1,0
0x4911376de85b8b13940aa1bde0c560d01d8425b3,1,0
0x49324fd13114eccedde5173998c85652343105e4,1,0
0x4961a87860e08d9ea2383069f4f36a2bc72142f4,1,0
0x498a3b17c1551dd383057e52e72214a43fbaf021,1,0
0x4998ebd516f47f04b3b3e0b092df21ab3afbd3cc,1,0
0x49b24df2754936a4a320d6066d924cd8ddeb1edd,1,0
0x49c002979d8585f3e3b83a1d976bc982113050b2,1,0
0x49cf51cf2206e6c1a84063327aceed2e390df13c,1,0
0x49ec66863b746d07847fcf79dc4ee80fb14af0b6,1,0
0x4a271e0e50c71fdf158d32a13e4dea4535ca91d4,1,0
0x4a2beacfe416918cb94d1e19f49cc2dc2b6e9e2e,1,0
0x4a43cd7930d4950ed12e58afdbcdb6e8d88dbd69,1,0
0x4a495b79e3f7327ffcd95dc50e1127436d030b8a,1,0
0x4a511876050a5e91faf8621b0167614f0fb39d7c,1,0
0x4a567016aea961e5a3486d2f8de27768d5ecdf01,1,0
0x4a839adbf051c796e3112f3de9c41075bca115ba,1,0
0x4a8c035011d2b486a9e67addbeb0c46557b9f126,1,0
0x4a953c84eac45f0592929d23b408595d45f27bf5,1,0
0x4aa786dca18af5cc70bff0fe15eb20f1b7c0bc02,1,0
0x4adaa44bd82cb81e9f0fd1594e170eb759b239a2,1,0
0x4af35ce45ebcb8601ada2c7a40e52967636aff48,1,0
0x4af6e24964ca65dc754cb7e18ba4ef3dc4d6623c,1,0
0x4b25bbc1c136de63de883e77c772d994a86c7596,1,0
0x4b343b5d49a444dc15bad8497f74744d4bcf62b8,1,0
0x4b36a36c57d8472326ed2f1a149729f68dd80a45,1,0
0x4b54f8c1142efbeccd851144ef7525b841f2171b,1,0
0x4b5d2eaa8ce36d56fbd4fac635e86d1d9829c9be,1,0
0x4b657a913c1a9681260a55a17efcebe3b1be0d13,1,0
0x4b66ea437a9d8139f12a6245a2894f5dd3c4d9ad,1,0
0x4b875ff53cc3ffaf15c2f24a1932c32597a7e2c0,1,0
0x4b924af840adfb0e9e4eac5dc3dedc2b3bb6b13f,1,0
0x4be1b4180559d048b45c19ae704c83e6b3d82976,1,0
0x4c130213f5127f556b8f31f994bebf83f2b23126,1,0
0x4c29b88d45375e09095f582420b6b6f0b93e69ce,1,0
0x4c4960681f2c54c6d8b88a5e9905b9d534192db9,1,0
0x4c688bfbadb6cf7088a143dc3ab3673ae0a3a318,1,0
0x4c76184433ebcd9bc0cbd656510ac8c6132d6f0d,1,0
0x4c993d971e28f85b1166e8e2b1dbfcc01ab6ffa5,1,0
0x4c9aa45650ebb86524accb411e3d626ccbb44267,1,0
0x4cb84e87dac5195b71f2914c982e0493831817d2,1,0
0x4cccf48158adfcf1f794470aeeffd23450ba5e7f,1,0
0x4cdd278686ae828caa9ada62dcc023fcbdc25827,1,0
0x4ce608e087f836601a1170bd958aed8104665198,1,0
0x4cfd738a421200ccdafaf5a3953c947bd4df1e76,1,0
0x4d1e431909fddef198c0c3b87f1fcfc76b86a2cf,1,0
0x4d45ab1a417d2b7952734a5f48b877206ead2c10,1,0
0x4d7d3d745bdf07df3cfcdd42ef4503bafa44c0f9,1,0
0x4d8515934a0b5d801d5d20d501f3a429002fd986,1,0
0x4e1381d09520ea158246f96ec4436541385ec001,1,0
0x4e17978e484f6b63b4b80d09914e00c468facdd2,1,0
0x4e9d4950eb5b6d5809e79586ce497783e9d04e94,1,0
0x4ea59a2cffc867bca2406af771fa735a7f53fc0d,1,0
0x4ed0679fc59275fccf822dfcd695e3cf50283879,1,0
0x4efea85da5635f9cda2707b94272d0b0b2f3e7f2,1,0
0x4f0621589daa3dae2b9938ea0c142076709b4659,1,0
0x4f15ec17cc7f52f3684312a938652b915eb0e218,1,0
0x4f2d52e80b8c0893c06a39aee5f814868bfa3fc3,1,0
0x4f468d1201bb1233482ec125fccb20971ac9e443,1,0
0x4f528cc2cc3d8bb019c1a3040b5f969e04f817ff,1,0
0x4f87b32ccf8053b3b3d047a96cc2d20096b42778,1,0
0x4fac34e9972921005e5c0bb6e9d55c22b209b8c3,1,0
0x4fb3fe7c8616dbe607719809d64d98a70e782437,1,0
0x4fc53cdfb93fa69058529aa2caa174581e7fb541,1,0
0x4fe453514d8b656bf7fa70b13f19c5d32500b1cb,1,0
0x4fe460b617216565c019122cc5a2cdd98169e213,1,0
0x50068fc7094e5e27d78939602d78b46581f1d49a,1,0
0x506301035fb427042869db246b3d847ec884b0b0,1,0
0x507852872830d06962e21647d29ef23fa3d8fe1e,1,0
0x50b5d4ece861a66c08aa81b0ccf29e378dcd6757,1,0
0x50db30d11e36bd210ca71bbf1be71d1d771e193f,1,0
0x50edee7e4bd434089f28baf11aedef2aeb114002,1,0
0x50f6b6b949c21b7d39b0960e83c6cfcc8e48142e,1,0
0x514dfcaebd1f10599588f5a2fcd1032525dbadf8,1,0
0x51567398dbe92c673f6cd60cabbdc532d9384758,1,0
0x51880b7311fbb9efd434de7b20efe6f4512523b0,1,0
0x51947d5b56f78b22b66cd276c75375f2641aebb5,1,0
0x51e2d61bb29bd800042f664b7f3619e4e279ae9d,1,0
0x51e2f20ed30f9bff475e2a68b0018a10b3353dcd,1,0
0x51eb30547af8d2a833a3c63d41bf61ce1f1694a5,1,0
0x521b3639d1e246bc6ba019f6fcf4571558068231,1,0
0x521cdedd248872680e23e7b461788574a979c776,1,0
0x5226fccf7028261abca03147a1e551e082d3f778,1,0
0x5243e62858282d79663551d0382d6fc8cdce9c97,1,0
0x526edc997e56cc4dcdbde7940b5277a6689fe606,1,0
0x5275045aeeba7d48d4046c0d2e31fe71c35852ee,1,0
0x528072a8b0e2cdaa08b6b8ea3035a5f9144991c7,1,0
0x52904ad47ec751e1a9f87de4d286761dd85a7f76,1,0
0x5292281d1441c12214555ed517761f9a1036120e,1,0
0x52ae02bc18790453099558b49df6f297291069d3,1,0
0x52ae4c001c28778815f110ecec60fcd44e5a6bd7,1,0
0x52cc10f6cdfee9d4fe33f9468896b40647b03f9d,1,0
0x52dbeb8496885f6592a35b80f144cb2fda5d0efc,1,0
0x52e377ae7283b710a5293bc9e7b64358924075a6,1,0
0x52e8b2e7269496af284521d2e9361d686e472747,1,0
0x52ee52b0d6a9202b48f3431856591bcd199fb224,1,0
0x52f4837e47abc48d0d4a1ffe0dabbcbdd890ab39,1,0
0x53001ffdd0b823d5252b7949b505561f7a62eee4,1,0
0x535a6575b30e847fe8c899112fd47c29afcac76b,1,0
0x5386ec1c2246e8a906e7cd19e73f352d341b47bd,1,0
0x5396a1733b2d292478695c2792cfd038f094314a,1,0
0x53a4471b28933c3083d953dd412a0174c8a1e373,1,0
0x53b2cd380d623e786c4f2616dfca5b88ea7e89af,1,0
0x53b65affc54f52c6c734e00f4fc28fdca9fd9cb1,1,0
0x540ac75d987113cfe1a0b4f142fb32a1380523dc,1,0
0x544b378d2dd94f7536d86b4995092578f9e6ed76,1,0
0x5463d492ffb9d002a429ae437176d33816f9c3a9,1,0
0x54bb6f1ea5e3615825d3dd1645b8b6ff5e22178f,1,0
0x54cfc009d17c9d6161604a9535ddb0e2ec8ae218,1,0
0x54f59d552a6f524a0e1e80a6968cdb205c4928ac,1,0
0x55033312f61a5c8414c574677f1ea0301c33c73d,1,0
0x550759670992ddc7e9d737ce42e924cf64482955,1,0
0x5507bc2579b9645e937774fc7ea056dbc5200cb3,1,0
0x55106ca09d78deb210d245aed97c22b5d34ed275,1,0
0x5510bc2c2fbdf7ccc4fefd2b444a407293472ffc,1,0
0x554b7740fdbf5504c81de124fe28e9b679f85103,1,0
0x5554821a4d5a0002ea323cbd4baf89f7c06038bc,1,0
0x55681a1b4d3d1cc3ed9252e48e803a559024a0ad,1,0
0x557bf9d88af24540ad4b52303604df762db5c1e7,1,0
0x5587f8150221e756f8801e47b09971b5c2cab8f9,1,0
0x559eadf1f646a5e216e404d82647907afcca27d5,1,0
0x55c071da85081dbd2fb990476d208147ff2ee32b,1,0
0x55e235c38ee82f0d586dc53e85ecc43f69fd2cde,1,0
0x55eb2d4d6e2cfe0659c424802d5e286a43222ceb,1,0
0x55fc5c6cadabf87d79cf07edc42d93ae216d1479,1,0
0x5639ad9e2f11d81a8a053090f342ba7837d96c5e,1,0
0x56541d71bd91d41a02647394731257a1284ed65b,1,0
0x566478216901a244d7b3588e988ca877ef96ba34,1,0
0x566a1a6f8b6a039f2363c38f0114aa70006cc0b7,1,0
0x567f382fd818e4495eef5f397a064a370b3a53a4,1,0
0x56a0c905ba6d8b7e874999e72eecb8ebbd41fde8,1,0
0x56bbb26cd5bb82fb2ab99889d63dfe0f6de2edb0,1,0
0x56f2f61aa04298f6fa48bfd59b198aa3be8e4226,1,0
0x56ffd1bf1aedbb4814fbc69704544736798b605a,1,0
0x5727bddd580836552a7d40a42803a5690a673fb2,1,0
0x57331da7a430ff4d4521f2b03d64b3b0baeeda30,1,0
0x573c452dab249cfc6d0e0a0b41488db50ab40c06,1,0
0x575f10e1fe5f1ffa9d8b888b55bf59c7b8c01fa0,1,0
0x57a0ac5b6c1d2d051aa9eb206aebb25824145797,1,0
0x57a5ec2a197ab153678fa58f01e0d51334fb5b4e,1,0
0x57a5f23bbefeca4f74a360de3d7cadbb8b10d93d,1,0
0x57b835d43007eb1c6d6fb15af769eda300c2acab,1,0
0x57bcc941482517dda764bbb4ff83bbe8db443207,1,0
0x57d69ba8ee3be0d87eb1c5493d3b49a23c7df5dd,1,0
0x57d9e65fcdb678edd5100e3df16d9215f661a826,1,0
0x57e5a470e26c6530a59ba1e80058aeca7521f472,1,0
0x58220f74d456eebffbcbcfcd3235befecef1485a,1,0
0x5823d93cb4668f182883b32396bec8ba1fd427dc,1,0
0x582e0d5033b1400992983e53d167a087fb76c335,1,0
0x58911199112a025f7e5fb1dde2bfada257b8b6ef,1,0
0x5899f7680aff9877d101bf2fcf98abe37778154f,1,0
0x589bd9ef64ec38d11fdfb9a590a76e1f7a3d6705,1,0
0x58a5bf8f007175fb96b884d522dffa06deb706dd,1,0
0x58ae99d814c8765e9622ab8fb8c7e06e982e22c0,1,0
0x58e936c08dfcceb8fa29f355d1ddbd4b17818a8b,1,0
0x58eb3483e6dd670c9eb63eb81ca4be5ea9012d02,1,0
0x59087efe1c2de9a18d58af192b0c7947cdb021f7,1,0
0x591c294443e54d91d7ef1df91ce81e31528fead4,1,0
0x593ed22ef423b47d1c626dbcd5ccccefe81ce3f8,1,0
0x5953b903c9519f048b99f44dd54fa3f201103a14,1,0
0x5965bcd46f3c87bdebb42bdd404ecf8e20c80208,1,0
0x59956b5f33f2e613d997f3de14be78a873550693,1,0
0x59aba7b995c64c78bb982c224698a2f331ad1106,1,0
0x59c5c8a4ca3cbd9c361fe539e413c5191200c061,1,0
0x59d42ff33d0eceff23bd461026758ffa09faa665,1,0
0x59d8d68c419bedd7ba9ae899ec27375602e34a7d,1,0
0x5a74122e8a0657104d29ca8ec23a4910f5ea6b0b,1,0
0x5a74e57778ba913d3395176d9e2732d3d08eba48,1,0
0x5ac973a505f9440714831a9d5838890c6fb3233e,1,0
0x5acf3c4902fb8f6159a7e5c2149691202bc141f5,1,0
0x5adc5b5ecbde51722b83331c35fb13984c8a3f94,1,0
0x5b0a5680a532cd041a75eafea23f2feefaef406f,1,0
0x5b13a8ac7dc48acfa32101feb224338a73289728,1,0
0x5b32bb77ccc8f4963a97937144105c0b0263e5d1,1,0
0x5b66fa3a533178e518c9d91bc77a4d33c647fa43,1,0
0x5b74632640ee2af66d72d3029aa06b6637262616,1,0
0x5b76e14cd60448893ead18a374b8c834734889fb,1,0
0x5ba38462c40e928459a8d41b95c64d0aa7365ddc,1,0
0x5ba93addf90ba6674fc545161e04c02826dd0919,1,0
0x5bae0451c265c4f84991cd721359b1062a92534c,1,0
0x5baf37e5957fe868c7761f82643b5151bb5f1f12,1,0
0x5bc6de388b5067717025085ae82554674f12e895,1,0
0x5bc82641da6292c0bc15759eeb7097fcf0e49d18,1,0
0x5c0ea1f79a37a596d4768ad7434b65223e62a520,1,0
0x5c50430abd0d83c3a19a968cd7c644d0433c4ca3,1,0
0x5c5502ce1b4254470d11202320639f87858b4325,1,0
0x5c5d26449438fcb5e3010578aed72d8006a1cddf,1,0
0x5c9263ff41d89071f117c1a76fb72bbc9512c9f4,1,0
0x5ca7462dc6cd32298b30e83690309fe1a68c1dd8,1,0
0x5caff9cbe05a3765a9453f0508cd5b94fe615c8d,1,0
0x5ce90260f6c3cf49e6af276727d476d3193397f6,1,0
0x5ceafdb28ccef98c48b8579172265a2bfe31e01a,1,0
0x5d01a81f08a43ab6067caa2932bdadeab24a64a7,1,0
0x5d03ff03527fda058bf6d64a1a9ce9fd6f0d66a0,1,0
0x5d4690772e9a2394e9fc401f093d5c997159a646,1,0
0x5d5df761ffcf42a58ce06285b6cd5dd71a37c777,1,0
0x5d5e4778429d57f32907ac5aced8e7a49213b781,1,0
0x5d9b4da80ba3f748a5b1c58b41a982a93e54827f,1,0
0x5dd91d2f1a5bd14b3048185978b8e4dea217582f,1,0
0x5df416ba76914df193f162f893668ffdb255557d,1,0
0x5e103351aad8f6ae25317d2f7dad9d471d64016e,1,0
0x5e253f8df507c0aa565aed727701a3f7bd3778fd,1,0
0x5e295c12c63e76b1e622c9da75e966fd33bf5965,1,0
0x5e6871e2cb4eacca968378eec2101982ee0b7919,1,0
0x5e6ef7282c09ef0209363bbbfe1371c97d86f5e0,1,0
0x5e700cb5f799d57990523a35d9cddcdfafb1603c,1,0
0x5e7874c2e044c164b8b9b120ce89bc8cf04eb98b,1,0
0x5e8d47bd153cb4aa3ee375555892fe99814d2931,1,0
0x5eb7cc33f11709b4b1ef4dae2f749ce739b1829a,1,0
0x5eedfe452b64fef64ee42309815611b66be37c14,1,0
0x5eff4334612f26b9a2c7a85882d9e70570581db4,1,0
0x5f193e139fa2c4a57044f331863f64eb5a797af2,1,0
0x5f591876ca8db5a9d73b398061b31b06c1a788b6,1,0
0x5f80b9feca091cb280383c13437fe6f0c47d2343,1,0
0x5f9bb86db93039edae398ebc53a65ac6a425ac65,1,0
0x5fb235413f5e0614be0a3e7d3510b5748294a1f2,1,0
0x5fe44a35f5dc03c7aee2f02d3f31ec592ca3412a,1,0
0x5ff2ff3bf9d8ffe16b0292dbb51977fc60b6815a,1,0
0x6020252c9c900c9b6baa96cc0385b81fbc5e12e9,1,0
0x603a4f6e11bb68350131e9be8bed06447cd04228,1,0
0x605572243c30af7493707c9c8e8aa2ee25537e9a,1,0
0x60cbb9144c09de365bab24f4b368bb4834fd9bb9,1,0
0x610b398e6d86078aeba6e3bdef8b66f579797cda,1,0
0x61379678c4694090b6889f9437bddca238c48ffa,1,0
0x614b1ae8c10467f2ce290fe9f847cb1e5d018f86,1,0
0x615d3667a73956b1a80c9758cb0a26b5dcc3c88b,1,0
0x617bfef4feda8eb12254d4dd2bc0c202d8daaf35,1,0
0x617c670889650c885b28e516c92657ad1aaf7889,1,0
0x61866337c69c9abef2e638513dcd21cd21b06e49,1,0
0x618f89660a2c1a8ff0a2984bfdd1f6ff25ca9847,1,0
0x61966e7d811c04096b5be95748d20822dc163845,1,0
0x6196b6d155ab0e387d83834f8df33f3451eaede4,1,0
0x61b83ed8bd1576bffc218b625953d0c20e82dd07,1,0
0x61c219d21d75f36d416691d3f61aa0f1023109eb,1,0
0x61d21068c5b3d285451cf12bc267dffb35cdce06,1,0
0x61f3129deae6962f49968f6c31882c77af791061,1,0
0x6207aab1d68a6003641ef74f2c59cb934d59575a,1,0
0x62103267fbb66266ed35dfbcaec3526bc18d258b,1,0
0x623e88a166441eb860236e3b0c3e73f31863e743,1,0
0x624d4c8dcf7a703ad9d700c4893145d9b7212b0e,1,0
0x62810178cc1dbbe9c02a1dcdc36b9dcbbba63356,1,0
0x62a0a1f7437f014f928a2d98ce9402e699796182,1,0
0x632030562728f13957a1897f370be97c1471bc33,1,0
0x632de0e68779cec7e2dc3a336f89da0618a03fdc,1,0
0x63655c757e34d3863dde03cd5682232a274872ad,1,0
0x63734ccbcb20670d4fa4cd3ad8248902b11dfd96,1,0
0x637f473cdb419ed30748c46df970c7706f75909e,1,0
0x63a4d2b379506cbe87f6e27e87e3c441d31522ff,1,0
0x63a7e10e8f7212dbbdaed8646f852d92c712aff4,1,0
0x641a528539f763a2fc05beb3ac25d4dab9507a9d,1,0
0x64323d6fd87c26acfbd2d96265336a21739452e6,1,0
0x644547098defb246eae659797e3a6e9c0fb6514c,1,0
0x64600cfdaeea7bc1c6096785888d13dafa083233,1,0
0x649f4dfc6410779ac3be6c29ea6bb3cf56eeb24d,1,0
0x64abded425549289212aeecbd60793200a6c734d,1,0
0x64bed19a0c727cf3c419fc6029c0eabdf95b430d,1,0
0x64cce027c2ec265423e9b2555448304ce4b39a79,1,0
0x64cf9ef6fa62e131ae2267274cadc2403806818c,1,0
0x651450e1bd566e94532aab1c2f3fdcd59bed7917,1,0
0x6523e7cc2799fce16f2f40c816b97defa0775bb4,1,0
0x65489c0a3b956328a65096988a389fbdd2dd7e63,1,0
0x654ad7755ef9635990e08e781943fe406adb1cb4,1,0
0x656a7db8c1671d45feb6629445b63c7f6a7e2be5,1,0
0x65844910900b8a6e364a21484a311be4827769b3,1,0
0x6590c5d65ce6f22228f1b4ea74bddaa171c1ad98,1,0
0x6594658cb8176b5b1d4491c6f8a26c3c40c8d8e0,1,0
0x65b549937e409642d09f0917637dbeac4668c56a,1,0
0x65d55180afdba0e4e15bfdbec564016dca14097a,1,0
0x6657cdf3f8307e8a4ada6a8187334af0d19495cc,1,0
0x668cfcf889676b0c7716de4e854fdde101b1c71a,1,0
0x668e67b292ff03e8dce6f47a37a6f41b46266e29,1,0
0x669770f6722da992407fff38dbbf3ac05f2e622a,1,0
0x669dfbcdb76a9b31301b7f20667019d994625788,1,0
0x669ea4246063d286755e29800666168a54b17aa3,1,0
0x66cc368eeed4d0e504e17508c49b2e0017adb0e8,1,0
0x66e4dc8eb72726e47326653bb271248b0d83954c,1,0
0x67224f60a1f9af3ffba5db2f54a6d6738ddcc2d3,1,0
0x67441f14209b19cce827438ba629e41ef52be8fd,1,0
0x67464c80f84eddf4245ee90faec9d7df347faad0,1,0
0x6788247a2477109dd6422d5f42405bedb7674c46,1,0
0x679fc018682e907141e0c5097a848e10dd1b29ab,1,0
0x67d959e358d85908f63b0abb0ca68c7b487baa45,1,0
0x67da9be853f9328443783d6b763f4b01a1a04e5f,1,0
0x680a77c4057cd5f7048cdc3853311225daae8f50,1,0
0x680e5dba04b0be37b0a7d90fe8c01659b8487eac,1,0
0x6828d9b62cbd689f4b7098f139e5b6518731edd5,1,0
0x68664c70442007ec6bf2d9a52b3260ce05751c07,1,0
0x68911363068376cda965d25ac2aae6e38f8b5f07,1,0
0x68b2d4304eb4847996ce3487501e8a4275d116fd,1,0
0x68d24e610e159ad69c8b50601501c6eeb41f8db6,1,0
0x68d8b6b2e93319021853fc24fba6411223935734,1,0
0x68f5c0d47f2d8abceab2801e8cc3895ac1e46961,1,0
0x691b1a9303f9ef636dc2f6bbb68527040782013d,1,0
0x692431b45c574af4c7310153f995185517c0745a,1,0
0x692c0e4557c1ef7f731e830f06946f1632827e2f,1,0
0x69310dc39c8b227140a6e4e5bbe48a819e87d49c,1,0
0x69331c69ed6bf207a45356c2a4fdf6054ae26b3c,1,0
0x6944b042656f6acb9a0deae50f2e66c572238e06,1,0
0x697162e7b14c08ee2b97d6aab65323c986b7429c,1,0
0x69779fd95156429e19af44a2ef87fee27202201c,1,0
0x698d4e4979b97dc95d358087c0e05daa9d87696b,1,0
0x69923d7a85e316690b9ab27cc200e01401ab7a80,1,0
0x69a0cc19cef9efbef263bb53f7f9041125dc29f8,1,0
0x69b001f6aacea0d5aad56aa8aba5a1f2ecd61d84,1,0
0x69b739b5b7c9aca6c4bedf7378b9827401cbaa91,1,0
0x69bac996ecca2af289495b6bc994bcf1c5ca79b9,1,0
0x69cc98bc961c81d7620cae8eedfa7d3f40e0c14b,1,0
0x69f681bbd8132f50da99184fa03aa4139f060c28,1,0
0x69f72ea03a5393f9d0edd85fcbb339f3887c46b2,1,0
0x69f8059a5342d0e28895af08cfa4ba7be067b431,1,0
0x6a1b02ebacce5c8ab2b2d3df077fe645d75d09a2,1,0
0x6a60ae8301d45c8d2ae748dbf5bed9a8d0a4801e,1,0
0x6a9b12c22569f9f9eef79e9baba615a0f73319cd,1,0
0x6ab6aed7369ba206cfb05e8a272137d933d278cf,1,0
0x6ade8ef69686731421dbb9a8aade51954a352f2d,1,0
0x6aeedb4755e3f03457f60fb253f57c8f3c37ff0d,1,0
0x6b17d4b4cc59c3b9aacc8ac4c3d58da8f8c62966,1,0
0x6b1f3e0d410d1c0aac9e83bebef71baee828c82c,1,0
0x6b41d105f672c0a88e3633f6d3a56c7c6c78ec2f,1,0
0x6b459b660b113ba9f3f875932a83f04fdd9c7ab9,1,0
0x6b4a7550b6ca8e3f36ec8df17951de7634345678,1,0
0x6b4cbe5bbc2f45f8a66a0809d68809b821226574,1,0
0x6b5d1c004d92854e789a1a9652931a2ad50c0389,1,0
0x6b82376e827a639c3dc62e10863c99c842166ce7,1,0
0x6b846de7a86518f404d142f4650b857840ca06cc,1,0
0x6b87db0a9378eba8326d1725e604db0fb55d6a5c,1,0
0x6b8b3fa27c815bfb383af2fcb6a0263d40dd6cf9,1,0
0x6b8b7c671c2f5b9cd2145d6d43c2e839714f72ee,1,0
0x6bad45d6bd400947d5d24305fc8c833514bf3e54,1,0
0x6bdd46ca384e335969bc9d605973eaa51abdb3da,1,0
0x6bf07de1e73747a9302153433c4403da9f948710,1,0
0x6c5dffc002030203c722c74497b5348eea54944c,1,0
0x6caaaeed81a02459c81e46bbe571034c9e2b7e56,1,0
0x6ce07ebcf2d89ba8bcff36c6be23c201e546500b,1,0
0x6cf47631674e7959acc0e7401f6077af4ddfe725,1,0
0x6d3200a9293bf03a0454d9e3cd92eb51ab912a65,1,0
0x6d4193d7396c1292c234e593072797cf6ecf6d96,1,0
0x6d570749cb924ef9a2d47bd82e79afd9f987211f,1,0
0x6d74da3a59f9813db00efb23e4e7e486055b701d,1,0
0x6d8bb1f9ac6a6b05a48b799b607fe76983d5d235,1,0
0x6d98a3b76e8a1078d28edd786adea48cbbaefcb9,1,0
0x6da5472eed25a949708639fde184fcfa89cc23a1,1,0
0x6db6d12ca4e622b3a1d925c41ee80f4d508ffaa5,1,0
0x6dbf232646006780d799bf2c9fd75442443fce66,1,0
0x6dc98f2aa4b14bfa3b4f0ba2b321e7c18f21d5d8,1,0
0x6ddd1caebbf83acf28ddd10ebdf4cac460d9f1f9,1,0
0x6e25ce280d8590eedb66ea9ec2c8088d53b41ca0,1,0
0x6e291a8463ebd7004c627a47dddf9069c22547bf,1,0
0x6e3a15bbc0fe1f76be8c52573408e9f60cfb3142,1,0
0x6e3a223f488111e27d72a6ea0163afdfc84e04ab,1,0
0x6e51ece0d02358d1e66e0098c414aa95f48f00b7,1,0
0x6e549ed13ddb8ab39debec87c0e5c078cb3cd23d,1,0
0x6e6799b8ae7cd6188d75a2b878f75aa0c0c3b2aa,1,0
0x6e7d175cbed8c943b2624db8026e9ab78b4f03f3,1,0
0x6eb183a0a39106bb162b613bb9ff210e14bfa903,1,0
0x6ebbc6d22f09ff0660b6bb4abb5572c990733956,1,0
0x6ebee3748d76c6943c566e07273d55153c94f8d3,1,0
0x6ec0d4901de7be016ca6879bbb6a5cf7cae80088,1,0
0x6eca0b8afcab35f21c19347aaf0ba809e830e2d0,1,0
0x6ed5bc49d58d074f4b3402d9120313aca07328ce,1,0
0x6ee732caeaba18ecd5af6574cad9bfa76f8d6713,1,0
0x6f0fae331a56e98d2b68fb68fbebc6520a6ee7b1,1,0
0x6f14e51508e44b50e64b18d39942a64c88efb83a,1,0
0x6f371e06e7c79ce82fb8bc1d422531806f2f2914,1,0
0x6ffe3e63cbb07d7f63b82b9b53c687a79b548b7d,1,0
0x7009814557e69139c1334f3f2eea90445e2b4a4e,1,0
0x7029fb7080747d9b1b502a8d61d7048190ac9b77,1,0
0x703db3aa11822d1ee0e673fb5f48f93a23eb528d,1,0
0x7046a1d116927fd9c5d2c2a97984c51d5ae1b871,1,0
0x7063a6a7d4d2a1fff27f9f30500a2cef64bbddb3,1,0
0x709156114d0f08b82b7418695ea0a78a43b9ac93,1,0
0x70eb6c435316d665a93de38c93f27f4e19d7f65f,1,0
0x70f77d4a6131f70dd58fb4fe643d74c3bab21fbc,1,0
0x712eebd1ceeb4aa82e1a1d5a2ca2d651c128f5c5,1,0
0x71494d6525e1fd4e704b7fb78adf0014771fd4c7,1,0
0x719061430b287d962d21a0e1047a724152e7cbcd,1,0
0x71c45f9985bd47714308c1cd8fa4f6ef2fed4ec5,1,0
0x71db8107ee996de90820e332427be6692c32d604,1,0
0x71e2e0250f0020e3e93e990083900a94b2bd5fb0,1,0
0x71e45c13eebc03be1ace25d958c7d2cd710ab79b,1,0
0x71efb3ab4c4afb37e30c6c724d7ce445fb908e08,1,0
0x71fe60a33bf879957c87331d59a9a6db75690f51,1,0
0x72104e5facfaad5efe1bdba173ab5f57654ef383,1,0
0x7257b44df3966018378c385723740183a5eaa5cd,1,0
0x728ce6c01e0ad6fc784b8965e7ce3cf9b688b469,1,0
0x729cf5beb7b3a71f9f8a69e78e91e8af98fe21a8,1,0
0x72b15d3b371b622b8c9a639c8f01ac9d75bdef27,1,0
0x73309ffc801ddcb070585e2b81d7dbedf1617b2b,1,0
0x73331d21a4b35f4cf55a1cb60df096450ad316d9,1,0
0x73760c4f0e8266df0f75b7f697f4149956720d38,1,0
0x737d7e168d236e7297c3f9702cd634dafd3eeaa2,1,0
0x737e3ff04768ec48b53ddfc84fe283072fd62c95,1,0
0x738813d1bbbeced272af1d1aadd464cc2bf63162,1,0
0x7393df974e581958f1835cfa94f0481e52e0c187,1,0
0x73c7969064b921a3f1438a5f49333d121162142c,1,0
0x73d6a0dd34cd70535af754e8367fdd00a7818c57,1,0
0x73dc5a0516d3683da934e5fb20869dfe542ecc20,1,0
0x73f1115a7d03f42f23f1790c78ca26df2e4e9bc6,1,0
0x7426c67236f87eebed8fac24278592bd1b8dee80,1,0
0x748753de7485090168e33162b48250cca0f4de58,1,0
0x74ab541b9bfaab79c5b4eca1fca24ee26e52943e,1,0
0x74e86963ff2b80a87e0384845446604cfa442981,1,0
0x7558b8771814b4108be3b53ea22f41d8775bb4d7,1,0
0x7587066836e486b8d414b1bd3f8eef26122c91b2,1,0
0x759cc234d2b5a7fafee314329585b3d0541e0a36,1,0
0x759dbe6522f8b705e3aed4e654acbbd9016b9865,1,0
0x75a57c561be7e90403ffe909508d150478c4dee6,1,0
0x75beb8b775b1cd440eb8463d3dd9792a7e9d42c1,1,0
0x75f091f19d1ead69b6f9338c2640a2b21299c2ae,1,0
0x75f50d75eebab12638e8b32f4b5d09250a0c0b88,1,0
0x7637ef6921a010cfadc19225953631e7ecad9f8f,1,0
0x768ceb76a23d8d37033122631a1f6ebc7bf0027e,1,0
0x76b7a2f26345c529c9566cb82114c1fda41f391e,1,0
0x76bd70b5a55ba59bf3041599395ba76758680f3c,1,0
0x76c85160d1622d4e871da43bc28ff29942480f77,1,0
0x76e13d92276b45eb000f79ca51f41d747d0c76b9,1,0
0x77251af7305400b32b6bb2fced473d2a575afef2,1,0
0x77a72e924528af77bf0d6ce1a55b9e67922eda41,1,0
0x77b0e81013cf5eb9bdc240af0be5d8d88b820b4f,1,0
0x77c840fd0036a9a10ff9f1f48222d91d2841b51e,1,0
0x77cd3e513441d5fbe46fe4e89530667b0f530f6c,1,0
0x77d7951a4ccf6be4e2a3456d88a5ade913b10fb1,1,0
0x77e534f84d9ffd9d66f32296cbd1111ebd4e9e86,1,0
0x78134e72e1b6047f1c40d9262966a26c380f110c,1,0
0x781713fa259562f0ccbe5fc89d7826b4a0d9e591,1,0
0x782f62a1225ab83c3ee6b85c4657a728958503f9,1,0
0x783d0652c578ea1892996e31b5ca750f86143734,1,0
0x785c0eb4db46f73273d8c8ba59225cde55ca21af,1,0
0x786bbd7065a2d9647f2bcd83d0d5cd1033275d79,1,0
0x788a3347d2f9e3439f026fb74e84d535e974d261,1,0
0x78a0d093a275dc9e2c2ba690657a0274dcfb7b6f,1,0
0x78aa95b996ddc9572aa23f0a2ccbc04ee3dc73fd,1,0
0x78b9d812289193cacb9e69ddc787c7b58e3f8d8b,1,0
0x78c925589b92135499e8d2ea9c3cac26f05f9df6,1,0
0x78dca0c7839c95d4c2143a810e8887aa477d4b41,1,0
0x78eff906e13ec2bf8b3262a39fffa4f31a12bc10,1,0
0x78fd35da4eebc3526baa774164d9842a1e7a0ba7,1,0
0x79336cf277057d82d8af32781ba56aa4b921fcc8,1,0
0x795a705b795f9d5fbd45c286f04c5f37da1678e3,1,0
0x795bcde37e0c86698f491e4df60b6b7c92e262af,1,0
0x7963071116b3bbe550153c36ca8a510e18594fd4,1,0
0x796e5789759aba5febc3ab58e1257122f4209a14,1,0
0x79b1eb2f4f22678ba4ba1ab3007c1297ae1d90bf,1,0
0x79ca69c600c063861591f5de1396d132556a8782,1,0
0x79e8c36ee978533c8b5695ea4e1fa4b6f92ed688,1,0
0x7a0169febc731810b1af94b4667d6226c7f4254b,1,0
0x7a03f6d48b4569e32dfff39cf064102be4ba2e56,1,0
0x7a04c0e931d481f2125541f16a557b8e32abfc50,1,0
0x7a157b67c3783c171473bc3cbebcada20330481d,1,0
0x7a23cf19274fe1ec21c502ba8fc112535b30aa77,1,0
0x7a596bf11387ac52cff9da4b85dfa49f1a220740,1,0
0x7a763025d907804cd14108bb02cf803e70f599bf,1,0
0x7a87a5d71ce922a1691eedae1f3c9da45f98e4e8,1,0
0x7a8d0411f2622e81a69fe2bcf6a4a79acb11b338,1,0
0x7aa4926d23ea20eed21fb9d1d04209bdd3646cee,1,0
0x7aca57c11a0be0a57581d772eb471cf0b5ec3386,1,0
0x7aca98a1a51f31d74390ecec961147044b124122,1,0
0x7adb3b5f9b95e0360d9466ed8557cca1c45c663b,1,0
0x7afcc8fe3fe6c90076867046a6a44a89e3f90a4b,1,0
0x7affb4ace992f5c9eaca8e777f4608ab1b98f770,1,0
0x7b177325dc386a68aa155b47416edab27a20d684,1,0
0x7b272fd04d2f8201b5cff97afcb4a819dce201bc,1,0
0x7b2feeaff3dda8959c614ac78ff43eab347e3143,1,0
0x7b4605cd70d13a40f5a900abadcd3c2c60d4540f,1,0
0x7b71bfae5e88bd88f834180d38054eff05dc3593,1,0
0x7b7588d090021d062482fc76bb509802f216b5d4,1,0
0x7bb0550a5feca702c8534fc30348f875de95c569,1,0
0x7bcbda37afcf6ff7368999399d1afcf9bff81d43,1,0
0x7bddedf5558ac4cbacfe7b79547cd1408c85117b,1,0
0x7c00c4b7c14262e6ee159aa58be9f4bc4da1d1f3,1,0
0x7c08875b5b0a24e12093fcada3b9f5d6ae3380eb,1,0
0x7c21cef44c73e056d1c33c3ec0e62c5b06bd7d72,1,0
0x7c267468c27849edd53c5ccaba9ab9d0e78e3afc,1,0
0x7c2d1cb9a812a44e54a652e2f66c912e5f0675d2,1,0
0x7c543bf5fdc5c33f56080308220539d8c124c376,1,0
0x7c6e587809888f5f9354e65d94d5f76b8c1f6b42,1,0
0x7c70261e79ff919a8bbe15190403b8bf5ab00b12,1,0
0x7c84d21c808872036637862daa33a43142cb261f,1,0
0x7c9f3b0044ee0990326d6faa25a8f7f68bbba8b5,1,0
0x7cdeeacbea4cfea25fab052e385edddc5e29261c,1,0
0x7cf7310d2fb1c788ff04193a70cfe8032d15bc20,1,0
0x7d03f8c86edbf13fbe9539fe7d504ed00191ce8c,1,0
0x7d29c04b50a30250ae208543156d68d1638c5311,1,0
0x7d44ffeca3c1fed1e63534eb3ce77eb92219b37d,1,0
0x7d6aaa98a55b634f693372cd6f83df2ca7266bc0,1,0
0x7d732c26a8f2d3badc485ddf1820fbbfe82bd94c,1,0
0x7d856443279f4b637a5ea4cc9dcad30da0c0a1d0,1,0
0x7d8ca3baa528f8a4adf5a299506ef6350914115e,1,0
0x7db5c09b0ca87617dd3d5228d4e445d9b9acbd91,1,0
0x7de77528af381beabe0f7e7c1f2e363ffffa3596,1,0
0x7df97833e1a3423cfdd357b3455396ad870fbe5f,1,0
0x7dfde5f0cd512c2902c78d388065b0a3157e2266,1,0
0x7e21fc073059e80e5f28aa7c039876f18d694e1c,1,0
0x7e3cdf6a5a5f9d090b52380f33662a445e6a0103,1,0
0x7e4744ddbc6b74cc8e05b92a0113dc3bf04eba0c,1,0
0x7e7b74fb06f30ab567e79d25450523072e77b05c,1,0
0x7eab183ab7d07bb4a67634f8df70aae68d136aa9,1,0
0x7ee6458c08bba7fae6469bbbe39d2e1481f3d5c9,1,0
0x7eedd9442174778425712ce930eed2c42db5dc03,1,0
0x7f07627c72b50691d878d9523ea22065a21896e4,1,0
0x7f0afb7d03ad9ca71240ca48a2668c3e23ac4029,1,0
0x7f22c4f4e5cfb663e57999e7a54c1ebdc742c3b2,1,0
0x7f308eb8eb1407276278bdca50e18ae0022ec8c9,1,0
0x7f5ca4bbc7462bcaebcb50d10f7f32013244c5b8,1,0
0x7f67a5efd6c6e7acc3b75974fdce6868ba19ea01,1,0
0x7f7ec62df049c010b62feccaaf328707e6e65e65,1,0
0x7f8acd1cdef4c2e514e3231757573e0126e64a25,1,0
0x7f932f90f788d2ab1ab3e2c275c91a07cf6d0b14,1,0
0x7f9f082fbd6e0c28ca082db3e243d8d37f0f4732,1,0
0x7fbc5393c041574662b0c560671e64a4030937ff,1,0
0x7fc663ea0d509a53282b1b54249a6290388438a2,1,0
0x7fef93b0fb139291a7a19cf82e76f4b2303c745b,1,0
0x80092f94f8d3f9048624ed68f5a0dabeafb9fedc,1,0
0x8040dbdd789bbf02dd48fd046ca7adbd389cbfb9,1,0
0x80427c0465a4adb58dc64c669812f9eaeab18636,1,0
0x805fd5d45a3fb158a8eeeaf2c713d7ff6419b68e,1,0
0x80714022410ed9e4a4174ad54ba2c58ec7350649,1,0
0x809d93c111fd4700c0aa3e439e33b9a3b0bfbee3,1,0
0x80c58d407ba4a6354babaa68d695b506a20420f8,1,0
0x81189ab4ed0e205b4df3d13e678694b20241aa36,1,0
0x812fab8a7d219739b4927eba5b79a698b4172c26,1,0
0x813158cefa7fa9045761de39af98472de6dc9403,1,0
0x813b872b67d6a5db76ff297fc0329b8c7cb0d726,1,0
0x813eade4f056f7fbe53c4032a88a933013ee87d7,1,0
0x814b61edce89aeb2d5725fc64da1f23ac81abcbe,1,0
0x816d50129163b3eaac505e2b1154666fb302acef,1,0
0x817c3807a63c04bec72022df87cdd59745be3e2a,1,0
0x819f3d9fb039cb7b5fda98aa71efb6aa61b81787,1,0
0x81a105d6636efb7e84ac28dc358961b3add3d711,1,0
0x81a90760a8123b991cd1b82eb2280d1b6ef06a56,1,0
0x81c3fcf6be206c8d25f5c15982e2672a5edbee8c,1,0
0x81cf4ed87aff8536fcad1678a9acc176622f0260,1,0
0x81d901e119b64b7a1caa9cef03204067f287e9a1,1,0
0x8203d0318573efe3218f55073b57956b49fcc921,1,0
0x82074bc7a73adced6dd34bdd4640fffdcf92d1da,1,0
0x82588e3686e7cb0a1ced4a5706e82ae12a424eaa,1,0
0x8277fd80f4e071bfeb60896e682e50f8c866b652,1,0
0x8285cbdb196735ca9552829c4651cf8a60883d53,1,0
0x828ccffb7ad2142f62ef9e3da0227965b3115343,1,0
0x829d651891a1e28512e77fe09cb20c017e264841,1,0
0x82c52ff87d02411b846b0ba01978bfcbcd499be7,1,0
0x82fefda5eb48d65862ad79e005196eec78248155,1,0
0x8306a322077d2e6603b1d434cf665af0dbbeb9ff,1,0
0x8315482723aae04506ab4e285a8571c43c7afe2d,1,0
0x8319da8d215d5e8b11179836c662fd10c4ad15c1,1,0
0x832091cff4fa7dd92a38f58a87773e1994a737d2,1,0
0x8343d388f19edf7374732ee782db9d813a5b94eb,1,0
0x83553d249ee5a8ba22a23205f5dd9d75d200d770,1,0
0x8387931d11051bb494d058c64d55bba1ff1d9a84,1,0
0x83aff3bb9b9fc98a6c375e9e28395575df4378cf,1,0
0x83cbdd3ed23f98341cf35fda81d862a6d019ab38,1,0
0x8408d52ee0b86baba46c9330ee530b4d17f76e8a,1,0
0x84093e46a328dde6891b1310f09816484d653ded,1,0
0x8431fbb1fff565094197365538df976a2f0082a0,1,0
0x8438a2bce4ffbec1def28ac06088f4402fd6f9c5,1,0
0x8480dc548c70105ca4529d4814716ed98a670742,1,0
0x8503027c6e50cb98f8bde5cfeeb4327fe60ee5f6,1,0
0x853910681dbcf9375292927a0095e3306f1b7e14,1,0
0x854c2d12305de8b95bbc7602407f338949c44ac7,1,0
0x8552d126f71eaf73fe8ea3081214ebb7651aff0a,1,0
0x85602dd6e6c205f25a64e475dcd0e4769f9fb51a,1,0
0x857509502e30f12605eac595a01272a50402ae65,1,0
0x8595e047cef43b116867c32eec56cd30148516bd,1,0
0x859a8bb3cfd8d19a621f322940b4e0fd0d320dbc,1,0
0x85f666e4b9c140c8b30b4650d0d0f77b98f34b61,1,0
0x866c7cac8ee69c5f9a41cbc50081f058887d48c7,1,0
0x866fdb4bbcaf5f65275c83bc0e040ad68074776e,1,0
0x869ea27a7578a5e257a890f24e4b1856e2aa2e4b,1,0
0x86df7510e76db7d9f48054a0c2e126daa0b413cc,1,0
0x86f16b2e23bf13ad3241167a8df1884e179c8676,1,0
0x87099f0a61b8a5772d320ab1bc46ef813b36d04f,1,0
0x871b1dbc269e6066c3f5f5601bbaecb15369b07a,1,0
0x8721019ad70d069e195ce21756cd933d1afc1fe6,1,0
0x873b786ae53b4db388a0904c26da9b194855c58f,1,0
0x8777d6288b8ea9d886025fa420ccf0eb1537a7e3,1,0
0x8788720b3bdb0f15a2e415e9e402d87ff89f5014,1,0
0x8791e9a7429b2a9cc98726b08a5028c27110af72,1,0
0x87933ae61fc041e41762c1723098b8a849451030,1,0
0x879f50787ab4a36aa3cdf971691bfc8058da203c,1,0
0x87e226feff949a36f66c2a1e6445a6e7d0778269,1,0
0x87f780662f49894d40333cd5c9c85e7134d39176,1,0
0x87f9a1c7d97144e307a090a290010984f158f80c,1,0
0x87fa1b75d3b9e04218741dce0f7e5742b3a2ea02,1,0
0x880db5ebe4abd89fc3ad5ff13539b3c394bf0eb9,1,0
0x8818615eef046b48c4882ff053985d93a0a7c7e8,1,0
0x8820e3eb38a80412a2b5c7a84e17f7d1b8d71043,1,0
0x88304bddace2fd01647a8eb2b546b05017a706bb,1,0
0x8848d277ee30a730e22d9be10605f0d424b3292f,1,0
0x885d6d59b62431eb4f9734f8fe9d6e86cdf5ee1d,1,0
0x8863d06d7df2a743cfe2e643bd8a2c17a38490fd,1,0
0x8866e7e75dd05980042e1288bbb30406d96afa49,1,0
0x887e4c6960b67a75a55c1510189d40bba054046a,1,0
0x887e79d56b7a059d15a770afd323a6879d8f3dfc,1,0
0x889d17b74df4a3857a2509295e8a548484faddb0,1,0
0x88d5ab7e1509a2203bee59b0022a4061b3f510c5,1,0
0x88f71c0706fc8bbed3bcea914d036f5b09895b5b,1,0
0x88f9d6968d41027a21f795cbda15d249c326438b,1,0
0x8903c0f5b035bce932b4fdf7cb6032b2ea2dad3c,1,0
0x8924ac081a3be1f7af481367611d25bcd2acdabc,1,0
0x892ffeb3e569f0247524bd901eb3d935e66463a6,1,0
0x893baf74f7436e22ee5352de5336db7ea5de6440,1,0
0x894977a60ecca016fa41762cc67674ada0d34606,1,0
0x894c2662f5ae4641d2c2443d2b562f297ded95d2,1,0
0x8962db6481ea4b31eedfe661163ca85694a1e760,1,0
0x89a0a99b21fe07539fe484ce7332585049074eae,1,0
0x89cb76face7a434b22f656de30b02796601d3b85,1,0
0x89d60c34c5470707574e20c05e65aa818634c8ad,1,0
0x89e1c54e2fb9990178b1694fa54e98d0b19bf1e0,1,0
0x89fc14b1eceb7c801f5fdca05b254e6245907a32,1,0
0x8a12a7a033518d483d814df7e899a62108aefd24,1,0
0x8a20d538aa75aa20993cf78df8ab5e5b633eca13,1,0
0x8a3bbc238f6126fe7498388fc11271818da0020b,1,0
0x8a73c814f415bffb19c9f33c0a6aa8c694be86ba,1,0
0x8a7e113a1e9167b3dc7634de7530effcf053c500,1,0
0x8a816500d30e0729bf0ecd9d407d0b83a7c51da6,1,0
0x8aa944bb11813fa78c5f2a106e2734a6355eb417,1,0
0x8aab03bc3bf8c073b6f480f0b5fa5b757f0829e1,1,0
0x8aab57f22c1dc89a6fc796efa4acd3abae2e8d09,1,0
0x8ac6b75edd26611b5a2429fb0937d0014e353ee2,1,0
0x8ad17e1cb08f31f6be899c32a4eb81de8c66372a,1,0
0x8ade80e9c115e28ab0f6277a650bc69a9b3b232f,1,0
0x8b11778b819822f362cffee2134cfc88f01fdcb8,1,0
0x8b190a162e643760d91a02fb35dcec858c4e51dc,1,0
0x8b22d16fbbf2fde8a3a818eb3352c22a411fbe62,1,0
0x8b29f9a03af3037f58fb09fd96a05f8d4531606f,1,0
0x8b34c4b9f1ae3b1a73d382ade4b75897e0e559fe,1,0
0x8b401745f3504a50ad39f9d2d3f0a7ffb2b6416e,1,0
0x8b4364970b43149c5301d33bab3f7c8879cc9d69,1,0
0x8b43a65dcd2e7058760572d383d22fceeb7deed7,1,0
0x8b50bf3356c31019e70902b4bf58d319a5835ce8,1,0
0x8b67c01654f3cd40f5a79d4e438fe039446e5dde,1,0
0x8b7200df5e949ccb3c2f993ca47a05580afe2f7c,1,0
0x8b77891c612c515e3314cf91147e57bbdd195032,1,0
0x8ba0f8106b452422012287446a82ed8077fa7a32,1,0
0x8bb3f3cf91e71ce1554c32cf4aaa40ae644fe7c5,1,0
0x8bc66f275e8694d625041c380f6bec06f1cfd8e5,1,0
0x8bf1c6db10188581a3e644792b5d1fa570c84380,1,0
0x8c0587708fa8f434d39cf1258a202a263fb8db08,1,0
0x8c2888ac6f109dce28c6297f7d69c1e21e2abf30,1,0
0x8c2b176d2f01807e2175185efd855a34d57bcd64,1,0
0x8c55d0defc3ee240facc51fedb0d42cd8ec2a01a,1,0
0x8c9594399e1c8de697dd56fd10a280df6be475b4,1,0
0x8caf076efc7e04cfd46d2f86de5ab08d81297a2e,1,0
0x8cb8fa23dba5cded55214e2a4c61177c9158718e,1,0
0x8ccd21e0de16f1b89d684563bafd7232d5a62ec5,1,0
0x8cfd35326db87edea5fc510c9b687c31cb49db8f,1,0
0x8d1a1283bf37559f8cfe31504cd7cb9a75dc43e1,1,0
0x8d4e5c69a46cab17bf786323c12c34227fe49621,1,0
0x8dadec7eb13395ddf643a536f86483bdef9fad36,1,0
0x8dccc2a8d68aaa0186e3d6494623012f9372264d,1,0
0x8dcf486a42934800c93e7573a3df88925067a471,1,0
0x8df09619e1806bfc2fc9b0ee09953dd6dd38a469,1,0
0x8df0ca9be9ad5f97df8e1af8866af19f04dbd4a8,1,0
0x8e0d855501213157a236b4773dc2b84dec918819,1,0
0x8e462dc1023e1f88acbf934dc2a6414df82305d9,1,0
0x8e749a94c2ace7688ba30725a05d32faf6401c5c,1,0
0x8e76b1ebe09367df387c76102175b92a6bedfc21,1,0
0x8f37fdd3037b29195975d9e2f7bbb36ca51887dc,1,0
0x8f53397eb4d34fbf83d7948a7462d60b90e46ab4,1,0
0x8f573620cf975ce0f85589af46ed31696d16a9cd,1,0
0x8f5f468c63c30a507c24b9c7b194482c9f735959,1,0
0x8f6f3a2c3c2e5654af8e243c5f6fa4ffc98b95af,1,0
0x8f8ec22a2e02dba8d765d2ef537345f0dc5a9a5a,1,0
0x8f9567c890843661e24e09ac2516305059bdc94b,1,0
0x8f9c6c4fe6d3d967b2dd0e9361edd219b2b5906b,1,0
0x8faf749315e014c15b336ab4557d39ad75c6087a,1,0
0x8fce105de77dfc36d408ab221db9250322ecf7cc,1,0
0x8ff441a4cd4f9aff0588a2456e977a7865f7587d,1,0
0x8fff99c35de1bf141794948e28c232295b31cb43,1,0
0x9003c2d9e0911b557560ea44f4224078fef4435d,1,0
0x902656aebedbcefe427e70b8f22f62cf23797473,1,0
0x9028a9dbdbe767f9a1e45632f92196be523f697c,1,0
0x902c490b7328469478390e16f8ffc81d70378946,1,0
0x9030be45f674b055290dce19b4b1481783bdaa01,1,0
0x9065145fc9a21395097dec2958a6869b2173cf2d,1,0
0x90720289724cc40f21a6dc8e0cf1c77a3c6bf0f6,1,0
0x90738ea83e75d6961296870ca9ce138fb16e0b05,1,0
0x909d80adfd0da1be9600775d091659873da0728a,1,0
0x909e99c6397fdb9f7dc72c72554b61bb38ab5bd9,1,0
0x90a4ac25237041cf40b17a99af51a100f1042b22,1,0
0x90b873cafd456fd72acc9f21042da81e376b6641,1,0
0x910fdca89d6443f4a7cee934bfda3a462df61a54,1,0
0x91128e4d81e18e51f4d74b568f322360ffce263d,1,0
0x9127d636d9a0c7b5fba072f84d6931de1e894222,1,0
0x916b421552bb640791164277e8bb0adb109da634,1,0
0x918c43354d39fca52f36a5ddf645cadd652818fe,1,0
0x91970da708cacd1f18a48c3d5054be0b205e9a0b,1,0
0x91bf98e201f17de3ebcac9437e29859be9dd67f6,1,0
0x91c1950ea5e640c5a2acd26f9493c70232cff4c5,1,0
0x91c2204cd211627e6c5376a5a1e7ff1bf3700dcf,1,0
0x920300b3f08b71aa4f397f4decd1af42f130a7ea,1,0
0x92085ac278c89c55e495893330ccda4ef17dcceb,1,0
0x92102e202b05cbdd6f66966fca7a8acfe6a44245,1,0
0x923e4e18513e6e3a5823de296eadd640068c95e1,1,0
0x923f5d8c411f565ce5b943053d3ed514affff4f5,1,0
0x9259c3d3d7411f788183575837509af44ea7192b,1,0
0x9269453b66c250db3c61f977dce5b667d3583bb7,1,0
0x929f2d550e43446fdc2915efde4a03dcf37c5784,1,0
0x92a5e84d03ab27b9c5eb3aa909f157d61f96ab0b,1,0
0x92b04dc4a4e519a61387d3a0a98f9b8fedbad6bb,1,0
0x92b65bc5bd559cf0ec6f417713694b277ed03393,1,0
0x92cc43e3b45e37b228889b41b9fe181e449d0830,1,0
0x92dc8d5ba24888fa3ccbbd187b23d5fa3effbff2,1,0
0x92eb61140916f3ce4d7786cac06e0426198ec52b,1,0
0x92efda222c9b2f4dcc6f2cde4e875316cb829349,1,0
0x932621371b4bc5e9928b70d2b520ec8456fe122c,1,0
0x935507d2406da3a5ee577873bc43925c80920e79,1,0
0x936502752bd94756653ba2ea250e9d764dbc6658,1,0
0x936f771295ed95062e342946962cdfb472c6c4ba,1,0
0x937b90523001b74db6768a2458e4fd34f0543c14,1,0
0x93867517ece969d36f7b459699757f65a2ba9bd6,1,0
0x939746b408ab01e2410fab8709604a3406bc0265,1,0
0x93d8a7c0b0e9a8c97cea8f3dc13d6b6b9e71c2d6,1,0
0x93eccbca8f6d836e3dcc5ef1b6ddaa7c06227f76,1,0
0x93ff7bd6383139da76f49d0a23d8897af0ba351d,1,0
0x940cebc0b3822e27d164b4c0e85d5c3c3cc5e363,1,0
0x9423b52fdef44f130589ba8d01917b1bc387a680,1,0
0x94262f915dc77decce24eaf9572355554c8b1d7e,1,0
0x9446e1e55136747f01bd2eb4d026e2c2e4467914,1,0
0x9452a94e92d3bf33f5f441c1b6dc4be58d1967f5,1,0
0x95125618b43a40e83dd93a0751aab6c1a92df07b,1,0
0x953d480831a64eeed85773562aa11e61e1625baa,1,0
0x953e59ce943cf591c577268985b60b84d4536d04,1,0
0x9548d9696f9815d29aaf2f6de052730b1b36ae08,1,0
0x954b73548737af212ec87cc07aa79a41668696af,1,0
0x957fcefe748ae64447187f8122544651033f0932,1,0
0x95819a4f22c8dcbcc7ddefa683bcab0594604af3,1,0
0x959815032fa5fbe3f5cd7d91076cb1a0f48795a4,1,0
0x95a25924a8082c6a69ad4e09eda8cbfcadcd4538,1,0
0x95beb60352679810add3c15998e4e5d255cdf65b,1,0
0x95c57af2f95193ccf55eac715106536dff5fd57d,1,0
0x95da81ddeb4aebdcf859bc1b091d88c0bee481c8,1,0
0x95fc186c2747076189486bd5d663eb7011922817,1,0
0x960ab7f5b3ed853da14ddf262e62bcdfd688c7c3,1,0
0x960b8978b1c720c59c1b6f73b294d627666df50f,1,0
0x961094f475764bbe3b95383b8cf75e79838c5413,1,0
0x9613646e2c1bcfb17612ff8eba0d636b85c2ee85,1,0
0x96537a0f15bbbd022a74bacfe5961da0eea03d29,1,0
0x96672f23e7a8038260b3b05bbbdfd0bbe43990e3,1,0
0x96d3acf42e9048f0a2892280748940f66828b5dd,1,0
0x96efdd2064caf593558a950bf09e9718d82c6bf0,1,0
0x9753e5b139b929d141b8958515812ea1bc13aa40,1,0
0x976dfbe989d9dfd1f6c767d9b345d66641994d66,1,0
0x9776e7d32b2d78ec7cf31c7f4c858eb706af5218,1,0
0x9795d3d19aab0fa2abc438075c32552455a2bfbe,1,0
0x97b5151867a85e75804317a33e2cff12ec9441f5,1,0
0x97dcf751fd310a9d5baee1cee018a56f168b74f0,1,0
0x97e25b919e68ad807264d80c0090c3e365a0ac55,1,0
0x9802cc113af1043f49b8363864c202176b17b890,1,0
0x981009008165352ac5d087c2e0f1ea2de384b89a,1,0
0x98273d3ec87af6d615f55c3e30be79245051b75f,1,0
0x982bff6d01143d53afed0368c39f4d0a06c8ea65,1,0
0x98404f3517a023d37c79dc05042a25629c398ec6,1,0
0x9840de0ee71882e8dd947ef1a11d7610f22c2c98,1,0
0x984f5284447cd9d83ac3145c06b52dac9517eabd,1,0
0x9877b43ff5ae0c97a043a951e1f82df9e777437a,1,0
0x98e5007d974b4eb665cd4b06a2a1885cc34f929a,1,0
0x98eb8f4445a6dbcda5e100d6f2ed2a9abad0f8a4,1,0
0x99077c462f696a08cf85f905337c68645c9ef3c9,1,0
0x993f664375b28832d880855158142e897bc188b1,1,0
0x997ae7312c8d14ff8fef02cadfdb3a44556f3ffb,1,0
0x998cb478593e76b941fff3fc9871193160f2596a,1,0
0x999dd60ae72a4938dc11ff45a6527f4add475eb3,1,0
0x99a08a5f43a3bce2a0e2ffbd0b6285aa002b029c,1,0
0x99c54da3ceebb9f92383287fe663eaed22883163,1,0
0x99e11aad71f1028f234c73d55fac4d3734e12701,1,0
0x99f4da68b1d7b2ba091269ab9c3d4628008e46ff,1,0
0x9a15161c5d600aee048a264a4d0689b39ed96081,1,0
0x9a2cd5d74d5a8fcab860f3e6bde06f68db443d3a,1,0
0x9a2f2a58f24077aa118118ab2974fa39d383d84d,1,0
0x9a52da27bd0d45703bb603a9116e736f86b705f3,1,0
0x9a5fcb2babe59a29dd3bbcc49556b79e52480773,1,0
0x9a722845f840bf6ceccffe11d3bb0a7d9410dcee,1,0
0x9ab4f0bc65aafdd5ad1a2861ef75f230c612336e,1,0
0x9ab5ed23cc5b6165ce2992d5f5d06b2d31fe9588,1,0
0x9ab803654b3cd9fe47726ddaab9016f7c7278615,1,0
0x9ae0a965ccb62a2f7ed97489b574c91f77a30ea7,1,0
0x9afccab23bc3391870414db3d12c02a7f7165fea,1,0
0x9b0016155a3d04017e1e01ce1c1d2eb89519bd3e,1,0
0x9b33d4ce59df99fddb938950f0aa9b3a4b811947,1,0
0x9b575cc09325a9f3c291a88da39706fcf5797f53,1,0
0x9b5fd91b140244eaa21e86b55a8bc3919848fb7c,1,0
0x9b6471a1ed9b54779af9811d836aec7251dd3f9c,1,0
0x9b7827024df20070f729d0acda879c9e25ad6e0b,1,0
0x9b795819b255034b00fd07cb421e5ea0a8a8d2fd,1,0
0x9b817275c8dd2f0b825e91dfeec353c0ab22d768,1,0
0x9b91b173415e00302d5055e58c04e1c8b78a4857,1,0
0x9b99e93270e877c3e5e50bcbe066fd0e3bd28c24,1,0
0x9bc0b6e7416f6230c2a245a6631b4ffba52df5bc,1,0
0x9bc51282abc5e2a40c51598995aba76b5f0202ac,1,0
0x9bc53547c84a84fd6f2625492bd23128d1bfb3bb,1,0
0x9bc5dd554b780611899f8d743abd1d38332e24cf,1,0
0x9bdde954e5a847e2ee7792975d5d9e7c0a8b5a04,1,0
0x9bf54d982322f29061532640c4e59940dea6ea09,1,0
0x9c0546f8888c2e79d4980a4db8b18760f9c3d322,1,0
0x9c0d9587da00a29c8a1d567b9a9e1dc50db99d64,1,0
0x9c1139df3e0e63d26084ac129c390759324aa756,1,0
0x9c2fcc89234c8720c8cd94b0be8e2bfff8476d90,1,0
0x9c5334d378db5720f416cce3a9f1a355981af2fa,1,0
0x9cb46b42c07cb2db2fe3c1b2b39798653bc29353,1,0
0x9cbdfeacff7aa6e65471e0f24bd534f5c11beec5,1,0
0x9ccab828f741d048a317455f8be9b5c507524a07,1,0
0x9cf81b1fcea6f1f3ccdf7f5b3da41211c166bde0,1,0
0x9d470690ea014a318419df8316ba55a26617b411,1,0
0x9d8054f36aeb1c8058f772d1ec7ab4697bacbe55,1,0
0x9daaa0ff2be321b03b78165f5ad21a44e3c14bd6,1,0
0x9db672dbdf5c95b3f3a0106e02c2d1b81111d589,1,0
0x9dc552a659d48c4479e2231e56a9f93161483ee8,1,0
0x9dcb3014de2b56bbf222771d3de5ec0808161060,1,0
0x9ded019845df756bc1aa69040da24700802d8531,1,0
0x9df22b0c912a1aa0e7388bd74c698d17d471c100,1,0
0x9e0d49c3031d9180e9403f81a1ad01b799312bc2,1,0
0x9e0e1d072edd86f78f4f963b2b5a929de9b4438f,1,0
0x9e36d933dff912330f5e0dfbd6f979f966a2d34c,1,0
0x9e54682d26d84bf6374b75238e3c6386ede6c872,1,0
0x9e953185aefea2538853d7897b1c89db498ed110,1,0
0x9ebf94d9eb253bad0a5686ecf2569b12fc7cebfc,1,0
0x9f0aada6dbec9c335cdcb8369f027ed04ec419fc,1,0
0x9f0d77f171bfdb743450b5a00127b78cbf0a46e0,1,0
0x9f298d2f27d98dda3399230bef6c366b032004e3,1,0
0x9f53057f22af5db65e6e9ed76c53ce25e35f8a14,1,0
0x9f546dcfd06b59c433f9fb359ca0c9ba4edde817,1,0
0x9f773370816e4332c56951f312a8db9b47cebeea,1,0
0x9fdac332ffe26ce57901317f8aa4e34a845daf06,1,0
0x9feaf1aa15811449083f17a7a1254099d2001c04,1,0
0xa01c29ae3026dc114b2458a2d0738be48692f78a,1,0
0xa0251e6cd1223caeed7c1ee8309b66ccc5b755b6,1,0
0xa027836804073348d7545d55c904a74c3f952063,1,0
0xa02af07b126a9a0593f518796b65cfbc5c53918d,1,0
0xa02d4e74ec549debbf0dcdd84260210aa3ce2729,1,0
0xa03d34223f8ea1172dae78f98fcbdff2b2a722d4,1,0
0xa06c44151e84a85456a1370cc73a23848d1802ff,1,0
0xa07f17e1093d1f4d5bc84650d809f078b1c9aa1d,1,0
0xa09a52f483526eff0794d12d18e01de84a4928b4,1,0
0xa0cb2c8c08f916154e8bb0b354f6e060e22f5c52,1,0
0xa0d912f1aaf7bf347f6cc7f05a9fb91e2bc0a05c,1,0
0xa0fa3dd7cf939117b3acd5e41110bf6a00ff5fac,1,0
0xa13e02591a22dbb8b9ea41c457163e80d3c1836f,1,0
0xa16d8715ce4c32a8161b60562b3c3dc2d12414f6,1,0
0xa17e536102fb1e921f068a89d8115ad6cbbcca29,1,0
0xa18e2729f294be75e949dd1d0f40d1048933a502,1,0
0xa1a3cd613f97af62f795771e57e6bd29c02bce47,1,0
0xa1a45d17213636126515e302a5a22572bd1eed65,1,0
0xa2112e3bf0b37e08462a4c2289ebe6d2ac85a2d7,1,0
0xa2188554aea3eff9377ff6ab5c7e848bb35ee648,1,0
0xa258eb533243756584eb881c6307fecea928ca10,1,0
0xa28ab2323315184269d320122ae849c594e3c9c3,1,0
0xa29f8bc9f93f7fec011b8993ded441d3d3ce8c0e,1,0
0xa2ba49eff6c6f39361519f65efde5dfbc4263dff,1,0
0xa2cba8490c25489dde8f0677190c0ccb62c67269,1,0
0xa327766ea3513d9c9d60de185cf2c0fb3bccad25,1,0
0xa336e80b01738e98e53ed26621e8a66d8b0b6b8c,1,0
0xa38c64313197c521d758a386ebd393e4c7521cc8,1,0
0xa3a4f33e33a820867fcb96f88f1329b488e30067,1,0
0xa3afe0d0efcd85e5fe1d132c792028d3d9782d14,1,0
0xa3ea4c29231a73e4241b4211586b1859231f8623,1,0
0xa3ee2d7c2eed65915bd04c15c8142f5db6ac0ebe,1,0
0xa42ee7e85eb7357002fbceef41486d281236c78c,1,0
0xa432291b8b93930b5f842f523316e0d0a3e98f75,1,0
0xa48101b5006c2cd6c1f9ac8b9c16e7a811ddc8cb,1,0
0xa49ca4c824fa814a0a413aa08b29805d28aafb89,1,0
0xa4a60979cbdcbd69d68abd1e7cc1a2040374791b,1,0
0xa4b24d30313c1de69312a593cc5f777a74056248,1,0
0xa4b2546f02bc41046ff0177edf5d9e7d3fbb848c,1,0
0xa4c70fb716c0694edfa5907fad61b93603c806aa,1,0
0xa4ea61bf0b52be7667faf98cf3a5e35998b1b39b,1,0
0xa4fe9eb8f3076e8cec7e48de13781161afdb80c5,1,0
0xa50a969c5d69f6b65e4b7b88c94f744a9a5de9b7,1,0
0xa52b2d186557c97bc2550aeedf873152345cd78b,1,0
0xa52f462d2d7854237a35b1962ce52a2cbb4c198e,1,0
0xa5366b10e57ccc9ae821e140353c8df7c4a39bb7,1,0
0xa552a3117fffdcbee1a0495c09f61c1b2b51e819,1,0
0xa5627a0f8947b060a5ddf84eb3c0822853ee9641,1,0
0xa576b1b5e5d3faaa56deb48300baacfa02987069,1,0
0xa583c1da0b6d91ca5cd6aa073f9dfcfe6652a1ed,1,0
0xa58f85ecd602e714d166bd42f221f12df276c972,1,0
0xa5bfd15e6f14a715c289fc24bd0b35ddb75f1a6a,1,0
0xa5c65f8f2388125f944ab9cffc8b589be6248ac8,1,0
0xa5dbfcbb7934203a652ae8c8e6e3a8675e6460a5,1,0
0xa60129bdfe820b4f4a6cdc6a5048d073a390b707,1,0
0xa60dc80f89e96d1533c219ab319b547c781bbc91,1,0
0xa6100fe629de1afd3d7389ce941f0eedcfa6fc30,1,0
0xa620d2eb0e7cbeac0a1d2aeb83b7a8df0385ff38,1,0
0xa6241680a66aa0b3adb81b1f48d87128263d281a,1,0
0xa69b38607804d0f39eb10c5c2821c7c54ce99f99,1,0
0xa6b435b7dfa9e28b0a04da801c124695bddfd2cb,1,0
0xa6bb4e23c5e78c2c57300332deffc115d1d9969f,1,0
0xa6cdfd14dc09727cd255329cb99e20d35929d034,1,0
0xa78a8354e9c6fe8f13660366edf16858ae53441e,1,0
0xa7e8f019d1a93689cc07f14d683fcdd98a93ff3c,1,0
0xa8180e17db4487fc72717c44916362842cc1adad,1,0
0xa827b42406defbcf577c774903670187182295f6,1,0
0xa82ab965339efdc9dff2113d48412192661fbbe7,1,0
0xa83f1f96b63d37fc078e1bc17301b027646c22d2,1,0
0xa84111f4dc4a8c72b5328020dda080bf57287214,1,0
0xa8a71c086507fc1a4f08b220465054f3baece60b,1,0
0xa8afb9dc6227ac64c2c34134c73b63ef999ef17a,1,0
0xa8b330382fef63cd46fc958cf6cb52173e4f992e,1,0
0xa8b366d1d43c22685586f1e5d3fef81ec41bbe5a,1,0
0xa8c3aea2961159283a907227878f6aa289acc73f,1,0
0xa8c9e2084264e7adcad09147a1f24f71467fdc87,1,0
0xa8d82fdc7eac890d750de91b5911a80ef2c17a7d,1,0
0xa93b761aa1229d14fcafd11887755415b8f00bb3,1,0
0xa95aeb138ec559125c11ba78ff3641b9983057d8,1,0
0xa9656ba6f02a5c518ccef21e5b2e63752613de07,1,0
0xa9f26211fa03da13f9cfd6485b57baafca9e9b64,1,0
0xaa022e18f5d03ec43c0cca25b0a71d6ad10607a1,1,0
0xaa181d4774fd898cb4e52b08a37c3d199386d08a,1,0
0xaa1ef97b7359904f7c3e209ab7331da1ccfbc131,1,0
0xaa3b34d4146acfc4ad9459d8a8a512b59e0b7a66,1,0
0xaa52dc8d7b7e430ecc2268543c86afd23baf91a2,1,0
0xaa83b8d8b7a3893f00d883c9b660415bfedd7f62,1,0
0xaa8a386dcde66876f23cfb18d2b5df155e031022,1,0
0xaadbe84f7bec0ad7bb8efe2adb5decafa6bebc70,1,0
0xab104862224e98e48e65e5fadce3e7836d2bd645,1,0
0xab2325eda5c601cdd2ace5cd9134a580f7c1eda2,1,0
0xab2c3f50d784497f0bb8003cfaf747f4b3cce7f9,1,0
0xab60c08ae25cc5189917cf486edcdbd9f767f630,1,0
0xab67f96585396693de226fcc0cf68e481198cb36,1,0
0xab71356dee18dab455d698c750585fd53efc45bb,1,0
0xab87da973e15c17d1f9da2ee58044cf40763324b,1,0
0xabbf303e7c8fc215efa37ebb94be29fc0040b211,1,0
0xabc81d19eaa753eaffd223c651c975c3b5d89b23,1,0
0xabcd82f8ae7f3c66bfd7a99c043f0edeaf1b7122,1,0
0xabd0fdca45e42007dd6121c68ac8be675dcd0300,1,0
0xabd2b9cde3b975d782a6d74f8d448670ea8362e6,1,0
0xabea3fcbefa35cfe5553ca236320db3191a8392b,1,0
0xabfd4523e84df897ea840f7bb1b91d04431883df,1,0
0xac0b85c9974de144e8fa3d42b2e52f3bbd1029f0,1,0
0xac19cc8202ed73423ab3664f8504a36108349b06,1,0
0xac3caddac76b35e8adbfb7a4e0ba17cf034d6b37,1,0
0xac5e64f152b1fa2263c12db69c8019404edea72a,1,0
0xac7102cdfd7aa2afd329fd07e3c2a8375aee1e7c,1,0
0xac7e3eba90527a610981e204740bddb81d63ac22,1,0
0xac87f947edbe514ad6b8ea4ecaed7e9d57570382,1,0
0xac965d5cdc69efc5f75c170025bdff4be3e63521,1,0
0xac9784d836ccc5269941851e0d838900297f87b5,1,0
0xac9c7b6cd8b7d9da658132cdc14e424329a06984,1,0
0xacc8b08359f6bf6a5a4a2eda056ade309cc0c716,1,0
0xacff7cea198ed1fd904c7935a470daa1a5d8adb4,1,0
0xad28156b17e658a4d7b1cbef01bee22abc0ebdb1,1,0
0xad28c3a6ab6d37f68c489a25350b13d963e5ece1,1,0
0xad34f6d983b43fea0943ca22911730db0e8b9044,1,0
0xad4167bff7b8f27572d714100253f3226246c7ef,1,0
0xad4195fc19a8e8a5d3357901d1e942bf9f0aae8a,1,0
0xad46b55c27097e308b4a579f6a536e03d834d478,1,0
0xad5a46a99b2bb127fda67ad1fc1e67461891d6a1,1,0
0xad6d1f25359191b3b07dbbb966774bd1a5b9beb0,1,0
0xad94f24f0289dbec0873c133ce9504b1a62bf5b6,1,0
0xadb04347d5e794e4f915b66e3c54cd3ff249e745,1,0
0xadcf78d698a3cf08e86d424a9f02c03213dd3754,1,0
0xadea5aab0fdadeec8770e788b9b23aea46566806,1,0
0xadf541b5b443a7bb7b1c8f043b66a69f09164e86,1,0
0xadfd8c706246b0aeac99e6aa5f469df45ed09c4c,1,0
0xae46518f2a33b12f02d514cfede9c92c8d46d3c1,1,0
0xae60a1e6beae826baa541568aa6872bd1fc0e138,1,0
0xaf18a59c4b488b623dc4d7614df6a5c99735e8ef,1,0
0xaf32b2ea36db730e4127eab4107bd8ba2881b53f,1,0
0xaf3a80ae99a74dfc03276b7552d8f5469ac6cff7,1,0
0xaf6c4b4e89955722a8ab507c60c62bb85591477a,1,0
0xaf72963a7b3bb4f2d166cf4d06635385ec1c3113,1,0
0xaf7e9405cb9a82c3e0a906e8df633c504a0a6ecd,1,0
0xaf7fc6459ecc14286a73fbe9fc97c8ce2330103d,1,0
0xaf8556ab13d604ae17dff7d9f9822f8e6f2c5fb4,1,0
0xaf9e6bee7a5aa50932807d7950d2ed97c17bc8ab,1,0
0xafd8bc01be431609d165642850124c760334c231,1,0
0xb022b80c795d1258694cb06623785f72abfdc6fa,1,0
0xb038781114e209ca50bca9d3d68050db4fada119,1,0
0xb063c4e66fda1d06bb04b7b8812b834e27d0a1f3,1,0
0xb0689aee323be2a3251de4575cf5f314cf576833,1,0
0xb07b64224be11ee446c37169d78b1c25b8831468,1,0
0xb086a5d7923305d435e8f2f9d20d5d2f673897d8,1,0
0xb090263bb6503e68f2bfb03f033cbe6ab87f2976,1,0
0xb0a9e474459fdc92af8b71b16861ad85730dbae6,1,0
0xb10fabed0989b101159251d9eb8fe52484265a6b,1,0
0xb15fa03163c3ecd041edc12d02452e99dbae7972,1,0
0xb1758b5c9fb06e6ba7b59bfd1be191a906c47456,1,0
0xb1880488843c4489115c8762eb1869fc721105aa,1,0
0xb18f7930cecea031157834550822aceacecf81f9,1,0
0xb1a7a84572cd0d3f5751ac08ee46d9c6e2d32459,1,0
0xb1c668d2e5c5782577c5f7fbeeb879b62a63a861,1,0
0xb1e406952737694c31bc96da7f76ec50b87dbb03,1,0
0xb1ee73f190dc05bd8eba9cd0e84751eac2675d41,1,0
0xb1f9acd24451c32bbb1c6b2b3743973b989375c2,1,0
0xb1feb9a7c2d170d506f1d0642a43c5d379a7e08b,1,0
0xb232cad7c98b8964d652f867c43ce5c80cdffcea,1,0
0xb2548533f9c0b29682003151015166a5c0e99b4c,1,0
0xb299355697da3776e2ebcfa404dec4e6c5fe3af9,1,0
0xb2af5517ec1f15593ca69c4d9287f5d352880534,1,0
0xb2b768a5caacd64c8f862892328ba8f3f085c097,1,0
0xb30901c280939648bdef4d661c12cd0aefc85ee5,1,0
0xb312665792d45a3884e605e8b7626ad5b09d66a1,1,0
0xb332ed5617e89d1a41810cb1e78b180b8fb19663,1,0
0xb34670b66a594f95a11e49a149d1120785b0b5ad,1,0
0xb36fbe668b3bc95790e4a53007f7432121879b1f,1,0
0xb3a73691f8317b43e28aa8b839fe4fe4d5d30921,1,0
0xb3ad04261525294242ea1629a75c20a1a299dcff,1,0
0xb3b076f5bc00e9cf7c2391bee104417176077708,1,0
0xb3bc9221b5508b27ca5bfe1029829c10f3e797b4,1,0
0xb3c4cc062d863f7413abcdc26f078815c7a2a379,1,0
0xb3c88d6d3bd5eb232d2e1cbea189cbe00824f1c7,1,0
0xb3da1f971b4c085ee00c09bba819aca5446d7fb1,1,0
0xb3e9832bb92351d535959ee928b9623afab5a7eb,1,0
0xb41e0d5d2e0bfa55968f86827144b446b05c9299,1,0
0xb43ad4c16562c3f065774f5ac132ca83ccdf36a6,1,0
0xb4587ffb17b71640113fdc1d26a1e42e0f65cd83,1,0
0xb46f7145c30e6b0a5de1e7753a1208c850b68572,1,0
0xb47a99bef6a5eb596dfe581a0e59eed031b05a1b,1,0
0xb49b49300b40016b5c978603ee329d00d479ddc1,1,0
0xb49b57901586735287af0f5e680e9e0daf8ad444,1,0
0xb4ed1a39491c83219764152e4dc68944d5547947,1,0
0xb4ef5ac8480d905254e35b7648beb5f6fb32e5e1,1,0
0xb505fe39c0eccbbc7b40f1cff4264b69a222b053,1,0
0xb5319a3104521fdd6d474149840126b00bc8f511,1,0
0xb53faaef804a9e1f095789fffaa2eaeef4547726,1,0
0xb5700f0a83db7965aa2689fb82d25307a5ad1328,1,0
0xb57115cdccb3a2b5c19f69d4dca7858280c343e1,1,0
0xb575fc059042d3db1ffa90b3fafdfff70bb67219,1,0
0xb5d5103a993951e473b0da91ecdd268a3b92ea4b,1,0
0xb60b07bf48e2da46c67b74fc58c231336ed78d36,1,0
0xb63b92fbffbad29e83bf5c21882abafc25f6bfa6,1,0
0xb66ed94bfde5081576d365046453b0d325ab26b8,1,0
0xb670686ef62730ef8124455e45f4f9099ce76a03,1,0
0xb6b79e657fed1853e05506a1d690844acd12e1d9,1,0
0xb701c26ccd0101872ec11eab00108c5a1f1231a2,1,0
0xb742b7d995ee5f0fc17c123a60f744a19d3221c0,1,0
0xb7696dca94a198b4e3a10fb37c37101f02d42613,1,0
0xb76f98e358a3106334e08c84db5990a9e49ad89d,1,0
0xb770834fe16b6ac75a8fc7b53ff7db3a53f64797,1,0
0xb7792e5b1eee3e4d7a052d8e805abd86f1aec6fa,1,0
0xb7c70ce32f5855bb4b7e504e07ddfffd1e46db13,1,0
0xb81bfb055e321de4c50e0fa6b59bb6665f5a3dbc,1,0
0xb825f0486b4b88788beeded1e1e27b5e72dbb43d,1,0
0xb83bd1847e811750fcd4090a589c2e33ee76924b,1,0
0xb8444c3c25501aef362a0dd5d57ec5b90dbed1c0,1,0
0xb846c82bce1bce84b9b3a986f53f278be95ed97c,1,0
0xb84ab89e5fcc5690f3901bc93edd9d810c51509e,1,0
0xb8968202d325f5dc87e961e148d1f6bfe7641ed5,1,0
0xb89e68008d67712483e0e6ca3d19161274f731bb,1,0
0xb8ac8eae0d8f30c88570d2c3aa56ace52fd4812d,1,0
0xb8c12528b404f0e409d493aebeeb43559ce97957,1,0
0xb8f986e2000ecce2ef56ea7401ca7a014ec19c56,1,0
0xb9212959bf6cd259676325f51e2e0a2bc4441ff9,1,0
0xb92b9e394150781c282b6137695290a4c596dbb2,1,0
0xb94ec1f079d1ac8ca8e1ce5b759d103037223507,1,0
0xb94ef9ea43bb000208e54775fe12d955cedc40ea,1,0
0xb9b79bb71d0a4aaa9227b62fd861018854272eb7,1,0
0xb9df7f58b0bcdd3ef3ae06ab14d293999bab74d3,1,0
0xb9f64cd63b3809cafc8f028bd2e39daab870ff1c,1,0
0xb9f6a74a7aab96cfd1b8a47579692028394b9ad9,1,0
0xba2d15ccd762d16aaf532bbf33281cc5ff9c5e0a,1,0
0xba4c63818e7a598580b9bde85a06dedcdd7c4196,1,0
0xba6360b292e68c09a4922085033897faa4a0c8b7,1,0
0xba82c2f4d2f246b92d7b03f8896529598eef1d5e,1,0
0xba8a3d871023ef49d620bcfeb84f6a3ad7f4db5a,1,0
0xba8abaa947d3b96dfccbaa458a3d263f4e77bc0a,1,0
0xbab2552abdd9806992d0ac8a9aebfaf2f4a7cc03,1,0
0xbae25e2fc11fda463193877ffec2c5d2f23f9ba9,1,0
0xbaec44d3fe3899510f25c3ba32eaaa13c4e88e96,1,0
0xbb229c57e725b2ced3ad214e89c12f10d471b1cf,1,0
0xbb46369aadcb803a05e9e66affd868c3286218ad,1,0
0xbb6e86420cb8ad932a5e63563e10d0f3ce768b40,1,0
0xbb7da1f74097bdfb0f2a5e8659dad88465d1457d,1,0
0xbb80882f5b9d9a34cc0bcda79543e944d37662fc,1,0
0xbb8f5c1ea0e0ee2ee474aed59653529d78e21139,1,0
0xbb9f6e5183f94e694501032c8e21d6615c477c7e,1,0
0xbbaaa32954548bf26705a88dc29b8488921057d7,1,0
0xbbda2a3013cea5fab1ceb57dcbe7948d107fab8e,1,0
0xbbe11a7d70ac90b8749175e40b777c559dfab32f,1,0
0xbc0df5771b8343de1b063bc3ce83f11cd61fef9a,1,0
0xbc33eeeba1751a219afc04f533ff4f2a033afa5f,1,0
0xbc3a12774a3f3b82dc1929120ec697c154da0763,1,0
0xbc6ae37363b230930fc262a7d2983a09a36a410d,1,0
0xbca33f413b20bcfdbf76dec13d5720822577d9dc,1,0
0xbca42df055721fe41756bbb12d5e932343c3cd2f,1,0
0xbcd02523932e9a51e822019de36ea8508b4d8163,1,0
0xbcf178ec4aa9e055482a68f0d07b51385008da89,1,0
0xbcfcd5eab8ef66ecd58f33c893e926da868a4fb7,1,0
0xbd0a85172562655a21394898816b2a9dd3c61154,1,0
0xbd0bf2de5e3d0492458fc586eef5b5beddcb5bad,1,0
0xbd18221cef0a61559a9bb3f3408e92b563a74155,1,0
0xbd388b7ae61a7653c4d65d61cde5e6a7b5b57f80,1,0
0xbd3f4c3af9594cd724405ebbe034c0b4c38d0236,1,0
0xbd66de4ef4dd20042c413a48181d8f9a9ad8fada,1,0
0xbdc18cf4306da842ac4ce8642e044cd28a14104e,1,0
0xbdd9504b1d6a385751b64c21f9d9ca691b3ccc77,1,0
0xbe00263b04dfddb37df887063dc9eeb44878eb10,1,0
0xbe1a553b12e6b3a0565da0f6d62c809379cc919a,1,0
0xbe2f4e380fca8b55432d12c7c574a7ec1e42a879,1,0
0xbe574b5031a83063605ede28d3cae04441aee4e8,1,0
0xbe726c0d0cf060a20c7347f3ab7ed13ec996aba0,1,0
0xbe877a60a0a166642265c6e88f4badc9507c09dc,1,0
0xbe96fb12585bd1cd2822ae451a69ea5e8970806f,1,0
0xbed7dacd85aae4ab7345ed1da5ed823beb5819b3,1,0
0xbf1488e891bb553894071026ab21eb6d4a8948ed,1,0
0xbf185c104196bebb0f154b45dc4a2b2d4e7f8753,1,0
0xbf2f15cc735b1870bc872618c1e3054309d6a305,1,0
0xbf5ab8592addd237d35dddd3660ced9235219774,1,0
0xbf62e94ed93d9870d09a3dc9709e6e24a7e357ad,1,0
0xbf685e518cbdc0d402c1b2616da9c3c72a049069,1,0
0xbf86fdfb524ce77b2a225d884d0116862e5ae4f4,1,0
0xbf8ac7d4fd6db267b1cba3c5fd5efdb9b1e6183b,1,0
0xbf92da70c1a917987f9a12a19b6fc6882fbd78f5,1,0
0xbfad994d3bc13369e9df6057a4e62c8cd26edd61,1,0
0xbfbc085f18c47bb5e9686d86065b9227ced28514,1,0
0xbfd36b6d0f6f35c3d7caf8361dc36ac61d837b96,1,0
0xc0030be97c992312db010cac0bbfa6de7919f276,1,0
0xc0283503e61f7d34c8363d349227ff1fb42066e7,1,0
0xc039ba60bf83cce2c5300c328347bb0f2c3f53fa,1,0
0xc0514aea60ac4d34972414dab96a7ca28a678a80,1,0
0xc062c2248eb76f254ad310e052e31a9ba9ffbc73,1,0
0xc08642612bcb9910cb444a3a5cd5a5c0630c6e57,1,0
0xc0908eab7a9f8228e614b69235612fdd7dafceaf,1,0
0xc0aea3a6d26a0c2d39ac02e26ac2c45f451306ab,1,0
0xc0b3e06f7e1f75dfbe8e292f8a7bc5673b8f7b82,1,0
0xc0ea353b1efb0eb43a25fabc82e4dfea218ee7ae,1,0
0xc157c5382201f69a93a9d7ed4313de13afa45221,1,0
0xc16608636ca2c0d732aa573279b497c87e27ac77,1,0
0xc1b9d65dd9c8511823a6270646d061280dc266c2,1,0
0xc1cd996e6c72144591762471730b1963f7e2f8c1,1,0
0xc1e125f437ddffcc56dda1bbb13ae526bb68e3e0,1,0
0xc1e2439b2ab832a8fb393af54390574c9acfd451,1,0
0xc1e5e43f76739ecd0a92df095ddebc7df9ecbcda,1,0
0xc1ea3db638495d90bb778863ff5c2aaccfbbf421,1,0
0xc1fa4ed8ae378721d617ab3ef8e7a35fac453c64,1,0
0xc2061a0ac716453c0e63c5c264bef716dd8eef89,1,0
0xc21ef2209c58f41963d404c122592084ad5f3e04,1,0
0xc23a2bc59b3861114a83ba77377b3a523c27fc52,1,0
0xc2434c3e2e10a51c1ac89c30710b486b0364f399,1,0
0xc24b27887ec6c9ad057b44544dcb8a9b71e047d2,1,0
0xc256052d60f223c30a54e26dd8a52ef3b9db5211,1,0
0xc2577b3aa27e9e624eba4270f35076ff3920419a,1,0
0xc25ac6b0a57aa575865fcae1a438676678c4ad7d,1,0
0xc28e34acd7d189ca347d0cc3ecdf0738af72e75e,1,0
0xc2961697e50ccf4e2291cc30ff830e7d40b913c8,1,0
0xc299537a6ff9f3f1cc6ad4da45bd93f3f0ec6d2a,1,0
0xc29b56948523dcaf3e9cd9252e8c836b937f9125,1,0
0xc2bdf96b1b53ca0514ec6e79b45dde6a0b20c1df,1,0
0xc2bf642f3419ce4e3ecb41f5ae2f366893eee3cf,1,0
0xc2c25fa453b84858fcefd30fdb2541a1d0960a7f,1,0
0xc2ce378434bf3500e5cf894f7ec57be6c8aa1466,1,0
0xc2e5536d3e3443cfb1744564e5cd3bdf833eafa4,1,0
0xc31447e2811bbf60984962a55e4d62b6703f6b42,1,0
0xc323997be3a2a43a6281dccbf3dcafe10ee56837,1,0
0xc329f3238df934f13be9776c815545b54c563f94,1,0
0xc348b41f4994250e91ac546a1aa6d0f1df0c2549,1,0
0xc3515ef0d5706f3de307f77389c8de7a2fe75bf0,1,0
0xc37080c08ecb568938f6c8cd774a3200d07965a0,1,0
0xc3adbc98274c5dfb603d3df4a4347f14afb54441,1,0
0xc3bcfce348f1b2ec344d824dff2800086f461e77,1,0
0xc3c3d0cf74aaccb5fa67388c615c7aa7ecfd5e6c,1,0
0xc3e218b67608efeaf1b4aaf1d148f630aac1efa6,1,0
0xc3f8afd8ba097e78348d25c3f981d340fd9f39ae,1,0
0xc406d1f611a8609cc88f3dd039d0baf749c2f317,1,0
0xc42453c7267b6e50ce4bc56cb1813ec6082782bd,1,0
0xc45f64e61ceaf594bcb8045c5f97f55a4ba18217,1,0
0xc47a2c1b74bbeea708f12b40fcf54f20d2c17525,1,0
0xc49cff2ad46a0a40848994075ec74a903bd90dcf,1,0
0xc5130b7d181be49563133c8c266a7a50cad76a70,1,0
0xc52dd75b8e77d7cbb34cd88c272cfcdb5fdd3e10,1,0
0xc539746596b1c076a2072ef69b3d51b05813cb66,1,0
0xc5454fb6e8a3a872c976ccd460cc9814bf978638,1,0
0xc595e558222f2b205f2dc3a561d1a9c998f3fcbf,1,0
0xc5baafb7cd5a650d2737bbe91bbeab81755b3c94,1,0
0xc5cf70818024406541e50202c535cc7b234092eb,1,0
0xc60dec3fb928289e847822aeb686d5f9a672bce0,1,0
0xc63072a93277a131052b277e741e3fcd3d880232,1,0
0xc6327e82c9aae15ee912d0f4c01bf12e2e7069f6,1,0
0xc63805087550de845b69ac5a4299ad4be024e2d6,1,0
0xc65d9d875cad07ca8c6bb7d0ff1e148d5a16af0a,1,0
0xc65de3a2d23c4f541e5726c4e2bd7fb76dd32ac1,1,0
0xc65df3148747512a8eacbad300dbb3e874ccb11e,1,0
0xc667dbbe5b563f90db8e27403e9aab62d03993fc,1,0
0xc676f514958af1c3398f4f5eeb23865ba393fb27,1,0
0xc68b24bba16b85c548b5fe550821c3a23b014ab5,1,0
0xc6c637f212e1ef8b9cba5f82d0f071df4f814e5d,1,0
0xc711bc6761435346ff55cb982b9102eeadcf905a,1,0
0xc725cc26512ed2da148042efb6d95d4574ca73a4,1,0
0xc734bfb32b567c457cc9de6c443126e2fb01f95a,1,0
0xc76410870aa6157ba8b8852d1f79ac74c39b043d,1,0
0xc76b2ec6fdfd2dda72815cb6c443fc51a4ea0c01,1,0
0xc77ff7476eb5a3677037cac851bec163762a5727,1,0
0xc7be0c21f90dc87a19db92a5425a3559226e1c55,1,0
0xc7ca0852a641b74a3004876438a5b6635580d450,1,0
0xc8018ba72ee4c1759dde7e3bf6a86f1444268e04,1,0
0xc84e8156d783356c66e45c0c01c83169a71dfa7a,1,0
0xc8520a03fdbca6dbb7873bbc92715184b3734981,1,0
0xc85d6172a19e62600a49dd5f1536ec06e29daa56,1,0
0xc887aa1fa5db2031f77c34d867e54fedd83977cc,1,0
0xc8a5c8f6a5e8a9c0590e54e4e828ebc52ea7307c,1,0
0xc8c3d62cfb74295e77bdc74a0e1b80c19db1a976,1,0
0xc9071e64d1c484046908cc149173b32a0eeb9506,1,0
0xc932cd2bb7e4a4829ea71cfac6266cf769d4a174,1,0
0xc943e1e9a2451240ad46bc7145342d876797ca85,1,0
0xc96f4de58ad0d92c523623d19001b0f3b244156a,1,0
0xc9762cd457a79022e24cabfbfab7c5ca1b508155,1,0
0xc98c73a612e316e4a1587ed25e81662e413ddea3,1,0
0xc998f1442e84b95ed4cc024847f8a60668457244,1,0
0xca1176ed9419da596575ba6fdb52ee5d3d42ce59,1,0
0xca223616dfac5c7600fe19607d89dc38079e99ef,1,0
0xca4f9a7d62125260edb29c865e4632df02a95602,1,0
0xca507a9a8a31ff3655931320b4860f2eb8a4914f,1,0
0xca8bc968db83a894d47154d731eb6972881e21ab,1,0
0xca9d6d6372abc8911389261dc874b8672e4c7ef6,1,0
0xcaaf8f8dea93eac85361ecaf2c6f86876560e69a,1,0
0xcaba847980b74a9bd3a948df3695aadfb4f9c6b6,1,0
0xcacba1ef4838609f932be091825e59968d022190,1,0
0xcadda55eb675785e80fd418feb55e0417048a1c0,1,0
0xcae317ad0f453d7593bbcca18ac4814c5410c5fd,1,0
0xcb1294ae7ae996931294a882cd61d78dfc37fa6e,1,0
0xcb15649d7b7a1eb01fb1acd14809de6cf82aa1a0,1,0
0xcb1ff84d80f4e069e5a6d4428b8980e6984b0df3,1,0
0xcb702626aeb4961adb021ce28b7e3e94056e525d,1,0
0xcb757ae3a2ee474f407a4a40d67e3842aade0e7a,1,0
0xcb7e4e12d1225c26cbdbf573529686307b88b362,1,0
0xcb8bb8ae0f61a86a7b6c4dde8568ddb90a5edd71,1,0
0xcbba4a3ab07e76b57fd53e46f6ffd8dea5dced1b,1,0
0xcbf8a70d425808c3bde6ce5bdb9413859ef2baf3,1,0
0xcbfcc5eef1c869abfdb9338bf158e9148de1f972,1,0
0xcc09ce507d0d80496b5543f178d71d1b3e55a5ec,1,0
0xcc0aedbed83cd32c1fc2df9a1d01c1fe189a882d,1,0
0xcc3a945d8658bc7c49c3c89cf3838cdc7e4457a8,1,0
0xcc41f0b58b277553bf416f7015b3301c965accaf,1,0
0xccbb3e3ee00fde6ff4486e5a77f6a2e137883ce0,1,0
0xccc6d522f5da121282a0064e5ffed6ecf1a99d10,1,0
0xcce4a661ff52aa9401ff83bc926fcad073061801,1,0
0xcd1578221057466fb249d247144104ecd3cde6c8,1,0
0xcd1be9870e1c25a4c371e0ffc84cd0f65f8040b7,1,0
0xcd5c180a8fcf4d2cfd0faa40bf281ccdec7ef380,1,0
0xcd758dd64f1224990e3fc18dfe7433d9eb40d040,1,0
0xce0fbe7c0f72fa5c941111d507dd319376d5d9db,1,0
0xce4b6431c93a96ad1d30d3efefb87c4df94d23d7,1,0
0xce58afef74c8238721c8768d046750e13cc9bcc3,1,0
0xce648810f986401ea7b536febdd4291c01acbabb,1,0
0xce66bc1daa3f3a51b0440f16126174633790370c,1,0
0xce683ee97aa47ccf03389fbc33819bcf6cfa4778,1,0
0xce69f1a6fe78d76ced76547d9cb6d660dc038650,1,0
0xce77a17bf5cdcd5518985c9e380e7afee5838b13,1,0
0xce8ddb444a3799d1139b16c48762a0dc44eca5ef,1,0
0xceb405aebbbfbd23d67cfa986165ceba8556f5ef,1,0
0xced9f012c8cfd14751487996af5bb6b5072cce80,1,0
0xceea09b5a7b04f44725ec4fd9658014cb88ce2bb,1,0
0xceed74695ce5cf38489f30c0b20926ff3914d7be,1,0
0xcf2644f8cb6a98c062d16cbc3fa78df70272aaf9,1,0
0xcf28a4bc051d42d55614b6c21db7c47f70ca4d77,1,0
0xcf4a811af9d72ae7d5117db79db652b8946783a1,1,0
0xcf811e2f772294490555b61690fa4c8dfe497874,1,0
0xcf84bd200fd767b4c02e5c892e38add842fc8a6b,1,0
0xcf9b708931124e8b49214164a4951c654a244257,1,0
0xcf9e484c4ee76b727739a20b09d5cd528ffce37b,1,0
0xcfb22d65dbfc22ef0e01d74a2d4421fb3a6c11f1,1,0
0xcfb5a1034c7ca7920fe83aceb373c15b99e0f02d,1,0
0xcfed461e19804e84910753288d05cf242abe7140,1,0
0xd00316c6307bac4984e14f96cb2f057e1424ad33,1,0
0xd00ffd8a763af85a7a3b41da4f02e5bccbcac815,1,0
0xd019efdbb7b22c1adea7a96e3c9165c69f864abb,1,0
0xd0866483e87b6c3ca84c05836943c3df87a7f166,1,0
0xd088a844a3f7d90a2cfcf7a13f8dcf3bb07d93e9,1,0
0xd08c59e5a870b733ce012d12a0bafcad29b44ce6,1,0
0xd0bf315a6ebf96f976f0ec99b224dd2d0f3d44d3,1,0
0xd0c09ee738d1abe97f86da889937d41f5892572c,1,0
0xd0e10714a60dc0e7419bc871f1c288edc1dad1a5,1,0
0xd0f55f7e6ac44c9121b655be7a1e1c425d52106f,1,0
0xd10e83232711d394dc9c380cdcc3805c3945b8e1,1,0
0xd12ad3e2bc4b04b7430b32084f6914a01f8cc016,1,0
0xd13088c439e51d86e0663cffeb384d7967b32663,1,0
0xd13b981c00f8cd41d77dcee17d884ee1b1b132c0,1,0
0xd13e2f83c963eeb8fb2b6aa5bfebcb2e175c2c39,1,0
0xd15215b8d5bb0da45f7a02968513307676cd881d,1,0
0xd15decf083efbff2dce6f105a0a7f861fddc9740,1,0
0xd16cc231ee5dbbbb2edfd71ebcc31d96fd65d226,1,0
0xd1c2c0b70afb8f3c207642e7c9ee3c36375a72b1,1,0
0xd1e324d9d1318af1801982cbb8d8683d9b44a582,1,0
0xd1e558c00bfcf76df3eca377c25da17e59db913c,1,0
0xd1f23c53e092873efbbf8c89f59e475c9f9dd65a,1,0
0xd20c8c1dee836503c1585d0c407d3c150e27c263,1,0
0xd226cb581df51028d406f18e8f97398fc14c7d4b,1,0
0xd23e5d6a6022fdd32566f47f2a3ddc3c8e9fe804,1,0
0xd240c0abb7c222caaea24ab37928cc78ebc219f0,1,0
0xd280ba410bd9e4b44bb8e97d8faaf7f9f53c7ae4,1,0
0xd2a60c91f40eaf83c316355a09e7b8301479f27b,1,0
0xd2d094a133848d99d466f003b9e76868eeade488,1,0
0xd2ea58fdab7dfd978eef70dcbd2293bfb411e6b3,1,0
0xd2f8f24a95e4795dc2f378b9732ed061981fb8f1,1,0
0xd2fe3ef7db9beec4395448ca2609e3dcf219b331,1,0
0xd3414b36678cdcf44eb578b4f1214cc740c7fd0f,1,0
0xd34b8f961310ba1d5ef7ad9e8869d2de8a7fa4b3,1,0
0xd37cf3e3b92f4f486593b54d693f2f5c821699c2,1,0
0xd3853439ff2c45ed88e1a1ffefdf4b810477628c,1,0
0xd38a30ae57d88f00ef0f462ab5a999cef1832890,1,0
0xd3accd63340b7e019f19f2666b794179d140135e,1,0
0xd3b795ea4bd20560df3c223589fc3e6e06b79be2,1,0
0xd3d71a5f5f10cad2338d98369b0334ccde639e8c,1,0
0xd3d8db62a0c0896b5468511b10edefd24d1dd0d4,1,0
0xd3e4d4bf274f8a8ff2542959fcdd3c5e112cab34,1,0
0xd401053b43242147e8742847c62d28adf2b493da,1,0
0xd449e2e15f9c955622a3f8a5a229023fb8d7a3e3,1,0
0xd45067d4a260571ce4586dab5ce4930a8d829f96,1,0
0xd453d73109196b64755749bd79c34acca5ee7347,1,0
0xd460e1e5c32a0a266729b3ce1521fe3665660a8f,1,0
0xd47c5b7febc1342f566d5426802a089b666a0a9a,1,0
0xd4d37b70c1caeb1515826fb89ccd78c87d60eaad,1,0
0xd4e46c39ed00098b40d83a8799a1c5f8da9d0e29,1,0
0xd4ebbbec78971c74839c32c921b3f8785a589513,1,0
0xd4fc1bbb6278203f5aa9bfba7739ab4ce72f5d9d,1,0
0xd55b13de67abb01a582c6b06f249ef814805ce72,1,0
0xd57bf6982b169c9a20ce61811565ac7c09f2b7f8,1,0
0xd594c644b399ee7543659f2aca0773d8bb5de6a1,1,0
0xd625525e0124ec60dfd4fca4353833f950867026,1,0
0xd692532b30801b120af5936c2630ff2cfa6e4efd,1,0
0xd6aab56b669bd26c46c26985038450b535894863,1,0
0xd6be861c6728df0efa5b4c6f58603d681382135b,1,0
0xd6c435bbd3399e2486dca2002d2a0a1451914c9d,1,0
0xd71a410611c552f04fb9840f8e04d6aac6fc3167,1,0
0xd72c5aa017ab06ac2abfe3af8fccb88b2165a751,1,0
0xd73c6d315212b7a653439ba26421561ce07d542e,1,0
0xd74583ed1a69a4e0b228862e6dd9d6fdaaec269d,1,0
0xd7556f049fcde85dba52ccdd65e18898acac9e5a,1,0
0xd76c7cb048ed70f809d15f5d4c59a00c50e4c155,1,0
0xd76d15cfcb9cafaa8c9577ee7c6efc5cd25faad9,1,0
0xd779008dc45cf6e6cd09240289fca7548bc972ec,1,0
0xd789043d9f0ce364d44045b2df03d8f3caf36ad8,1,0
0xd79bb93757521fab098bc5333dd8399b67528dc1,1,0
0xd7a039bf9562cab584d7b3b208e37d327c9d7971,1,0
0xd7ceab6d5cb0f50a3a3d70326a07051f2536b0fa,1,0
0xd7decaab955284ee9fb4b0b386a429325f256343,1,0
0xd7e16b4b3954c0b02ada2462fea39e57e8ad4c35,1,0
0xd7eef439f858319824356ded2fe1c1e0e53269c1,1,0
0xd80bd7fd000bd01e3736497ac21ae0bf666e8174,1,0
0xd8293b199a8870d1cd243ebdd101404acffd3a7f,1,0
0xd82e0360b47da4ab9d88fc827dfaeea897489fe1,1,0
0xd83d8be4ddbb1043e89a21a1ea0fd7792d77b1fd,1,0
0xd84688a4379ebc795badd4ee6fe8690b3fe2047e,1,0
0xd85388e22748d0b88365e6072b491da5921f1729,1,0
0xd8546b99225f350af9f68a42fca6bf3cd4278d4d,1,0
0xd8595e548b1af1e8ef583cb14c4d6ca154ba8255,1,0
0xd88c1482d3aa89abf0fe576c7424fb204b4f9374,1,0
0xd8923f1a276f1e0c6f0f36a7d54b4f735219d172,1,0
0xd8cd96ebdf265e1ba52a7ce19954cfdc007ca7be,1,0
0xd92ea94b493824b63991ff5c4ffb8063bd04d54c,1,0
0xd92f688e35c558461e8f8bdc74a289cdc84c3ea0,1,0
0xd933828140931dd1b13ef3cfd6bab00e727459d5,1,0
0xd942d884237ba17690ec5daa7d66321196957da9,1,0
0xd94d011158bbc69d05586387245376bfc03c0f81,1,0
0xd95c5aaa7ebf08267e04b59bdf202983e37fd460,1,0
0xd983dac8d0ccbff089070c3e4404cf60370ea6db,1,0
0xd9cafe1250c9582656a9ba88d92d93643eb264dd,1,0
0xd9e0d35cac5a324f44b90fb96415ef54c2f4f115,1,0
0xd9e43690a8fb7ec257fc09bc7fcd6434c471ce0b,1,0
0xda0b677f2e4e167236dfa62f1b55f07521cde4df,1,0
0xda2ccf0dff79f8eb5449a9bf772fcba258d3eafe,1,0
0xda4daeda44c972adc0db32ca89484c662585540f,1,0
0xda51a8af4f80925971549023c820f01889e0a790,1,0
0xda89c4217b0116540c532ddb542d8ca618739492,1,0
0xdada33c607ce9757cc15647ee1cd9ee6e999caae,1,0
0xdaf7fbcb46c710865c48b868339bdc754c44244d,1,0
0xdafb4a3f20eff5bac92c661c02d822c4d78ffdd0,1,0
0xdafb4f9e6bc1ba03d0b98e46e0413301ec23f2ef,1,0
0xdb4589c3714393374cffcdc259d8e48c888dc8c9,1,0
0xdb4e138214d5afbf758f271313f861a855e12f3f,1,0
0xdb5858c302e52064f63abb3d5c0f58bdeed49fe5,1,0
0xdb596a0bde6ee68d11d30fbce2649dd04add4bc1,1,0
0xdba2613990756d72fbe7a07a4f1dad3dbf6cdb39,1,0
0xdc510ba636513b6084c262f258b16b4326414929,1,0
0xdc5c4762f17de2842a0e5fea5143fe5616fb742e,1,0
0xdc9aadb97db87aef20d594857385bdfea7c36b7e,1,0
0xdca3e7515151fd180a382e55de38009b0f1bee73,1,0
0xdd089d7fb401e256134716228716f3e69987657b,1,0
0xdd384d9a02ae26ddf5a29127ea9ecc97b2a23e64,1,0
0xdd41c51d6e157bf03e15bcfc26a59419fd92cdc3,1,0
0xdd45a11c68f9a40488c7f1fc8fa14b92674ffc7a,1,0
0xdd49821182e6edaa396a46bc3e767fe649115b2d,1,0
0xdd725be725be0d9a541100bcf4322ff5ada76788,1,0
0xddc16b61ee41367ffc3e4baaf7d4470fc2e00f5e,1,0
0xddc6bc9a57faed1ce8aebd9a069248b31d79e9bb,1,0
0xde18c0c76e8038aa38e5865cfccecf08379243fb,1,0
0xde2da66f1a9b2e8ec7ab5ad19d4c9e687f73f2d8,1,0
0xde37657e061e28c84c84a9a931ce872cb0590204,1,0
0xde4d3ad2acfe7854094b8a14fd49bcff7f4cfda9,1,0
0xde82ba72fdd75dff334b1ceb3e57e1945f1d7561,1,0
0xde86a6434493924755c39d5e4418655f687ad82f,1,0
0xde8a43e61e0045a03ab65ca5bbcfefff9936ef38,1,0
0xde952e11d01ffa1996db87b6cf678cc1b76e3dea,1,0
0xde958393556006eec03c2a86175da2e57d2c43f2,1,0
0xdee2c478f2ce439655e620f675ef7141b8943892,1,0
0xdeed8fd8c247f2e81c264b77432b5451eb61475e,1,0
0xdfa4a8cdea5dbcf4fcb869c4dfd9a5fd9b1dee09,1,0
0xdfacbfebb5ba42127c71c789c5fdda283a6cc971,1,0
0xdfc001033f72de81e7457e777cffc66a4427784d,1,0
0xe00e23508a4998ce2b0417ac772b04870376b339,1,0
0xe011af5b5efa394be7913ebc5a22469dfab5de3e,1,0
0xe028bff5fc02a1a1b315cb8daee276602ed612aa,1,0
0xe04c63d0bceaa30caa44a6d59414cda6746dcf54,1,0
0xe068d1de6fb419731b21ffddba22763bca1198aa,1,0
0xe08ceb08e92c6ed636202dcfc92f1bae72fe1e0f,1,0
0xe093c63a998e215f9e8ae3dbf09eab350913c6a2,1,0
0xe09ef04cc1860bb5be32ebe1082d73b48faabc56,1,0
0xe0a8f2a824781868e89cec2b14757f2b1e148753,1,0
0xe0bd34fecde8e1c51da7476dbcbe705572953f9c,1,0
0xe0c27e846b5493293e05d6a4927508c86cbb6f92,1,0
0xe0c67d2dd40359b79f3b51aef01d45045c802231,1,0
0xe13e2e75d990fc711f4291a1f1f31ecf7c022c6a,1,0
0xe154ee0fce5bf35d3875ef5099e824aff5ab7e30,1,0
0xe1596bd6624cd3c61b9c0c149b94c03c397bc382,1,0
0xe15e9e17e8c17c1b14fe506dadb8e879f6bb9b84,1,0
0xe173fadf2ce1340f7d199423dc4111012806aa8f,1,0
0xe1d02aa7f3e9f1d3dff1851e4a6d0311cbebf621,1,0
0xe1f7970b284090add780637471637f0dc1f008a6,1,0
0xe2111a9bedd7a799a6fd067a5f1b2fed761553c0,1,0
0xe219343e6dddd9d82ad44cac95a11111e5ec31a1,1,0
0xe21f7bd236d9e06d4c54ed0715672ca2ae56cc0b,1,0
0xe2363c3c092f5f63900d85b658733803da77410e,1,0
0xe2397247696eddcdc66ce2cb3d0b34c1f7de4662,1,0
0xe24192c49a1f3ed892081caee098b872227810a3,1,0
0xe286290dbcc30e43d97933e58b5ca3ce8e370e5f,1,0
0xe2be99a328600311c54864925601b94868c77c2a,1,0
0xe2c776819f180e65a9b8a6aa2b2ae4ea9674052a,1,0
0xe2ce9edb9a21a881cfefb102f5b7df972166aba6,1,0
0xe2eb4d14a69028ee994446e51db0f2bbb95c1d4c,1,0
0xe3255586cf36659cdcc082f1761ddbcbadc47215,1,0
0xe3478483a9a7ecd8cdde248ea43b48197b19e09e,1,0
0xe3548b1c820c4c236aa1fa8decbe1b46eb89aca9,1,0
0xe379993b04a1660eb72f584f5c3632f0ae350454,1,0
0xe396fa1874cd8d49587102cd9170cf12b2251993,1,0
0xe39fb530056843a5dc9303f99c7f2ee73adebb3b,1,0
0xe3e531b031fff36f4239e491f57bc1da618ea95b,1,0
0xe3fad0564a929cffd4b2b6d26a25863a8f99710c,1,0
0xe4194a93971ba748c888ae0bc115192b1ee9b4e0,1,0
0xe427fc3859040a796222bc7f386eebf32cbb3ac5,1,0
0xe442145711bf3c56452f0dcc730f3ad65ce230cc,1,0
0xe46bccfa0bd5514a890a0e03e9113f6e5b6cc214,1,0
0xe47264db5f197fa41a1ae5a2112a1786a392dfa9,1,0
0xe4775e3b6794f2f2173a8c21509713f3a73b52d1,1,0
0xe511668a679695e79ce553bd20641ca7c260e5d6,1,0
0xe5186b9d70d38820f47ac3e945b5251800578d89,1,0
0xe56448f418d1c0712424615aabb0c70999f81e05,1,0
0xe571e5cb337cd343d0a82134a2719bd61d1e6d77,1,0
0xe572b22ec298cfb07e732053cc8e4df1d701f06a,1,0
0xe593176e9e3d9f41216c51bfda1386b0ddcb73f8,1,0
0xe5959222c16a4344fc6ae47da612cc42fe94ccf5,1,0
0xe5eea6c30523ea98095dea88613d399c5ac66487,1,0
0xe6079a64b054bbb534920b69cec00a3b16487b7d,1,0
0xe60c643e7ed5586de27ac0c09118724ebd3734e9,1,0
0xe60ded2db1a9aded1804d33b0ec81c5fbeb6a751,1,0
0xe6100fda8930db51675fa210e99e52a0e0cdf6e5,1,0
0xe61c3fe7aae03f841490fb0c16030b2b54d52576,1,0
0xe62ab438255f3c117b822ebe07a10fa82716d584,1,0
0xe6b4d344172ab09cc8c913c7dbe916ad31a8d140,1,0
0xe6b57ec228a5a0f482eb552c5576f17e530ed859,1,0
0xe6de83701269ff00c87dc6eb6544e263dc9f3e11,1,0
0xe6f52170186c581f05d3bab64b8801125bec3ca1,1,0
0xe6ff1bc6abbfbe7b4813c118f25cbaeed3187d23,1,0
0xe7381c3dbd82615906d9d1d7790db6b472cdd0a2,1,0
0xe77fb6d4a9d94d919fd290f2ef1a21b618ba9eb2,1,0
0xe7895ca4f83002654864a939f66217a910e44cac,1,0
0xe801587be980ec3a5637075bf9331cc5092eb076,1,0
0xe82bb628b1a626e6261e092517032d9e71cdd9e3,1,0
0xe87e23e60878b4e514cbba8c5a78c288eb760205,1,0
0xe88446d9e26f5ddda753924f572dc4c9726d6747,1,0
0xe889ee03a4a773c6a249b71c8a953707dd4ea6e1,1,0
0xe8a8c8bbfb6656c1f35ef2da2c1457b38c9f5288,1,0
0xe8a8f0e7ea7e9690dcb4abb29e7026bcca2ede22,1,0
0xe8aaf56333ddb293d3b323d4e1cc6e6382d7bd7a,1,0
0xe8c205de6873e4e98a1c935a749501c181dd6071,1,0
0xe8df3b34f6aa7f96d79ef5d0d9d040ee3146cace,1,0
0xe90a932e66bf22233471f6fd36151421e139e5d3,1,0
0xe9137a9c82f569c6bc24b4f4dd705d63171c2610,1,0
0xe9243d0b906a0e952c20db5eb5c81c6a4b659802,1,0
0xe9351c8a57821841ec626ec96c319d957c8b7e1b,1,0
0xe9651e62e0ed9e4ef566ce570e19800123e16878,1,0
0xe970916298786b2937f82b14d8668315adc28784,1,0
0xe9744f60563df310eccb31bf611016bd12838cb8,1,0
0xe9b8df4fbe509859a1938a778b153f9d2b4b09d1,1,0
0xe9eb40f9df9fcd71de48699f5c997947fe19f859,1,0
0xea239e474ecae8bbf67a50c05eb7f19a180dcb43,1,0
0xea2cfa1c7578ffbbc1e413c27662a18a5d679bc3,1,0
0xea3013ca1abc11869364ecab9c7a1b0785f4602c,1,0
0xea3df2678fc814a672741f8d21625a670edd8491,1,0
0xea47d7494090ef45873093dad23cbb0a8701a8e5,1,0
0xea62e07fe16e024b3ad0e2abc8580a3dcedd0745,1,0
0xea6d4bbe63dc438376dd05d5a6a964ef36c5d05c,1,0
0xea7ef3f64341fc559a5e57de05c3f922099e66b9,1,0
0xeaaabb24151f3537e51db93413593faae63ad61e,1,0
0xeadaa45fc7e8912d8aabf415205830f6b567610b,1,0
0xeb1b1df583b2f78dee05d4fdda70d041f1fd7957,1,0
0xeb2a3f26417e0b10bc44dc9f51457a43d11d4ec6,1,0
0xeb3637f7dff8b0a15432134c041356886ad01f00,1,0
0xeb5a152b4b779bab57d65be1df7702bb8122e070,1,0
0xeb8cdcfd3f6f265397982977036b6909efec4836,1,0
0xeba4e6de1ef037c5bbe9ee07769d1bff999965a4,1,0
0xebaca9fa9ec29c52ada1db6617836fd7f09b93d5,1,0
0xebea2c5af1f857b9ce85373eb1cb59ac9fa3162e,1,0
0xec042817f53ff4e7cf725b39e5964ed31faad3f1,1,0
0xec10224dfd9b879a2bdb3be439657155713740ca,1,0
0xec387934fc6aad681398163b7b09aa6dacd2bb2b,1,0
0xec39a123889f5307ee789894c13a712e97d0d249,1,0
0xec5aff5299dbbd9e016ed85bf614d5037fc2a741,1,0
0xec808837918cea67dc67605440db5cec44e84e80,1,0
0xec8dd905631b7bfcc93ba9ffad768a6195b9834c,1,0
0xecc673505a72a824106720b33b21d51c225e1afe,1,0
0xed362e2695c7713a124c92760b8b1be8527122d3,1,0
0xed431adaa5f5dff63a6ade9ae76f832e9e71be24,1,0
0xed47c4eb8e6376d70b44b061cfb7c40ed6498b96,1,0
0xed59de342dbc0192bda3210153ff9a6d20748769,1,0
0xed691aba894be100f810083f4cf8bf465c861aba,1,0
0xed699f82284eed0b1fc757066b7aae076d35d2c9,1,0
0xed6ca429aa5e3431ae3a1052f8e3f2747103bbd8,1,0
0xedd8b9e225ad2b2e3046cb07be6f07b60fc9a1cd,1,0
0xee094220ffba80a52ff4916a291a07cb581751d6,1,0
0xee39e31d6278867117ffa8ac79b65022048b7525,1,0
0xee3dfd871bf81f62ffde7ad2aedd1d6333d7b2e1,1,0
0xee734b6ec5123b4e867dcec7b94895fab8d2f729,1,0
0xee9a02e8c9426250139288db563485efc3bf954b,1,0
0xee9d8e5f2e11bd11cb034c5ea3286f759644d8b9,1,0
0xeea51b104df6c7c770dfc8e86873b797e87bedab,1,0
0xeecfd2c4bebf3b18acb9633f308651eff9792559,1,0
0xeeddcdbc2fe1af03d576ad22722feaf4f9511f89,1,0
0xef07fe59bf183223d2baeb3ac4d021e0b5a66e84,1,0
0xef12e8e395ec08c71c967df23528b06bb995474f,1,0
0xef19d6faa8b4dab175eedd8ddbe4d8d281110f3a,1,0
0xef22f72c6a5ee8ada6288b026b86f8893181d73b,1,0
0xef294e33e996e84a3c09f308530a6ccda10b3f7b,1,0
0xef3cbfa8a27766a827f5913b7d8f285446c4aa88,1,0
0xef4a9c63c19f847395e77aca417b1cae5e08df40,1,0
0xef643dde68777c39a7004f0ab8c7f1dbae8b151d,1,0
0xef7a0e375a6e383dbc49b5c466df35f6168c2244,1,0
0xef7c48d50d18ef7380f6aa21fb941efc0ea148c7,1,0
0xef7fe02f699c8103af74a481e40f38e3eef4b5d6,1,0
0xefa82a60e218bbddcde1458790d1a297bbc6b1f3,1,0
0xefc9fd3bd25e7d423ae27baaa6a9032f577929aa,1,0
0xefe39c20c2ba3c5c0a2d9bf9e4150e5ff52613a8,1,0
0xf008256806552e949df656fdb9482a96255daa63,1,0
0xf00dd49e6012eb579721821ce61dfe623dcd2f58,1,0
0xf020d65939be3b9f4257ab4cc98a8c271c63de25,1,0
0xf042f8fef18903f956958d99ee4866c9d4e8f55a,1,0
0xf04c022c49fd87bcdd55a60f97a1c1740ea0d1f1,1,0
0xf05a5d560d917056c1dcf8917463bad5e9c40a2d,1,0
0xf062e69ece4d86e65822815bf6823286d5a8a721,1,0
0xf098ec4fe39233b7d837a8e3f6203c7162761b92,1,0
0xf0b92d25a6bd33064651a03cf859c8231aa38567,1,0
0xf0d02211853fe3be3e75313457bc7c9e4ef1dd47,1,0
0xf0e6d3b513f3fbce3a98fec8e4894a04ba5838fa,1,0
0xf114cee3a3beb8700c78dd602137c1552b2ebe56,1,0
0xf116c9d5516e526f51cac1163902c8400f678fc3,1,0
0xf13f77526acd568a1f3fc503dd7442c2696ee4f0,1,0
0xf147701bdc003c909940e4dd77ba694181f869be,1,0
0xf16ce49e54f34506e283179f5251247593a3af8e,1,0
0xf18df850339ad18ec86d9226f46926d966ab0504,1,0
0xf19262bad53fa4ad1669ff166387a8ca3a7b378f,1,0
0xf194b00951601a1478eee7c614b19d7b963a1934,1,0
0xf19b62a28fe7434b8004c23b87f86c24b5239251,1,0
0xf1a675a0a536850df50b30bbb404ec426cf9d91b,1,0
0xf1ef8c43ec2135690cd13497920ad010de3ebe46,1,0
0xf1fb831b91c30438f4e480733abcbfb9ae171017,1,0
0xf2044f0dc81d2e7b677f3d144ea77db3cf8d8977,1,0
0xf22243d55ee37b6d48358078c7aa030c10e7f528,1,0
0xf224dacf6b891dcf162937f402913384f8e20295,1,0
0xf22761e13bc2ba7244e9fc32a365d7f4c9f5e656,1,0
0xf282edf910ccb4058763997df5e38523350a43af,1,0
0xf29a90cf4beddeff6ead6bc96e7539b4a92aacfa,1,0
0xf2bc164e0ebcdbd3ecc5700ee7a64426bed63690,1,0
0xf2ef76beb71d22135070b2eaf43b0c29b850b732,1,0
0xf300e080b2b98e110c096a3c9fdb9825f2c4bf25,1,0
0xf31bec189918556c3388961e174b5449982a312d,1,0
0xf325ea64027e4deb06042c6369fba1c4c8bccd0e,1,0
0xf33adc64d6a2803b185869994fee79c953dbddcf,1,0
0xf33d0db23b83b7b0c63ba77814a5f28fdad8ccc3,1,0
0xf35b50dd5db410f61d5902d8599df5d64cbff73d,1,0
0xf37083d4d2efe0b370db1770e37e0bd7b090a00c,1,0
0xf38bce054b04a7dde173584783474be5c1bbf32d,1,0
0xf3ae3bad36e8b1ba4131ab49413d6c913abf510b,1,0
0xf3b15d095514376e5d0c44f4e40e292b436ab965,1,0
0xf3b61860247c9be52a82b3c728c8bba4f0c38a09,1,0
0xf3d3acf6bce77ab41cf0933cfebbfb6c0718e9de,1,0
0xf3df37afcf4eb29747fc53ccde02e44681ef7306,1,0
0xf3ff3233b4b891e9ef8b9e7d14bbe3cc4841867c,1,0
0xf44d9f52fe8b38e0f4f2bd00b3243dd5f7c87996,1,0
0xf455117e0d276921ba18ae90b3e8f9b079c882fc,1,0
0xf455482602ee0c1512c521a079f11a8910c494e9,1,0
0xf469a474d2d0f7a8b8d1dbd5c1ddc8a77d642cc3,1,0
0xf471232050dc6c6234836a7b231efd3ae72f79cb,1,0
0xf48c15bac06010e818aa6e6c0a1757a7666e2702,1,0
0xf4ab9b0064c9f48f6c4fcb933320e6e2a8a7560b,1,0
0xf4df805e4f7be7d78bd8b0b639acad64b39822c4,1,0
0xf4f50e2b809de45f2838fdb7d9cb5cd9fc95e1fb,1,0
0xf50d45823b4dfd422821b0687829a40f9e5eb85c,1,0
0xf51ffd34c1ad7fbbba984be4b9bf9606cf69d6a2,1,0
0xf533c8d49579021e9bedee806cdcfd4bd5294e5e,1,0
0xf550d557471d70a06b2f423c94900d4673029b0e,1,0
0xf55851b74b1e28804952a48c2604ec24a194a3fa,1,0
0xf58e2f36f5fd744363cdb522a90f3c1e1d64d488,1,0
0xf5a13324ffa4edc82e7f9e73be112663570dd9d9,1,0
0xf5b5c0d1d0b0c75ccf1197b8f293e90594c174fc,1,0
0xf5c147cae5f55506e5284d0048fb8c5f24876f2e,1,0
0xf603bd3789c5787c0bc78a19bfb96d4651561ad8,1,0
0xf614ddc260c8e72efd5aec92e3a4e3ecc4c2a116,1,0
0xf61544ce70126752bde2d5eb19b1261c29c2ca04,1,0
0xf615f8ca4678a4d2f52c9e3175dcb721fdb9e07a,1,0
0xf63c4cabab920b44d3627ad51e8bcb6be9b572fc,1,0
0xf695ada15119eeefcfdeb6233ad9fb5e276360db,1,0
0xf6985164f81d76db19ff24578503b34c888e648a,1,0
0xf6aa1d1119317c8d72c8d19de5ee6acb193df8d4,1,0
0xf6bddfc456bb56891267469e82130eed9a999af2,1,0
0xf6c798897f28f281248a946889ac7a24c03f14cf,1,0
0xf7326818a71be2361d8f33d931aea667696e5111,1,0
0xf74a0a3aac748aabdbf2ebd941851f4cafda8562,1,0
0xf759be96698accd13fd718e5f325480997b1f0de,1,0
0xf78262144726a23c58692e24241059f0a56642ba,1,0
0xf79d6783b36168106e33e280148455bd1f188880,1,0
0xf7a47c9f475600942d1adb27bc9ca3196084a592,1,0
0xf7a91813dbede43af08e6eb5901ecccdcc566713,1,0
0xf7b611e10bd92878a36278ef297607990a06f96a,1,0
0xf7c5d4d7aadbd932f2dff6f204cda75d85a31acc,1,0
0xf7fa5a3de2ac23558cfcb1801b1541c6de66dd10,1,0
0xf80ef1822590cfbd384da50e8a4aa2aef38017dc,1,0
0xf841fb91c92daf5774644e3a8e02c2f466e32415,1,0
0xf8613cddc962b2edd5d10cc6fea6e7cea7a2f423,1,0
0xf87b4eba43c1d81fcb178394e269995c186d3861,1,0
0xf894b05939599c25cdd3e158111f174abdbfc469,1,0
0xf8a6f8af3381fa1c5cf223853afc9c8c4e212614,1,0
0xf8d439f4a8fbe15c325b6f53c8cf044c49de7e5b,1,0
0xf8e32b208b05a0e1e4aab08a44f416469433cfa0,1,0
0xf8e72bb79b49be05d2564c37d59040a7ac318983,1,0
0xf954248fa88b5d0720611f4edfdc53dcec984454,1,0
0xf98943ed7da22de24284f5b6c469f46857ce7108,1,0
0xf9f5c8426e3ba994b03e232da45f76fae6795af3,1,0
0xfa00b17658c260fa7a72ed41a7938a6e7371d404,1,0
0xfa075415dfa0b4236a0d9fb93c382fea6524c81c,1,0
0xfa0b666323c4985b3f4687f21f4a156bb3f6be14,1,0
0xfa1a10c1a1d9e2219e912177d33c650cff67a434,1,0
0xfa45b4f0c1c126310b68e59e57807abb3417a728,1,0
0xfa969283d0dacaa3fb51d4200a21bb3e9758607a,1,0
0xfab36faeab4847830a688d897065a3655fba265e,1,0
0xfacf4ba536dec516a26b6cf8b6ff7890dcdf55ea,1,0
0xfae0ea04f0f7b4914dad4202b91974d44627a43a,1,0
0xfaeeff33a706b70f7ce3accfc1bec6178c67be2b,1,0
0xfb1244244d314d5e36e77079dcf9dd79279550fe,1,0
0xfb197e1db63b3d163b8a84f0f2cd978753573a22,1,0
0xfb4a9651f022ce90edd6956dfeb4f2803b6e8459,1,0
0xfb614a1fe8cec98a44a7a3d2f31d9c82ac7dd02b,1,0
0xfb936ff3ffbfa3d3b1e46079f50ea18495614150,1,0
0xfbbad3c8df0aee54a4e5830c97e8f178e261fdff,1,0
0xfbd004520872cb197e213b11de72415d60bc0d02,1,0
0xfc076d225a1c723313d9a651f5cc17546e92c08b,1,0
0xfc4c9467deb51bb62d58280377e6c6494d80b5f1,1,0
0xfc58f90bb946f65299bfed9d83897a74ee27733e,1,0
0xfcb4734e75f1c1883b88fc9c558de8b816ce69ee,1,0
0xfcba88ee3480cd7419a3eba8559d54ed609e86ea,1,0
0xfcbd26d220b4ce86d215ad0b4d4ddfcdc0c4ff6a,1,0
0xfcd367e89829c9e11e7667f670c7494b4deb603d,1,0
0xfd0507f3cece11f46c14382285958a65016cf220,1,0
0xfd56c144f7101f251f7160dca70051510feea75e,1,0
0xfd63af1d77334a17ca08c12440f31bb8bab3b16d,1,0
0xfd73667c763953950094d2b4e30af31dfe242f16,1,0
0xfd73ae655d70378ca7463331a2fee2364c390e14,1,0
0xfdaba3a37a06a6ec1871f0606e334e7bfeb34a5d,1,0
0xfde110bdb6b671a797c93cab27d9793e3c989b7d,1,0
0xfdf065cbb4b92e9d88f0498a8f7064ce5dc4e790,1,0
0xfe0eb8477ed6778060a533a607edce6c76adcc01,1,0
0xfe133bb0dd95cfa79674e2f893ae321e281b0e68,1,0
0xfe191be716829c5babdf00b39bd169020be827ac,1,0
0xfe2346b0e4a0ffaf1c27bf962dad22679186e9fc,1,0
0xfe2aac483c3252bbc223778506517e87f113f0e4,1,0
0xfe3a3dff8646ce5ec6f8797be5e599c961055e51,1,0
0xfe473ca5d0cab7c274d2d7d24c7725c2306c432d,1,0
0xfe5a2e838d9ab50e1229236f552435701531fd18,1,0
0xfe750095a55dea39159854321684962b3383ff2e,1,0
0xfe75b6dd0d3dcb2ec899c692bd442236d648aeb6,1,0
0xfe8e252b7650cacad3d8ec77e3c3872dbdbf66b0,1,0
0xfe9961a505844b9d6cb4647963b074c99051a0b3,1,0
0xfebf7231bfb8219ed325cad3305a6d6a8a2911bd,1,0
0xfeca12b5604eaffc0ba6ca59fbced2cb500845fe,1,0
0xfed830524430a2bbbefd5b9a56dc2940fae067bd,1,0
0xfee4cd41e9f1dcccef8a303902263d9b57d6d4b7,1,0
0xfee9107938e26cd74b3c0e527d91d6d5d6241535,1,0
0xff4cf6ee6dbe9dea8a733ee1f3a6ac25ba20620d,1,0
0xff5f9c1e03690b6b10053f0428937872bf4f2b19,1,0
0xff9f7f4e498eb01336581da941f7d81da71dd7dd,1,0
0xffd768660b834971e3f98fb695f1d56e706890dc,1,0
0xffdae2aadb38a5c9d13e91217109da755b02b47c,1,0
0xffefbe0522b4965e5fac466f63a4759d005fa65c,1,0
0xfff9244e81afbe06b889bc4e42cd9d4344d419a9,1,0
0xfffd91598070a2aeec0648a5177b2a922c06fb76,1,0
0x0012badf28d0158827e0f00127fc88de3cb38e2c,1,0
0x0026012018e592028f22340924814ef95298e78e,1,0
0x003b9f99c84854859c5956ea5a61d3f838055d29,1,0
0x007a65145cc36a816d3725de00360abe83d5db50,1,0
0x008cb6160755a968ee3a7a42abd55dd266607401,1,0
0x00a0af148487f3d4c94dc3cf6f625395019205af,1,0
0x00d3dae61b601a58f2606c3307949e64b2a482bf,1,0
0x00d4de2134dc25c0b07ae5767bcb74d07e9b11f0,1,0
0x00e628a2ec86d518babe7d77f0f3d858061ae4bb,1,0
0x012f9b0ee98989097cef7d117d16ed0f879076bc,1,0
0x013812b7e9b94e550f83b1eee3e24072774ad8f1,1,0
0x014c4c95bf44462c2d47279eab9a643e985e7d23,1,0
0x0164f4e165f4a2a136b75d6b754e852687140aa2,1,0
0x017aa12245c52f4634811ac881fe80d492c6ee00,1,0
0x01b6b2f9dfe383b8b0aa8562e8527cea27001f1c,1,0
0x01e63d42c8078517de6fe5792ff5a9d43516adcc,1,0
0x0222346277ab8f3f9a347323cffed56b5c0acbe2,1,0
0x0228f577b323bdc9d0fbb0138ffc7986d5ef87cf,1,0
0x0232b385fa91467b253d9321091a40f254dd66c5,1,0
0x0234b855f2e7995cf6311214fede00edf6c63053,1,0
0x024fb620ea56e90fa1e53bfcc11d910ab66bc406,1,0
0x025542f91129aa9a21ebda0d03a759215fade266,1,0
0x025ea6754e3a1fd256473f8cb43c2e6bf9e578d8,1,0
0x02856fadf19fdd7049a981885a575d962135fa8b,1,0
0x028bd1e65b25ca2fbaa177b5d2c3257142c1fe8e,1,0
0x0315c3ce1c325e1fcfc85197664e885e72a8ccb7,1,0
0x0321e89a7b9484f47e8ccd4daf97ee8066783c04,1,0
0x0324597ed17160457191bf8d5236e7f34c929bdf,1,0
0x03452a7c4f62d6be76d963aecbc44859209a95c8,1,0
0x03835dd98266272dca0c2aa9c2a53e0f4da7b368,1,0
0x039aa3b6d6468890f76db533374e9d05b2ef60ea,1,0
0x03b9765c0b7425fc0869b1c4497e35ace2bbdd17,1,0
0x03f45f41abedecc47e44a005ac3625f78108ebfe,1,0
0x0430797467ac354ad778b6d7219b17c5225ca82f,1,0
0x043e9f79bd440fbf2e1db8777978652be3b86e66,1,0
0x047e811be2618524dc49745ff70e1ae3339384f4,1,0
0x048530b7a8d86c1027ca1ec61f9570596c83ef11,1,0
0x04e2454755d7c42f95dfadf6f747e04657244b94,1,0
0x052cdf516ead79289edd99a96893fa9ab5030ff3,1,0
0x055a70dd4bcd23aed4664b5481e37f515b00a10b,1,0
0x055ee5a817d7e84e6cce205bad9f92ac3970de63,1,0
0x05851ee794701b49977f1c87986229a7ff885779,1,0
0x058b5beb2ca1cd9a1f2ce52ddbca8b2c4298542d,1,0
0x05aa7b78b3fec035731cccbdc61b6523ef3a090b,1,0
0x05c2974d048d90ec5bfa124b6369396727b900fd,1,0
0x05c453ea54bac3241c81240041b204650b2c14ec,1,0
0x064c7f4cc47df8073fabdf661d1835c6ff728a1b,1,0
0x06530b2a1ed373ba32404a398cca19b1e45c3208,1,0
0x0673373cd4b3039164f89af59e5fa7d744d5cc47,1,0
0x06763204f31870e95a69e901b4682c321e151a42,1,0
0x0679537e8b5ffa081f3d5ef88074491b466dd59a,1,0
0x06d1e0eb80c20def49166c1f64ff35e91883aee4,1,0
0x075b040fc64da6b05e056377327f6c707aafe738,1,0
0x077bc93ee82ad27c3f74031e2f6bca32bb06a92c,1,0
0x078c44d92ab34a0fe8896631c6ab558b666cc2a3,1,0
0x0791ec19cf7babb29242045950befbf0ef689cfd,1,0
0x07af4fd19f2265f05c9aa1a16e01f9c4ee2380fa,1,0
0x07b094ba748c7648f4d491e4cfa0006c8a4e4521,1,0
0x081c16929b42f36ca82b3a778a1865ee61ebedea,1,0
0x0850c6bd087621768eedc4f5505ee709509859f3,1,0
0x0860c0e025ba87fee6e6af283034e3ab9c0ef756,1,0
0x09467ed00c50734d15672c397fd35dc6dae96ad6,1,0
0x095b95dee7afdd47c5aef2d5d38f38ee94fdd0f7,1,0
0x098a67300b3ea57be03bc7fe7a54680e50676e93,1,0
0x09ca93ae6dd5986dd0d8992b5a8625834b9db8c2,1,0
0x09d8f446c0a426c58f1ed8ca680e8a882cbcef20,1,0
0x09fb37681d631060777be646fc6d170bc10c780f,1,0
0x09fea7b7af70a2ee98402d9e40b1d5b81d653d5e,1,0
0x0a675d37d872dc2a5cd6a55861b64c779c787fd4,1,0
0x0aca41a41ae1d2040b698d66906da41f2404aa81,1,0
0x0add1e640309f9699d7f30c5802bdbc136642d39,1,0
0x0b4e349ea41321039a34db0fae2f6e0874a6d490,1,0
0x0b6437cab96be594c2b84a9c969e0eab8ec6d695,1,0
0x0b6bcad84c7afd2090877e9d5961e70400a9474f,1,0
0x0b8c13d70a54ad1136626dccb5ed3fe3c436abf2,1,0
0x0be019783b9d2c0fa14165c82f22f0fbebd5410a,1,0
0x0c22ae589d4c99199cf7a86bce733a8d9f18cd39,1,0
0x0c4c43cb957c9b1d20041014b17efb70b6f9318c,1,0
0x0c8e7e0f054e60f0efdb7cf8effd5815061d32e1,1,0
0x0d098dc6dcd0b49096c27bd4487c4129df35abab,1,0
0x0d13c15d9dfff0be919e77894b1e702903bb18c0,1,0
0x0d14f5c9902250dde82ce628f0c66c670dac86f5,1,0
0x0d1938b718ad62603be5aa23bcd81aec6a364a1f,1,0
0x0d4ad306adea1168ffb1d7db219156dc31649d96,1,0
0x0d781d4327a3fc29bd01633bf09514a96a851b2a,1,0
0x0d980f6aed057049dfeb38905a651c70db549e34,1,0
0x0daf2622cef6241e4df8ace4feb32e888f2fc915,1,0
0x0db228081fa3ab56337662da8b2454ed672ae6ef,1,0
0x0db737ecec94934912171e05c01350451b54c6c5,1,0
0x0de101737fafd0eb7cf0c986a1fc66137f1ece6f,1,0
0x0e1b549ecbda4c7a2e29939f5b8cfb4bee1df85a,1,0
0x0e59bb67136a9729dff949d5392d0829425938a2,1,0
0x0e694412caac8c5aec6426f3dbb864191db5b9e2,1,0
0x0e9664a0e360158a368db830b21f3cf2c51e0d92,1,0
0x0edae5f48cf7666df1a404d02c520d3c129c0af3,1,0
0x0f6b826e644e8c2a7b1e95cc4e8d682a166126e8,1,0
0x0f864e9a446b57e04236317262ed56022bc50271,1,0
0x0fa3d37a21c1a24867b5744473756f60a5f6730e,1,0
0x0fda20d070194a2aa6fef7a18482bd5a59c9cda1,1,0
0x10330fe82ff4a97f48af47e19bc4f991ad54a3b5,1,0
0x1082e1c4a9c9f946ba102667a14f206c0f81e147,1,0
0x110722065b0c71949a3dd43ed9e23d3588fc9799,1,0
0x11106ebe0fe11eb600006ef2942b2349f9c87ab9,1,0
0x11292d96b816f82462126f5db8f43c313810db38,1,0
0x117b9078a49a310320893943be5c0d0d9702662f,1,0
0x118e17b405450bacf3925ab56d2c485f2ffd02af,1,0
0x11ba94633dc7815f8a524b4aeb7e351a315054ff,1,0
0x125c7ad25b7a9a409e41036915cd6c7486e601ff,1,0
0x126c5aefa3793b0e20e03ce409b701dc32f3b185,1,0
0x127bb7b32bc79d32bfbdc9614d12fd5658be8b81,1,0
0x12970029804a6c648ea0aead5810cffdc25cb1e0,1,0
0x12b8e4fcd2fb71a211f20c415c765314c9b6fccd,1,0
0x13054b7c6dd58816c94ed20a1471c46984dee160,1,0
0x133b2f8476af944c434454695313082215d5c4b3,1,0
0x135726be9f58b11ec1e2c75253644020ef33efa7,1,0
0x1361caa6c5518aae20930a071e06a4f282374141,1,0
0x136b62fc32afc2811fb478654ca70c349b6053b3,1,0
0x1390136b4d5a431d1c6499644cf18037df2f5148,1,0
0x139090943a9f64f0259bc7a1725d1102f2e1cedd,1,0
0x13921d2cdd9ebd90a17b301555345318b854e6ce,1,0
0x13b9beeeee30b925c7bd651e29dfe4b9825ed563,1,0
0x13ca73ecf8821efbf3265a7cbb6811263f440084,1,0
0x13fa8f8140a1f9004dd0f2b8161fe338e95cbb4c,1,0
0x13fc26809db5fb84fcb45a3008b0c33f182b3c22,1,0
0x140d6e49eeee05dbe4dd48628b3ae6f03f4f2975,1,0
0x140da86029940fc01451ca4df52853d94a7ddc7b,1,0
0x14344f581151dc748bca14773f415752be2164b4,1,0
0x1448f1f477494d4ae9c1aaa0f73698f32d54cecc,1,0
0x14566a9dfd0b2aa007a35b9c9b037ac3f2fc3902,1,0
0x1465d18dc8b1e50442586abc472b6f78fe214359,1,0
0x14727732d17989e60eeee578106fec9035dab51f,1,0
0x14b250c0aadc02f096de7f0e154b28fdfbcfaf81,1,0
0x14dd91a1d36c220005a422a2ce06d5275f37ce31,1,0
0x1510d4b7ba8cf8bf2b84748f71e3e7d806e1ee09,1,0
0x15198bc084d3c442666c6a60b2f3f35ea50d9893,1,0
0x153d940e0bf2239306c10cdcefb6611261bd5a87,1,0
0x1549b2707f0930c49ffdcc3965a37171538952aa,1,0
0x1551e08efe088cb1fad8b07af78875b3e3fa0f61,1,0
0x15e7befcf18d10563b1f4f5416c7163e879d9e19,1,0
0x15e9f779817ecce7af88afddd619cec80d790b44,1,0
0x16120881ebe37d73b27a5d3187d22e39330bf6a7,1,0
0x161324631c0fa0af5de534e43beb1de3ba90128a,1,0
0x166d257707351b438287b3bbc6bd4a37c4cf0b24,1,0
0x169b9117e9fd5a868b668de0bb2a798cf62687a9,1,0
0x16b3a9671e4c5b3567b5e4d330c79c42fde32a99,1,0
0x16c928993642469b99f727c8c9c20c713eec0fe6,1,0
0x16e216361d161618e4abce41efffb1002a9ec981,1,0
0x16f74706c205b1120283a76e03a69fb828583def,1,0
0x170a9eed9f746110337ba9e68ec6fb747eccd23d,1,0
0x173fb13561940ffa12111722dd5cd60b8f44ab77,1,0
0x17938c048abd322a7931ffadc65b1170859e5e48,1,0
0x17d518736ee9341dcdc0a2498e013d33cfcdd080,1,0
0x1800038c0787b67c6acc6f49d4eff3b03136b334,1,0
0x18100022860222ec8aeb6dcabceb516c1641483e,1,0
0x18c155f3b61757586d94fd7786e5d7993e93a3ba,1,0
0x18d7b5eab9f5f9134aa55dcc131f9088be151d64,1,0
0x18e3ee892ec022f6434b31e329b1748c7f8ccc26,1,0
0x18ef14e38fe6090666c072fdc43cbee338037095,1,0
0x18f6d63af8140339bb87fda1d772b65ce4c90598,1,0
0x19125e34336f85495fb968cc7b04304d2e7fd6e1,1,0
0x19478b94376e450acf26adb22422afae29131f61,1,0
0x194854c009fc6382b59fd256ec4f8f87644314c4,1,0
0x194c04b17c7e8d8a3f0e7746f87410d70d88b12e,1,0
0x19ae7273027ca441c1489b5d002babb996f89937,1,0
0x19b134465d91b830032fba53ad95e5759e6660b5,1,0
0x1a3edef1b770d05d1214d4899d5177a6a0756977,1,0
0x1a3f986d8ce8e50f6f20d22a27cb838a8abbb3cf,1,0
0x1a81f673f69fa249997a0ceafd1df4dffea7ba03,1,0
0x1a8749fa22082ba9fd4cab3957960427201f6f60,1,0
0x1a8e34b2e2d3ef577f743bb318c11f8fa35bcee8,1,0
0x1a9c28f602094ca03abe47e30bc9316b09305318,1,0
0x1aaa60a0f2ecb11314ed300b36d93628fa390f64,1,0
0x1aab48aaadf17218d72d90eb2006a8b795b50d70,1,0
0x1ae015ecb7284f1092bfae47bc2c3b6264889306,1,0
0x1aebd6830c4d5f813398be3dfdf990935a9afbf7,1,0
0x1af99524d88422fc9461e744962de137846de509,1,0
0x1b24483ce0c7058d25cdf91d037f5f63f6f8fdab,1,0
0x1b87e78c4eaca2859661bd9008e4f027bab72248,1,0
0x1bbb8a1568deb62e41c5d16579aa0f9c74ca0530,1,0
0x1c01afd6a37841847aa4d2c5ef1eeaea046915a6,1,0
0x1c1372e086bcab78dc174637cd637a877e878f06,1,0
0x1c3e233cbcacf81e621c3c8dbc36e64fd33eefa8,1,0
0x1c8ce0e298c0debbae7a56d6a8c13d9be0433f7a,1,0
0x1c96274b432ace50af81e835b47a1ac106181cae,1,0
0x1ca0409c63b7ec47147482d3c1641fd756b8d786,1,0
0x1ca11e3f05da0169e27f937b13787250ac8045e1,1,0
0x1ca89570b6b18c8172d3832d810550a606eaac27,1,0
0x1ce22ed6b24db82e5fa17c2288fed3b3d9e93680,1,0
0x1d0ef40847639fcb0b4562a6014c332efe717805,1,0
0x1d3ee28ced5316137ddc0de1bf7b6f22f189386e,1,0
0x1d5413ce9eb0561259988c9649f299e3ea36863d,1,0
0x1d7f2476df3b1f0c2b4c128dc0dea336072ced19,1,0
0x1d8e3d80a8ba213fc3adf8bbde37694f0d4e4f7f,1,0
0x1db9e5b827d4503bb59ad7a3b74ac2f499d53be5,1,0
0x1dff05dd5fc1b583332af0c2a6280b98df263c5b,1,0
0x1e1a02c824e47ca0c039162af089b67fa47c108c,1,0
0x1e5049b50ea4acb79d1a73a8e613132f33cffcd7,1,0
0x1ecde6996071f3b4607d1e65fe553d64760aac65,1,0
0x1f500d84c7690236b1bdb917e32f5b825a6b1c60,1,0
0x1f509339ea258960a77908a04754718d4caaedb1,1,0
0x1f60a5db7d24172d658ecbcd4e92f08b1ecd484a,1,0
0x1f8af0ee1755a5a101b20117d777713b92092ad6,1,0
0x20767ea2ee1c2142a9f47140364ae0f9a9c75bb7,1,0
0x20b320586c5b2c57258580ecba7d7dfd213332d2,1,0
0x20db7bf58640ca172a1b358fa2756601596939ad,1,0
0x21247915b68e32526374279d3d5ed8a879c5cb8c,1,0
0x212b06ee3afaab82c8d1efd2177845f2fa3d6e49,1,0
0x213319441f469262f7f7d2c9d4e766eb5c8f3741,1,0
0x2194d55cb8856a3ef07f25dc0f70b8ae601863a1,1,0
0x219bc03a1b6d123ca25244147fda9df3f78bed81,1,0
0x21c4a2eb293ec06a81560d00766b03edadc7101c,1,0
0x21ccc86da3cf3f12425a2b243d3957e3f756e2d0,1,0
0x21ff686825b2612286af65669a2ac41f552f5018,1,0
0x226ba62dc9148e60aaf757fa2b327be8dce1ca95,1,0
0x226ec9b17b1a2d63a43a8c057decbbb346147735,1,0
0x227cb041cc58b4dffa9f6899abc540e29f6d769e,1,0
0x22b1662ecd014bbf199929549ddc843555f367bd,1,0
0x22d53ea3e5ae09c7550f6ec2fe6aeee53039125f,1,0
0x22f6e173ee638eac5ef235a750990e049b9cc62a,1,0
0x2346617f13590546372364290a703b162977f770,1,0
0x2442ec1ab90b6faad424999bc6e15fb419b44fe7,1,0
0x2490d37c48d7d420ef535fc26475d523a616957c,1,0
0x24973426c51b9deac9779ff189d64f382ba1a64e,1,0
0x24a0fbc1230f2bf1e5aefcd38065e500c2bfa32a,1,0
0x24a4f07832ae6b87eb9ab06d04bdd859cb7f4783,1,0
0x24c5b9c8ee379932233d03de2cea4e9947e9d522,1,0
0x259e378ce105da83ed8d26784eb39afcc104e135,1,0
0x25b1b109b5483b8910219e69c59a0c6e233e771c,1,0
0x25bcaa146bf2a079adc7c77c684e161bfef7d9fa,1,0
0x25dc04e518d2c6e3c758c8485c4a407cf75a56ae,1,0
0x2618df945e35590fa06db7417469b7c30e12905f,1,0
0x266da17b4e4c3fdb8b3518e3a7d43e45f1abf4cc,1,0
0x268904c9e8ec37ddcac2dee4af8bfdeeff891bef,1,0
0x269b6a022cd201cb7a3b8d0bba523e5bba80800b,1,0
0x26a67755fad6708275dc54d3d1763ac5ceacf7ee,1,0
0x26da5231608c02584c4ebe6c7aa27b4870167f05,1,0
0x2743aa5929c1c5d442639a0f323260ac629a32cb,1,0
0x274c59730670cfa61cc48fadfc3efd96c1330d14,1,0
0x2758f6929c3a480b4405799297c9825c663c92b5,1,0
0x27784280396d649a7687de5c91b4d940cc0df096,1,0
0x27878fbbff128c75901162266f10a4ef9ace51a4,1,0
0x278e3e5c3dc587e17544229375a689cae18c1a59,1,0
0x27983be2ce1c5af7cc7e01b385964d1254fa3875,1,0
0x27b5c67caa731397fc9b90f1e6e3e62c876a4d3e,1,0
0x27bd053afa71c286c024be7b468921c8672724d8,1,0
0x28745bbe49186e5605fbcd9bffe6b11db25d9cd4,1,0
0x2886f15c5893ad912b5905356c40c81a4bc3cdd7,1,0
0x28c86455e538e39b1c131823d126d562f1153016,1,0
0x2998408dbc8770f964e306e6a0617ad2793f47cb,1,0
0x2a124b7a9bd642e3d8c05a3e0bee60e37f2ea091,1,0
0x2a29779de5456cd753707a2f5d213a10f42394c1,1,0
0x2a3c95534d6cf0162bdd2ac834f1e8f4e7c4e264,1,0
0x2a402a12723457ce8243a70b63f745c462bd11f9,1,0
0x2a454d832892b168248c39f259dd271fe56a853d,1,0
0x2aa206839f4141969401d0a323c36ab262ee5976,1,0
0x2aafba1d57813c0c0fa9cc4834b10b82f3492dce,1,0
0x2abf8aee1adc6943024a0787008c034592447ebc,1,0
0x2b5c0109cf9e4ac90f4b7c13f96b42737ab5c73c,1,0
0x2b6dc9b3364f1b3e0084594f26c45a4e9654df7e,1,0
0x2b9ef102a1e6aefc16881367e0bcacf1aab1a28f,1,0
0x2bafee679bf11c9a6e0a056a799ed8336d8d1c07,1,0
0x2bdcc8573e0fe3be8c08a2f044e8faaa9b419394,1,0
0x2c32c167ac5205618d831e83517571955f31ead8,1,0
0x2c77ddea6f2c5226e265e8df48f2393997ec523f,1,0
0x2c8206aa4b8139268454ec6b1412339ca53db38b,1,0
0x2c9220891b14f0b07d75de87bbf345a418e149d8,1,0
0x2cc5c3230ce768d386cdc0e68ed9c7065d92374a,1,0
0x2cd8dff0cde9a9f5fe1be410f7006596f3f2a74b,1,0
0x2ceb8cb645e0ab81832d48575268b76c75428815,1,0
0x2cf051564467058fc697e0838b9c2fc193481d76,1,0
0x2d0c28fb1812c3f6df5da7388affff5a9536cd93,1,0
0x2d59b7582e3562bff6d22d5dc40feb69a0728cfa,1,0
0x2d6eba89ba4acb47feeee18dbe826865e2689e66,1,0
0x2dc203ab1b36e431c4c6ba576c3c430d99a65f84,1,0
0x2def6f81fd18c041adee52579f7d557aea6d1f35,1,0
0x2e59009beacc34316653578043d714559a7153bc,1,0
0x2e6908592c64b16236fe4109db477865a4639b3f,1,0
0x2edf53ab0af4f6204894db5db1514eba6f66e1db,1,0
0x2f024b2d897a10aba105b9b0126fb86071db31a8,1,0
0x2f0dd459692ce334268b55443ff53c0c43a245ec,1,0
0x2f246e1eaa9ee7b5f9254cc88f0fe7fa3e457be0,1,0
0x2f33f202a258ee6c7b153a46f1eb68b613f5e854,1,0
0x2fc294db824ba166e4164d0149e94f2e92020918,1,0
0x304eeb42853d42795e636ae1c48366817467fe36,1,0
0x305f2723963110f83299d22f0b7b1482d0cf4277,1,0
0x3111d144cd3be01fa129090ceddf1b89f5213549,1,0
0x31aaf032aade98a7fad935f8590b9c642427fd91,1,0
0x31ba76f2b5da6e7c6cb8a7f0c1c5f5f5a71a4f96,1,0
0x31e273ccc99b5c17c8e6ce448102b6066d51cd37,1,0
0x31fda758fcedffd331feab585b0d209c00a99188,1,0
0x3201ba477d3c7813cf116e652d60a41bc5b79815,1,0
0x320f7673afe5b9c8f163d29ec352ff6c07db510f,1,0
0x327b12670a7a6ae9f51bac84beddf6b8c744b24d,1,0
0x327bfed9c58be9e84017d0af329a551a051f9332,1,0
0x32a1a734b2edcbddcff0b575189431b51f02e79a,1,0
0x32b3a4303a32c889d24d0afc2aada99c5bb19ffb,1,0
0x32e3de845d25e7d493cc32cf1af5be55becadf88,1,0
0x32ff2ce9418f1d87155e7beeb38023ae68e9e7ec,1,0
0x3344003ae230fd48248f7a30571128306a41ee8f,1,0
0x3378b0c4281cfaea85090975b50a803444e7d77b,1,0
0x337b17597275d1655691ec0b6f851d02be54de79,1,0
0x337e71ed5db693e6c0889dfb67ff3722e36542e6,1,0
0x338362e64bac5d5deda53024daffc88cb25d1b5d,1,0
0x3396a212719ed155dde3d3c3af9bcf45f7d3bf58,1,0
0x33cc14e062c7a45798412326078c0f460b8388d6,1,0
0x345332d808cf9352c2b1271828eb7e823e64a71b,1,0
0x34698dd9b5699900d877548704a43fc64f456e40,1,0
0x34aae5273064bb5c720ba6f6067dd4f3e6b7ebc2,1,0
0x34bfae4c64131322676d37ebbdcc64f092d62cfb,1,0
0x34eb042f7dc6d0a2bf95d14e83ffd245580e82c9,1,0
0x351c81986a9d4c9afdf625a52c4fa162a27d542f,1,0
0x355931cfd2497576cb54d343b64cd4a3820269bf,1,0
0x355c5d1501a3075b1e109ec7ce7c9b2406739b29,1,0
0x358e64bcd54687996b878970c2aa6af9b1187fe6,1,0
0x359abb1b695baafb3df682035ab1c70bfdcaa9ee,1,0
0x35adf07d610b653d3694520471a01d7522566d27,1,0
0x35b7eeb51a3f43bfaffc36296359136f30670552,1,0
0x35f0d2e28357312c3c4cee97edf926a4651365cd,1,0
0x35fa3bb28ae4e5b3fe51b55fc245ad583a00c246,1,0
0x361cf830af86174930b6bbe042829fc91059cddb,1,0
0x3640add6712afc41ac5c6ffe30ddf526cac235db,1,0
0x36426c77f044d21d4d620b9b27d9c3da2cfbb0fc,1,0
0x3680ba61ada1cb1fd05e77186d2fa405071888f1,1,0
0x36f8a795a1e666c839292d971851bb2f68599c0f,1,0
0x37108375550b7eb9376f4df1b644b950649a2185,1,0
0x372bd88bd7fc79f6ba11c553107a75417110f5ad,1,0
0x37403db50e79631838cebe89a62fe2b34c31c184,1,0
0x375d5fd8a3ff76c8b217d44be3979a653df27bd9,1,0
0x38062f5c5075f2e29e41e0b3a5ac7c7ff1f8947a,1,0
0x382d140915896a08e7ecb7faddfa0ed759747d25,1,0
0x386637cb67e2c1cafe255588a9f0723c33c00918,1,0
0x388447ae28cfefd4f94e6797fc9c470caaea5325,1,0
0x38ddff5444d58b78e8179466cb7eb1ff0efa839f,1,0
0x38fb53f1d7755c29d0f12769168e6d6d63c704f1,1,0
0x391d556332a652f5f4f44d8459d039476b2188a1,1,0
0x392fc5ccb0cdf45c67825cc83b4ee092c785ce56,1,0
0x3962d3be493a0630e730105c1db8f8e7cdd52bac,1,0
0x398fd9ed44d6581d1896cea9502dae7055e36a22,1,0
0x3996bd5bd26e565bbcea9608af6ff5bbb1a66471,1,0
0x399a10b98c57d8e32041daafbc0d0dad667c59ff,1,0
0x39d0b67785ffe7eeb2956438672e0e5349a7e892,1,0
0x3a0af22f7fbe21856888213737d43a0c66ed10c0,1,0
0x3a20ba3678c5c40f7cd48eb373ff8a501d170534,1,0
0x3a368d222490e9d0cd7da46088c88131b33d7a83,1,0
0x3a5c49306215c6e4ba028f750ed51269e52764b6,1,0
0x3ad3480f7f975c8d14ee644ae6c044ded51fa1cc,1,0
0x3ae75891f8251f1b86fd2a85cf49b87b7bd0dbd8,1,0
0x3b3f41735ccf7ccad85ae830f6376b6b4857f114,1,0
0x3b6c3a56f2a8ccb75049dbd98b5be146bf3ca1c8,1,0
0x3ba904051e57e8b88cf95d255cc58cf7c78e4751,1,0
0x3bad3d8fa7bc73f0d45daedaca4714ed1d2cc772,1,0
0x3bb6921e6608714e391182ba8231539dbec11d04,1,0
0x3bf10a83feff2dfe277fe4264e056df643058b09,1,0
0x3c4e589a9921a48bf5861c440c40a4d7a5c828eb,1,0
0x3c4f7ebd6723e2b2ed9f611535dfee7c6df31c9c,1,0
0x3c930ce6baeecae5d69a6fb05d554219e0fc645b,1,0
0x3cbece452b4caa83bd57375b8d0661d3f45276d7,1,0
0x3ce5472851699b3fd797177751e57af1db600d8c,1,0
0x3cf1bb642ce4480744f20044c163e934b39e40da,1,0
0x3cf410930b3e453f83004f52f60cbd4f1589b48f,1,0
0x3d17e56b8a0ebc2ce4bd7a961438380bb4cb63ad,1,0
0x3df96cf5710a34ccd0b94f1b8ae560af34d789a2,1,0
0x3e1e0e6f5040dd7c81e210095539412c6c264433,1,0
0x3e2a5dbaf53d982e5b73fa8e931d07bc25eecc56,1,0
0x3ee52121724b97cea64099380c192ce8e2abc110,1,0
0x3f0bd8515e45c12ea2f679c7b36af74a1fbc4187,1,0
0x3f13da170a257ba2c2acbd614cd580a96ac4c0e3,1,0
0x3f99c674e0d76c77d4a90a520c9055ca81c39d1d,1,0
0x400c20407e5447a479308bce14ce05edc41a995b,1,0
0x4038c5a3a6b1720f215ee1ccf49a1db17aa4127c,1,0
0x403a68cb5854b6af82d3297bee612f9b42ad6799,1,0
0x404dc81bb1166d0807de36db8fd7ead9ccfee361,1,0
0x40810d48af5461aab7b181a9cd0e28bea617d1b7,1,0
0x40d97a7951d71e7ee035fa320830cec8a8a305b1,1,0
0x412077150fbe78b9b2dff2305968f4dfd48f090c,1,0
0x41239cc4fa1c65a7b4d1bceb3933969e76107620,1,0
0x4240fa6e9962da97e31b151ceeb38a8fb6b161ff,1,0
0x4252465288f279c23194efc3edc935d79a88211f,1,0
0x4269e64039ef69b538088966925eaffd351e7afb,1,0
0x42ca834d087b4ac907726c354f9c6d7f1dea908e,1,0
0x43c78ae9e306b9c2fedfca6de81ff16d08022b9b,1,0
0x43e3ddc915462a06cdf1e451b8a67ba11b74795e,1,0
0x43fead06bfd7f3c45ef3314eb494b413d3b185b2,1,0
0x4422bc750ca58c7642b04cce164efca71be51152,1,0
0x4426f66628e02299932c49c4685f4a50a5f8666c,1,0
0x443d3ccb8c504b6e0387d60eb786a71fd234a893,1,0
0x44763ad03dd4048feb685f12ecccb4808a0358c2,1,0
0x44810733bf32cb1f1f7375791440bc840987f9f3,1,0
0x44a8bc9e0e4632bb7b7cfffdc92d5b60a0a0852a,1,0
0x44b7489732a1be74a3c9dbaa98a1a183f3adfb3f,1,0
0x44c10327b11d5eb602e16ea99efd3848206a662f,1,0
0x44cd8ae64d5fc8c3abd68bef6ab4a16a4fb139b4,1,0
0x44dbcf7bf0ddc50fbdff46e4731ed091a6d6acbe,1,0
0x450c4e566871a7ee86e35306a1adb131111869d0,1,0
0x457bac1693f85b066464b7149c47ea40f4931dab,1,0
0x45a86a830ab2bdb491ff22431fddfdb28778c2e3,1,0
0x45af02b2daac2fdc4f1b68ad3a72e120881843a7,1,0
0x45b933714e225136a3dadfabd1b4a8dac0d46224,1,0
0x4626a109c14d833e6ff5fa6a76e56df1f15b86ce,1,0
0x463edff875a45a8d813db574e5cab35282d3defc,1,0
0x46ab6677a1231b51291f7d5af0f82e6ccf35510c,1,0
0x46ca7604a4d82a34c1c21bd074206d0258a104fd,1,0
0x46e1406f41aca80b0ce13a1c2f7a28e649ceb6b5,1,0
0x47369a2e145e94551ddbd94bfa1ec37fb72eb269,1,0
0x479f08d5b94ed1edaf019034cce2902d91901ed8,1,0
0x47b84105c48294a99d8e8634bb3ccfbbbb5a9eb4,1,0
0x47ea9ed2c8573841b019be0741faa58e3981cf5a,1,0
0x47ead35beed6619525f4b9b9b88582cf8565eceb,1,0
0x48223032b03037eb317c390ea0707d12a5cec55a,1,0
0x483970af3cca462a7b43cdae93563c1736562c07,1,0
0x484ff5a8cebe55036b80f58bacd68a57f4eed98e,1,0
0x486a3fa9c0dcbd50c92e9faba142899f1872519e,1,0
0x4892ea2d7c78c570486dd50e43b6eb498d5f1075,1,0
0x48a8a02daab1802aa36b06542675d87e1b28d729,1,0
0x48d0390746f158158f5880717cf98fe0999558f2,1,0
0x48ef30623568340ce9bad6f470f82cc02dcbc08f,1,0
0x48ef8fd5f875a02a689b57f1f155a7ab41dc1a72,1,0
0x492897c722d8efc9b9a2fbadeb7fefff0e478229,1,0
0x492952e36a069fd18440c808024eb6eda736c3c7,1,0
0x49715b66ee783473441791f5178ffc59da1b1414,1,0
0x498cab2cb89f283a16468bb9b0cbdef70efad186,1,0
0x49bdcb53fdad1b888b9e75884d4ad20c0e764fa2,1,0
0x49c2a323aa36660611bd81d8326cd5ee34e3cfe0,1,0
0x49c4eba6756f0d9be037a83762c8ab500405c6e5,1,0
0x4a431d1abab895c9c51f65c5cba011e9a7a5bc33,1,0
0x4a4487e81b806b7550b46d5e12baf26c4dcb8279,1,0
0x4ab96067c0848853c428eba7db682f34ba7823b3,1,0
0x4af722a73c61c12caf144d946fb29e5e5093dc35,1,0
0x4b139acedfebc43045851dfd531e5e928e8c415f,1,0
0x4b142701ae036fa400b4ffae89a9a6e9ec6c2f25,1,0
0x4b15e7d0eba14497af84bc8f75b2a7f9aa2fba50,1,0
0x4b18fe2791eb91dcc990386a356ec164933969c9,1,0
0x4b45a1ed6a6dcf0a53ece8ec62e522da4f435fdd,1,0
0x4c0de746c29125b788e8a0ef11fef2794e31e524,1,0
0x4c57c41bc9b339e6197982fa8e38f6f5482f6a83,1,0
0x4c598648f55ab2a0a231bed8b4b311f7e37aeda6,1,0
0x4c5cca94923be89c10c858474c0fe1ad81602a85,1,0
0x4c8242e1f722953b1ab275ee746aebe10857a8cd,1,0
0x4ca862bc519139a94b562e069c00012fb604cde1,1,0
0x4cd8dbe11b619f6f4715ba3b7ea6d549526c03a2,1,0
0x4ce84c0d68d8c71584c14df9dbc1dc5eb0f5c97e,1,0
0x4d4025858175850aa10fc228d06c4c3ac765d25f,1,0
0x4d6650c3529d06d2eab9426ae9e85f729814b1f8,1,0
0x4d785e498c9d5b3f6e99edb01866557082c8f6c3,1,0
0x4d7edfb4707c1ec139b97826dd1e188c22447ae1,1,0
0x4d97c4974ad2d1eb53de136686602b790b3677e9,1,0
0x4db7e0b96f18a6b13e531ef341b956664513cbb5,1,0
0x4dd88dc6a44a500ae2d0e9cf51b92f08f24ae802,1,0
0x4ddbe53bffcb118fd92c70815f984230a0926613,1,0
0x4deb4e369e76b1a82741091a27a5ccad41d70615,1,0
0x4df958df0aaa3e861b15b494015bef446deea678,1,0
0x4e17de39788dde7704bec150b46f21a51045697d,1,0
0x4e52ecc0f2fceb754774b1e0b45acfe0ee9bca75,1,0
0x4e53603b987acaa5ce9c0374ad8c6176318b7fef,1,0
0x4e5d4b291b7cd29434f5f5e301074a54dbf3a6ee,1,0
0x4e6917402bfa68be2f8ae1818f33d1906481629f,1,0
0x4e7192fed205348938284ae97e8056dd8ce4519e,1,0
0x4eb0e04bfd3c32796b8ca88c216ef512a7ca2b33,1,0
0x4ebc53744225e74816055cafef0ae882b365780a,1,0
0x4ec23537dc4403b7bebf773c98163ea463e104d6,1,0
0x4ef878dfed8d83cde4425deff202a6c5724a167e,1,0
0x4f5f1f209269e91dfc8b5ee31a55525e71a2dabb,1,0
0x4f8807ea30bf593622a25715daeaa80b1b9e1d05,1,0
0x4f93aca8c6f910066bf361009f942ffed76944f7,1,0
0x4fb5a730196c93508028790779bef23d39d03e80,1,0
0x4fe0942f1e438466dd263c516d58cde8547a8c06,1,0
0x50416cb53155834b7bf1708bd467acca669702f8,1,0
0x50bf78d1e37f52dc68445f6e634a5dd4cff147e8,1,0
0x50d087c856930ccbb778afc475ac99d57083387e,1,0
0x50e49dd155df9d0f29fa227c5d1a1b20c6592f0b,1,0
0x511dc8215605ba38342321f3cc209fe4d9601bc8,1,0
0x514c7f5a78f778fe68429316e9dace3d4e2633b7,1,0
0x514e84986c09ca52661eee5ec8a3e6b645c54388,1,0
0x51698a4e08abf88c51116eb227633fd5ab9be804,1,0
0x516da99fe62ea83b3d80fd368231c87895b7c97a,1,0
0x51d65a93a79acd67da7be155d442b65eb487f5f4,1,0
0x51d822f90d2c74a34d748e9384803fb5a06bfe18,1,0
0x51e6d0ed5bb0e3c8007e2748beeefa3eb54a6669,1,0
0x51fe92073ccd8aa707296c6fc07815abe7b7e4a1,1,0
0x52001eea41a82eb5f38e6ed9aefb7d39507af58a,1,0
0x52aac9e83a3793f327942ac6541c7161cec14360,1,0
0x52b5ab42f4d3eba406719cae0e806bab568b9469,1,0
0x52c36a6ea28ff827b6e66bdcc4c8649ab0fe4bfe,1,0
0x52e244fdf08bd3ddf7ea9aa9c54b580a68b476af,1,0
0x52e70c3bac2880d5c73fdb53834ab085e9ce47b3,1,0
0x530000241e520f8714b9ac0cbd6ba011756baec6,1,0
0x5305f7bcbb42822702d0427e0e5ca0abdbe789f1,1,0
0x530ab5266d693db681420a140771c352b5bfb9ca,1,0
0x532a11a5734497874a7f8d660c75e82726098943,1,0
0x53668276e44153bf6384f4c420c6018c1ae58e57,1,0
0x53788bcb8d422eaefff896d21546d269313928d5,1,0
0x5381f3dd7e162047c1384acc33a6c617b8d0b52b,1,0
0x5447bc92ed7ec2475b208e3884b6d67e3b1f66a0,1,0
0x548e70dde4dd98a39efaa882f1ce46d0c0cc2c3e,1,0
0x54b15bf4d25d6116d594ef697ac0535b4f66c90d,1,0
0x551c5a57f6a8b325782cbc5b83f04c3935124523,1,0
0x55288db94d43ba50863ee9c67399396aa4b97e92,1,0
0x5528b814b4cc6ee4e3d0466d2172e75b17249b37,1,0
0x55a77770fbb3fb0f74e16790a6d30986a40d3095,1,0
0x55aa20c26fa687f738c68ab3c6dfadff99efbefb,1,0
0x56007d5637acb2cff284c8bc4848cde4bf4e69b7,1,0
0x562571c71c59a59e5a7c84d5b65c7028d57d0a3b,1,0
0x565ae8a793f9fcae9233c341dd44f4ac692d6971,1,0
0x568ddeac4ca7ac5b8b8d67caefbf5bd5b033dcca,1,0
0x5699861cd0aa7caed4d33306854ece46653d41ec,1,0
0x56b3a43c46c7551c478fa1a89b5679c9b5c4adfc,1,0
0x56bad918322d14064dbcbaf6dd56f2e4b3577730,1,0
0x56dca7b8483a826de1f4054ecf600ad00d48b3a5,1,0
0x56dcd7432283ae6d8e3dcefd1e38ea12311b4ba3,1,0
0x56eb04cecbc63c282b8cf3408e5c1e7bd1bf10ff,1,0
0x570fbfb6334f4e7b2f1813f4bedee4f485844f54,1,0
0x5746c84a6be95dbd00442a8cfabc8d6c72d839ec,1,0
0x574b2c9535eaf387f4ae5400ba2e28e9cc272860,1,0
0x577da078cde7754b1acd86e75767ae7cb3d450c4,1,0
0x57ad3208f5d558468dba33b6354ec64edad0231c,1,0
0x57be26fe7a6d83785835fa81689e9114348d0165,1,0
0x587fe0498584ffc61778949becd8454743750dad,1,0
0x58a450a81d747355100743770d87a3714a7cec03,1,0
0x58b15a1185e136a7111394223f97646a396c9055,1,0
0x58f6100b10aff2f4850ae2f277bdb357476de8a7,1,0
0x58fdf326a73a279cbb4c8e4c30831183e7a8c740,1,0
0x59ffcd0a4ec39c85120abdaa0004f028c933e141,1,0
0x5a6981b68b37cb794cc6a3c4f61dbe297a953c84,1,0
0x5ad4c2419c7c557f7b4aa76e3d9f3e3502cd21c1,1,0
0x5af196dc02c785b5ddc8b39cafc47be775494526,1,0
0x5b0d63b78e2a0d40f4d4b63fc4f3931f9b4b5139,1,0
0x5b1d63e61d372f5c4b184f186ffe962329e99d0b,1,0
0x5b1e5866e74d9268b7efa73b640b59e217fd0cec,1,0
0x5b4da0032c4d048cdcda2fecd3c334883bd227ef,1,0
0x5b5b174827aecf33882b502b160a75d9af5e986e,1,0
0x5b67f11e7f4259d8407ad52ff36256db93c0f126,1,0
0x5bab6c73a08ecee96ef617c77ad10a9e1a8ad1fb,1,0
0x5bb35886f7ec42c9873b2836d2dff00bb06fad45,1,0
0x5c35454a69c440b1b3ea9cc128f51b5959ab47ab,1,0
0x5c4d0e2c333851d98e0386b26d7252e46a6bdcd7,1,0
0x5c5029d4f511894406dfff8fe71c722ef958ad36,1,0
0x5cf6b4fa49bb100ebd5bf3da923ac4fe3622e0a5,1,0
0x5d093dc86c31152cae184a8505ee8347a39c1871,1,0
0x5d4776c092d5bae1f0f1179193ba5a959f76ce9c,1,0
0x5d63c31d99e5ce6419ddf59ae93866fca252b46d,1,0
0x5db1bc8036db31365653ba16a346fd7d45055a77,1,0
0x5dc68e37f9bcf63f85e490ed92efc166c44af87a,1,0
0x5e0de38c0e5633d66ccf54b13c6cedba5a4197b6,1,0
0x5e6159090ff5fe8165b0d11368b46ebbc79fd597,1,0
0x5e72ef1c4c9590eead1c154de5598b8ed1925b7a,1,0
0x5ea3f40c0e8c870877999682915853463c038eb5,1,0
0x5eb476bfd8c1a9ba7a9663543a6686193b42600c,1,0
0x5ebd5d1b00e28e9235e40439ead0f69df662cec9,1,0
0x5faef4a724f460102d0b9bb7f80fda132bc2c06c,1,0
0x5fc25a69bda7d39bf387d8db2b5e0e5ea4f1b9df,1,0
0x5fe3b2b7720ac404796d8bee449e45871d88575d,1,0
0x5ffb24fafd918bb0956081ac8c251c6970ab247a,1,0
0x6024b7feb61a732a8b93aa17de626b569dd2b8b4,1,0
0x6025dcdb5891084123072e77518496f7ece4d530,1,0
0x6035158ea3dda7309259b3f8af368bebb62d8c52,1,0
0x60bee18b17fa940f80d2bfdb02ad90f95be1dbe3,1,0
0x6102acb7961d1acc1aeab19195f197c7fe78bc3d,1,0
0x6117a8d22074b0873c0a7ffdd494a7784694d0d0,1,0
0x615b7f22995b36c6dbfdeab70e54a8986eb27ebf,1,0
0x61e00d0b121c8df483d4d64ab39d3a6bff411c72,1,0
0x61fa702d1aa671c7e5459813513c145d89ab3139,1,0
0x624f4f15361a945e0a5afe71e5e0c0d364bbda7b,1,0
0x62991c0278a536f0ccf88eed8e7766c0a44f1f23,1,0
0x62a0c68bd7a2c4d0298b6a56f9e6dacd2cafda86,1,0
0x6370995c4b5aa4e664a6671ca9a10f5f90c61f90,1,0
0x639002f93d579f71f7ec7d17e1840136b4cfc319,1,0
0x63c5aa0347d9657ae0d09d7020e87a29fa371215,1,0
0x63de7ea248f25dc82cd612b556ce338b9286653d,1,0
0x63f20df420af1538e8dbd60e975bf1e4d679cd98,1,0
0x6418a36c45b9ac46452784d0d70fe57a9ee2727c,1,0
0x647d72eeef78037bd5f31db45e518584fadcda0c,1,0
0x6520542b568b310b03e93ad22180d6c8ce819020,1,0
0x654ba18c46066aa6aaf4b51502893a8b4b1a4a80,1,0
0x656b6f857ac372f207d59d1e6880cb97663fada1,1,0
0x666b714ef7cbee77e9ee20133daf44579b54cfc0,1,0
0x6674f6b8a4afad470509663c35939a669b3ebc21,1,0
0x66934c7262e8967a3a406910ae6d28aed346b0c9,1,0
0x6769bbd27da282fe5cf4451bc58c5f3a65cb5bbd,1,0
0x677379aa424a25bed2c682204c5eef74ec862be6,1,0
0x67d517ae2cb483fd863e484a413c3e3c08e62acd,1,0
0x67f21ed3024e7b3669ba5ea1dda5db9980f07898,1,0
0x68056cd6b259b1480f55c289d38db2097b0cb3dd,1,0
0x684db5e9644f2b969f116d2c42d4d548a71f579c,1,0
0x6858a1e8a94d94349ff7d3bdbc15512972b5aaaf,1,0
0x685b550b12fefc6ad0073ebe1b1fd5e2ef9ffe32,1,0
0x686c11b651ca3979b579f21d28a6c4db5b0cd307,1,0
0x68c0a0291740412c1aa10a12a381b3bf1a9a63f0,1,0
0x68d01da9e62d71ecca52fe16e8d93534e117eaef,1,0
0x68d8c5324fb9d9bf31777fae9b818e4c774a7d2b,1,0
0x68ed63b386cbfc29a599cb94d8fad452b861a0fd,1,0
0x68fa46b6d85d29e3202f258c676c0d5928bfe882,1,0
0x68fe48db49be79432ea2b042dee5491dfb91c146,1,0
0x690b9c24119323d4544ce25b338a8b18e3294f1f,1,0
0x695afa3be98c868056f27e1da643d629ec2848c6,1,0
0x698f3ffa48a1b55b0cf9bd9c439dadfee6540b92,1,0
0x69ddbec69bea90d144ce302e9c9d84a7ab40d5b8,1,0
0x6a53da44f9295551830a109fdf879ded48f0d8e1,1,0
0x6af5985cf5e0e0ce9464b5866aefaebace676b5f,1,0
0x6b19ce896d10a81d82098edb6aa8d0771122f0ec,1,0
0x6b21e7a7f3463c526ebb5a6e925b6e6ac9e57b73,1,0
0x6b34ad3e8ba93ef29a4ae8474971d8445a06aa46,1,0
0x6b5279987afff6bce63b7308071476b7c0a35295,1,0
0x6be0a087abe1764e5974da2c93ace05d323adfc9,1,0
0x6c2ba4fc140ec1584b83309498039cb34bacee6d,1,0
0x6c669d6b435e7a63991e4c449e178808bf96ead9,1,0
0x6c9579869889edfbc480113f0e86b36a2ef83796,1,0
0x6ca9001e2295a6852670076ddaaeb0a3c38ce31f,1,0
0x6cad4cecdefa15eba2192dd087410c5331d794c6,1,0
0x6cc0618d34250ee132c4ea4b003b66603c8298d8,1,0
0x6cca61aec94b78f8e1e1f373373e6272dcb103ac,1,0
0x6cde755d789e27a66dcdfba0647e5efd550a9917,1,0
0x6d51ee8487af1bb7f6195eee3de111557affd6d7,1,0
0x6d9eb6c99445ac37411765be615ba4c6d63d7000,1,0
0x6da691264088e6b19654fa900e4e4ee1e7e9a9a5,1,0
0x6dfb0d90de382a7bb554c52e7e41c1b3771a9bd3,1,0
0x6e044badc249a623cc0b739e7d43fbfcf1485c6b,1,0
0x6e4b1e5228557583e2ab8e9883e40c6d1f0d77ef,1,0
0x6e8f5f67e1b19a7ab76f2c67c2cc944897e6d63e,1,0
0x6ea797c75b15d337908790a2f13903f5a31663ac,1,0
0x6eaa4afc34b56a8c4a0735f3b0c089e8675b42b0,1,0
0x6ec89b88793161624c48d08b3dee6a2e5c485646,1,0
0x6ee424ae8754a1eb13b210fa89dc2c055bfcc293,1,0
0x6eedbe7679a41f41ecc6e5cbd1a7e208133719ef,1,0
0x6f37d07bb9ff4908f0f48b9c40ca792cb2a8af2a,1,0
0x6f6760975cfc414651b9143d69035e4730bc348f,1,0
0x6f765cb0b942503ac63617be7f11b1fe704b7ec9,1,0
0x6f94017d20d2dafc2b22bcfc6039f94d533a90db,1,0
0x6fb0bea07d6089839cad23a5bf53ded593b9e80f,1,0
0x6fb65e9cb6107226ab4717a94acb5a668fbe00ad,1,0
0x6fd6871fbdfe81cfa5e27360aab05870d291dd12,1,0
0x6ffb4ae2ad181aecdc8592463ca52e120fd36bd2,1,0
0x7027f848dd023eec90bdcb6359733be03c966b11,1,0
0x70bed533bcb22e924c28482cfe895e7963adfc1c,1,0
0x7168208be604b285a0a684f1857503f65f987cf6,1,0
0x7187e0ec7ea440b5b39f9ae184aa81bed8b86ec8,1,0
0x71a80cebbc5952f5c0b2dece0318e39bd31844dd,1,0
0x720c003681345df6bd8ebf94a18e7a77f021106a,1,0
0x722ae442c4ed63efb05cb6087cb9181b38c5d02f,1,0
0x72496e46264d88b2555d3ffa1df9a7f6444c174b,1,0
0x729858944f1db7155b36b9ac5b4790a59076d9b7,1,0
0x72e3266cd55d5a048e778264ebeb3aa4ad432c22,1,0
0x73051644e555679534edf4726ea75b2942b3434c,1,0
0x732773258e9af476c28d4c010640bf93d9bc818e,1,0
0x737367776729b89692ac4043aae210935b862f09,1,0
0x73d8225e9ffe47f8249103ba8f3f2c542f7bfdcd,1,0
0x7437f387268c7b12b9e986898a43cb3ce0afff2b,1,0
0x74431ba1913dd7b8c0d7329ca62ff63b3358cb27,1,0
0x7452ca3b04ea6278dfd9ba3c4e6c14dc530a92c2,1,0
0x7473ee53c74d1447206b68e8054b9ab5a61775c5,1,0
0x749458ac875a1de3c446645fd98fbc00e8e11b4d,1,0
0x750d79c281188a1db895f38cc1a438c3441ad2b1,1,0
0x7534ec89ffe657a9a998c0d118b616bc482fbbe4,1,0
0x754864bd884ec0e226ba95134f5f75ad593e51ac,1,0
0x75d703c0f9572791942f001343dcd858da97a9c0,1,0
0x75f5ac9e0b2726f8eeb2dda7d3fbb72ebcdf2cb1,1,0
0x75f61e75e4781862cc15ea9f708fa9e8483d0e37,1,0
0x76106ab25e290603e50d97aed401449500bbbc75,1,0
0x765bd37f07f9d183b48e120df268ce368b220601,1,0
0x76c54e69b986a0727d80bb2cb57e29fc865dae96,1,0
0x771e934c25430f942d503300476cbcafd905bf6c,1,0
0x7726de8ed489da085f6bc295bb479ae3031b47be,1,0
0x7775ded3f9a708829d8e9016fcb7c26895095cdf,1,0
0x77851e026f4b759a2c30b6a6978b74d1371c5d51,1,0
0x77e20fa31ab57539732da77be701f344c2b89b60,1,0
0x77e798779865d30b1a80f5a5bf27ec74e7636718,1,0
0x77fc372503b52b61a8f216f324a723f10920398f,1,0
0x781321fd604ca91f4065df2de1ee5f0665d7c2a1,1,0
0x789b53e8a7d67da521540c711ed95135608b34bf,1,0
0x78a62af4bd03b0a5a038d5ad2f4b1287082c3cac,1,0
0x78c385839c72fd454f70bf728b548e548ea32576,1,0
0x78c5181106391a7b43251e0e0712b838f2127792,1,0
0x78ccabf919e31c5327874c1b2916b3eba60158ea,1,0
0x791ed8065dedde4fe1619e67c292781d42d9b3d3,1,0
0x7925fc97cb2681586f5b3d09805267031d7ae7f9,1,0
0x7958ca5cab5d0030902e8bfa83f43b046c5a2c9a,1,0
0x797ae17ab4fda327e0697b99e5671e5e963a8838,1,0
0x79a96242fd086fca9391c061d2ce83ee0ac3b5a8,1,0
0x7a411d849f26cb0cd3e76b0fddcb8f0c7ad03ccc,1,0
0x7a7b07e003ceb15bd7b227481346b6a06b9e11fd,1,0
0x7a8d26a10f15a3e8b2540bdb343606e14c3c006a,1,0
0x7a95631fc728e70fb6eefdf57a0da4f49915072b,1,0
0x7ab0615c3ee2cf73236a37ed6c27f31f3e0e5628,1,0
0x7afde2096e940cc2b5ed83e9241647286bb6c59d,1,0
0x7b0c2493ed89cbb79de4dac0d4251009799ed71e,1,0
0x7b346921d045a6398f6b390f2f23339a1651e50a,1,0
0x7b482c1e518252a767059bbe70d91178c8c9da01,1,0
0x7bf0027c41c189cab33fc6f45529e1f3ce43bfe8,1,0
0x7c07fa9408d06145716a11c28f21b0d300d5a620,1,0
0x7c908b97a16218ed8ab4411a8720094b57ec684c,1,0
0x7caa0cf2df5e06feee94820557a00f8ba0c2aa12,1,0
0x7cb01030359378d2a327af5b1ee740af856e064e,1,0
0x7da6855565ba5079a3b3ea9f6a545cb84bdc1a33,1,0
0x7db5ab444905d9a6db04b58b28313b70cca52c88,1,0
0x7dbdf1d215a21fa17e31439c8c69a9db8970bdc3,1,0
0x7e04defb962ba4dc5ce731b65b9dcc62bcbd0ccb,1,0
0x7e21749ab7fc3bc1a77fa5814cdfb651ca9e241c,1,0
0x7e2834dd74cd15b8563624d4974b3231d3dcc028,1,0
0x7e2f10c7f151bf3b54411014ca4a25603d1ba1d8,1,0
0x7eb4920ab0e3e7fae6998396204ef62af7db6e90,1,0
0x7ecd05d7f2625b0dbd349f33bd62fc10ca8a5440,1,0
0x7ef5505bf5ec2466f1b4221e2247909e9f947ff0,1,0
0x7f06f5c78442d765736bce3e38873ca841b5a764,1,0
0x7f087f50ebff8022e84552d3bb1e51ecabc3adc4,1,0
0x7f1d796a84f87446a9b2a020938203662024dd69,1,0
0x7f1df3eac14f14eeb95586343c805278442cb0d6,1,0
0x7f2b1ab3d6272f65f641306983ef1a3d1466261b,1,0
0x7f33b385dfce809566995e3b192ba4c9e1cfcaae,1,0
0x7f4101c94b9008e78122a5fc47868ea0432ccaae,1,0
0x7f6d0103a0a4031704600138143867da4b1ae478,1,0
0x7fc6f548af5cda0472b26b1e35a65434934d0129,1,0
0x7fdbe7167651d8495952b4c5086406ca0752d4fe,1,0
0x80107abe5a19381acacd437e1d9917d4a40e04d8,1,0
0x801c4fe46da5369d2d652bf5970d60b70837c5e3,1,0
0x803aa9f1052a2b8ff67b4fd6841cc60a656deb72,1,0
0x803d29f479a61f3f99f795f715a12d0079fd0399,1,0
0x80cbda7f65cec56890820cc6e889728364fa1738,1,0
0x80ee116bd9989827409d7e12c807c1f6d017dbb5,1,0
0x80f0982b567d7caebd809565c4e63824afbc8b0e,1,0
0x813065e26adeba2f04175b93d65474b5823c236c,1,0
0x815611ea3f076c2f0d5e5742431ef16cca577967,1,0
0x816b5c5ecd1cfca8cb81ea1662f6dabdb46bc59d,1,0
0x819f2445c7f3bc2f0be505eb6bac7c8ecfe20eb1,1,0
0x8233e090770560220603cfee681d151339ddca22,1,0
0x82724e229cc0de0ab21eebcff5d23f9b3f1bc67f,1,0
0x8289b5610768106a6e445088fe7b5d13f13dddb0,1,0
0x82bee3fb25f2492ec5bc3ea216cb554b93a268b5,1,0
0x82f8131f5b8f46fecb089d9f61965cc88a8fdad5,1,0
0x836384d63a6bb60c96edd208748a68a86fe18041,1,0
0x83852ee26f696c2d844ec3d08424a90b544a90c5,1,0
0x83c89a6ff8dfe65d13259022568b90254b3e20f9,1,0
0x83e192d7fa4605a244589fbb8d7b1655846c992b,1,0
0x83f6c850dddb6a43c68a8c74ad916feb561f6122,1,0
0x840c70f1b7a1caa8ca6e2a2d066fc15505ec1396,1,0
0x8411d92054c5893b4c31eaf2915251013600f712,1,0
0x84483fd26d4348d6fcb683fbc6ce75739d0e2322,1,0
0x8476416d52fa9bb2c4c2cacaa6cc2f6c12b4375a,1,0
0x8481f52600269f7b32a0855a98ff22880a426228,1,0
0x849dfb1275f3d3b005d8220896911bd7613c5b15,1,0
0x84ad424b052350378672a707121646578264971a,1,0
0x84d26e46f3f523184ea941932a076ab96452e510,1,0
0x84d89ceab6c5e9f634a8e07f43ca6d47e9e40529,1,0
0x84f13ec11411be3983ffdffc4cedc10181ee83b9,1,0
0x84fd9c894f76466d7aa394fc3431d9e01ce848ff,1,0
0x850b468615a9b3fc69d3f2db1315f60a893e7867,1,0
0x8568c910ad458f14287e4c1b7520c9a4f8ed56a0,1,0
0x858b9c195375b234f22f282c805381958a1b0b9d,1,0
0x859a14beb6453ba0e2bf81443f7c6b6760d37f1b,1,0
0x85a561582300e31c05456d856d36f349a121ce17,1,0
0x85ef17778cec4dcd47e5c5a54d9a3bf864e15828,1,0
0x86671926bdb6631b29893d0ea1dbdf9a45616874,1,0
0x86751a1127b06bf6a4802e56fdd0f506d8b8ce75,1,0
0x869f666d5f6b2a752d3f0007ede66f55eb9b852f,1,0
0x86a95f339d78ed8db56c754ae467cf4f4660d730,1,0
0x86c84a09f87e1ea6c36919c4083cf67a5e90e5ff,1,0
0x86fe0619d140715a1c4414fac92ac1e11b76c517,1,0
0x8735fcc8c9143623c8d5c81ac7dce7b9b6a16d7e,1,0
0x877569ac3fa4177f7d6abc774b18fc9570b7c2bc,1,0
0x879cf81a3f5ff2b63355c8c42806124f0c405661,1,0
0x88259226a93e0869c3f7eac9558969d4f8dd2214,1,0
0x88b8161feaeb82e8835822b270d88b2888f46440,1,0
0x88c99090663ab67074aebc532f2cd9f596400843,1,0
0x88e0b5e865e9f593f4a0a625544fa0e860622a71,1,0
0x8901108dfd4d28307901a4c786a7e58150454437,1,0
0x89058e84ed018f18a4c1efb4107eb1473b3f22ae,1,0
0x8908ba463d6a9d55e8b16eb240586ae108180511,1,0
0x8932d9a70e2a0809436a2f9bf6d1e613b308cc79,1,0
0x89637e840429edd9902209efc1f3a58350de0e13,1,0
0x89e10ffc227eb6ab6185a88c7c142a4593d2a731,1,0
0x89e5ae57524f88412f1e582bc89d77d76ac0c223,1,0
0x89e854764c90a6309e84f03412135482aa15f43f,1,0
0x89ed5d9f29789c0c55f415bbcd2ba259882307c0,1,0
0x8a251e80d91b8b18b1898db9f8a675b320e39928,1,0
0x8b1661fb535c68e31f694c05170aee5ecbd92052,1,0
0x8b7b054fcfb53846892336d56eeac1416f99a405,1,0
0x8b977f9e3a42d533727e5617dc15c680e6c1431b,1,0
0x8c230ee8b457637dbd90f5a0ddd644c4ff56fa2f,1,0
0x8c44692a599a7600e9f2ffbc161bea233305ef7e,1,0
0x8c5ef87f3150599685ca43f0f5f03b5edc9285b3,1,0
0x8ca25d8549ebddcad99fc2997a38a32877c4d046,1,0
0x8d2e3d4440792ae05e72882d6f8901cb2134eafa,1,0
0x8d95ae4bb2acff609587bd11427aba703a715055,1,0
0x8d9dd0b5f569f5530c4bbe9c093284b800847047,1,0
0x8df1821026786290fe0258213a1824c6d7c26df4,1,0
0x8e3cdb04a920475db8cec7a6a12813a84784fb10,1,0
0x8e410602376c553835f51f12fbbb693005d43d4b,1,0
0x8e79a5c3a5e52021aff96b4889a95d39c9e26a43,1,0
0x8eaaa211c37d3c818ff3fbb355a15d6cae2e5480,1,0
0x8eb20ddf00b5cdf635e6fbd3f6c6a0a74f71619e,1,0
0x8f117013cd59fc38ec02650cfe11431407fe029c,1,0
0x8f25768ed50e2fc7affb15e1fc37c6474f8a8db1,1,0
0x8f72f41616bf0d9ca822acd4bd1e55a131908973,1,0
0x8f791c0592db171d84167d10baa70fd6dd26705c,1,0
0x8f8a4beec6f9f2277dbfa10d2f6c9bbb465a490a,1,0
0x8fd756610ad6773dadf9b20b851d1ad255066e7a,1,0
0x9025317b78d50c3ca3a72f5c29dddba989175e55,1,0
0x90423db320c9e1370ccc4e4efd828310999d1c82,1,0
0x9050d37d7b9d5d0046c007ca60a20e0a24250e0c,1,0
0x90589deedec700587aba75c6245baa943706b9de,1,0
0x90962ea0bd1b0f42b0770da2a990fd98343b15d1,1,0
0x90c9eb8eb2979f9c2fe022bb2b1c30d62c28c444,1,0
0x90d9306105ab6b58a8ecccc65ef38f725770b7c5,1,0
0x9132e0d5dcace17c3fe0532038e5e2746c2307d8,1,0
0x915f03c89d25c48ddfd2115eb9c862c2097feacf,1,0
0x919e818717b6a551c1a191e1e41588a69e94fd8b,1,0
0x91d5e46142140f5c6db7278bd6b972d10bc8fee6,1,0
0x91e637a1c857caca9d1507a9442f00760acc3d86,1,0
0x925ab9aeea934e1914c50fccd736bbce650f1d61,1,0
0x9282dc3fe7114362c66d63bab551aa734e9adc0f,1,0
0x92b23ed3b503ead8df75452f287014b4303331c6,1,0
0x92b3f2ec069d4804a7be7f5769c05e44223efe5f,1,0
0x937557b64de41f17fbfd7009162e2a75a0972fb0,1,0
0x937b4b5a8467fdf2b2c77178701d5a918ddbef74,1,0
0x938cc433a08b93f13f9c1e6183fd62481569fa9d,1,0
0x938ea3cc4c632b423189f397412b8d0b5a0a2bed,1,0
0x93d75cca388bca8b1f1365011e751614c7bac145,1,0
0x93f19f58eede22105af4225ff29188b75a19e134,1,0
0x93f7cbb656ec24f166a32ebd4bc450ccef8af08c,1,0
0x943709cbedf4669d31b63f3bbe7ae2850e5ccce9,1,0
0x9484609a9b66bdb4baf70a125800c39f802de42a,1,0
0x94d12ec265f47f507a8a6f0c60db326460096975,1,0
0x95814067ea41f3a0f06cc32466029f3a45534c1a,1,0
0x95b8ee8a30ece18606c9c86aafc26ad69fffa2ee,1,0
0x95b94d985f705dff89701badd1bcd18ee2ed4519,1,0
0x95d491d2b61d84ee9150668cec53dc65cd73f697,1,0
0x95e4660b274712606c12deae49059094495e83ec,1,0
0x95f2d4762dee1a0c2818cee560ffb9b9a1c4c881,1,0
0x95fd0092e8963bb694f221621dbec5aacb5da573,1,0
0x9605e0d3e78c49cab0f7d4da3506c73f25b2367f,1,0
0x961b3bc61380f8fc0670c44eea77d067bdd5d95d,1,0
0x968b6facf936baba84b164a4927e2de45b056aff,1,0
0x96c640214bfdbdb589900a44674daa99cd65a351,1,0
0x96efffe6bda8e45c46a7b35aa5847ae8b1f46b8e,1,0
0x9747bb7a1d3205439a884216d9a7e51e2955979a,1,0
0x97520b3d5a30be0d09c114adc8017c2b1ee49e4c,1,0
0x9784a0e3b33856b5b6515301e3f16175926bb31d,1,0
0x979a2de95215da18d9817f5d41b4a5ec31523935,1,0
0x97ca152b9a06d4459020932b1dfb89beaf5aa222,1,0
0x97ef485c524010f0bbd04854be7f519a3f4e8ede,1,0
0x981de14a34ee199d7ff36bf6feadcbd1b1e83c34,1,0
0x985302ac99455aecfe66afc49d3f7f1926fc8f6d,1,0
0x986e13cabde26b4a1cc139229bf2cdcdc589da27,1,0
0x988236e5a0a27c62124d131c2b8de67189532100,1,0
0x98e50d89a5dfa730667a0bdabe0ad329423548c4,1,0
0x98ebc45f5aa8355c71e0c0f3b75556ff846717d9,1,0
0x991d0dc7d9c8c91ef86c1cf53f8b1e468902fe92,1,0
0x991eb12ed6f468fc51a65e48640038843afcab54,1,0
0x997667de65f9b89f4bb355c369e37201781766d5,1,0
0x99b3d12dee6b76eb58623f08340a75872b8bb246,1,0
0x99c48a6038faa92499918d44f243280a58674bcf,1,0
0x99e58c4abbf610a01497a6d7f1ff881796fa2c1d,1,0
0x99f100d98bc6299340a816ed4a588b2297361f74,1,0
0x9a036f9af6745718f9ad859a596bc61283346571,1,0
0x9a0dea4b77f094b3f81751a5576c8f25d2722bd1,1,0
0x9a254e8c6c910108fbff99923c37b95efe034270,1,0
0x9a2a29f234958f0a1199e3158864af1740c0f66d,1,0
0x9a2af8b6d41b90fb59cca7335e77b5161a9815af,1,0
0x9a2dead1f9da475261eea8bdc19effe06878d7f7,1,0
0x9a75e4b607ea0ab30f129bf8e65bc86dc171df95,1,0
0x9a94714380b7e038b8164d700e4cf26829ac86bc,1,0
0x9a9b964b2206c3630a90362604d2a123b8a24b2a,1,0
0x9aa1ad3d0b3de15ec4394a37f49056d4a4a3b28e,1,0
0x9aefa1ac331aff628b929c4406429db72d3ce566,1,0
0x9af438efb1e83417d4b0176399015cf8ea5a9962,1,0
0x9b19f528e6040c2c1493f35e9bd07001ec5fe8d3,1,0
0x9b260f783952fe0082230985e4806d9470c45036,1,0
0x9b28709661b5a6f241fc56e4fee9ceeb8a7d2ad6,1,0
0x9b5aefb6ed1725953f1d918ea596178af561d65e,1,0
0x9ba42929e0468762aaa5e002978d4bef265b9454,1,0
0x9ba5cc3c1b7c6d4db0831ecf9132318ad0d22bbd,1,0
0x9bb8450f68ea7e4af9edb46618a7b8062a276ed7,1,0
0x9bd8f0e54a3e99eb25f43159c8e6db9f00f939dc,1,0
0x9be5a1e0d11e211bbfb9bb2929fe8e26288045d2,1,0
0x9c02551561111e59795f793cc07f0a8a2090efb2,1,0
0x9c179d12f741e42df13241508bce5d0c265b64f9,1,0
0x9c4a851d4ed282297cc4d953b21d91d5038e354f,1,0
0x9ca53d2679f8a5f1f863b0a620d3d100b21e063a,1,0
0x9cb3d86e23787b9cc70224ef1f8dfdbd4a151a00,1,0
0x9cbe67490b17ac0c08653134d9dc16a2279544db,1,0
0x9cccae50b776ae0d4d742959bff62380abc11164,1,0
0x9cd53b064229a9cec87d3096a8aab486bda6da9b,1,0
0x9d54c275007a2df6a12c6cd1b05e35838a8d201c,1,0
0x9d61c32fc5ce85803855cf511531d0907507ccd6,1,0
0x9db3906a26626f9c1d8d67516858d186fb150fd7,1,0
0x9df4513d5f4bfe2a8b4e26486674480092b74add,1,0
0x9e16e62ac61b03386595d9628ac2578d75163de7,1,0
0x9e47d44c35c360823e724bb39b9adc3e3bd5d9be,1,0
0x9e4e46bb0f2fa8dcc4451bd4b861e3132f4263ed,1,0
0x9e89fd62b827cc61b8ba407e0d1c7d1f2b8d9c65,1,0
0x9eae5a3819ad2bd007b7cf5c40b26b80a5aaad73,1,0
0x9ed91b4d5959e6aea757eb403eb218852edfdcd6,1,0
0x9eedcfe69c29fc84019326eb55f54040f8f928df,1,0
0x9efe321bc6b1e03816a237a9265c299e3e876a8a,1,0
0x9f4b585a0af2f06126ae4fd2384213a84774c0fe,1,0
0x9f75cfb0b81fd6d924d922129c80efa3062b809b,1,0
0x9f8656c2ff14dd1215aa506c9dc74332b1db9c90,1,0
0x9f90d11f1bfcbed33774cf0da6f80ecf4a5201a1,1,0
0x9fbe651684de965520f92b0af3c52c5da18cd535,1,0
0xa01eb89517af8ea5755f288d3d35630f9d6315a8,1,0
0xa05ddac2fa841b7028db23f33424033b71e98042,1,0
0xa06da1eac6257439f38669825df21d07240df606,1,0
0xa0a8fd6f4c0d62ad8d798fe5d4178c29bf3183b7,1,0
0xa0d3b971103a709a6405ff582c58fe3ee261f884,1,0
0xa1190dbb1cdaa4f424c3665128e71fb3c20707f9,1,0
0xa1238739066be91441dd442fedaf78d88ac2dff7,1,0
0xa178b6278c76bab119a0b242d5c341dc8ab119bb,1,0
0xa17fb09ffa2fb5fa13b89ce840e53b53c5c51817,1,0
0xa1bbc688de316f1f14c81919c6212dcf3d2201d6,1,0
0xa2089a5b4579060a7825f77e0e7dcd7ea3c7f671,1,0
0xa2625302bcb95dbdd75ac381783f9e5e36dc3f65,1,0
0xa2821019efe944c06b3dafc744aaf4cd4f66a5ce,1,0
0xa297ec7b7fcd2e6c12cd77c9124fd048b2ab2e35,1,0
0xa2e704c0182fa514cda8c7da482cb9ff95d94a40,1,0
0xa2fe1c62aaaeddd28288966b406cc7550b092d1e,1,0
0xa34a89e0abadc57858a3b693fd243267c72a1563,1,0
0xa3a1076e3ce77397a653020c9043f8b537ebabab,1,0
0xa3a1e4330ee5173aebf286b49868959da49f2703,1,0
0xa3e6928af5870dda2fd36441fcb246fa7b696b9e,1,0
0xa47973a380bb8b81ee663a2c80845ea95f6b8ddd,1,0
0xa4d854ba38c69eb9840f41aadbe758b54f19e582,1,0
0xa4e725d7dcdb609eea239d776b6550117e30af0e,1,0
0xa59a76f9ac192476fa62461a1c3c8040c40a1228,1,0
0xa59fcec6c9350073e1fe1ff84414e60344b01f2d,1,0
0xa5f9fc02f6426b2e776de43a0499f71d8b61ae82,1,0
0xa6177ff93de254666f7134b9b88e48934f1cb074,1,0
0xa61e749144734d70de7afc340148e986e9afe795,1,0
0xa64e694e83951e65094b5555bd921105eecbba26,1,0
0xa65882d3be5555c7ac619c926c14bb1539183df0,1,0
0xa67682172c42f2ae9ad072efe23e2016fab091c5,1,0
0xa678da6b8b1a322df11d727abc186fc361aaaa9d,1,0
0xa69e9652b77316fdb713a88b757414c559ae168f,1,0
0xa6b284ec496473d9fdf84a4a0d0a6e0e44722cb2,1,0
0xa6c2a21d69732b86ca1d49ad6a968ddb8347dad1,1,0
0xa75391cf309038d7160b0fd6d083db4e0b5a8652,1,0
0xa75eca8230e924e3253f3f323ad25d1c45cf8e0d,1,0
0xa7c23b6a564bf5823624de6cbdc4055253922594,1,0
0xa7cbddf9b69139ae0ba0b7fe61ff5ff37433777a,1,0
0xa7d8d83270a19748dae5dc81e4d5062f928702e6,1,0
0xa7e7476c4caaa83b71c9f9f47a0e27619c9e9c09,1,0
0xa849cdf0b28c55869456a0becad345dbd0acbbc8,1,0
0xa860f34261a49777a2b61a1c97db88356fcfce3d,1,0
0xa8a9f7a1895e4fc509825968738f3fcf28e58aa3,1,0
0xa8f3b5a4bd34ab91cb81442a4de9955891839c9b,1,0
0xa93d8780efc94af2b51ce45c5ab287be420e74e0,1,0
0xa983019d24a300b65708a4cee3ceee11a95cea40,1,0
0xa9be3dec80b2d8409559adcca14b8ce09787a4bd,1,0
0xa9da05374351f10707d2a4ab6b06f46709704219,1,0
0xa9e0e42a314996a58fdc16de2e142d44d9985993,1,0
0xa9f284361ce8cad1efc61b8fd50f4342fcc6e551,1,0
0xaa0d93028728f1d32fb420588becaf57b29cbcb2,1,0
0xaa830220bd2cbcb8949ec7dd8a3704e020e4158a,1,0
0xaac18004b8da51e8f9634649ea8a0af107691af5,1,0
0xaad6caf378cc05d106b3ea57d054a5123f3023b2,1,0
0xab001a25a07e77e652636a348cb3b6f4121aa88b,1,0
0xab6de161e93c0edf816fcb70f304ba6f69ba075c,1,0
0xab78fdbe5befb4d1937c27763974ce543443c2f5,1,0
0xab989e20976a18fc414a3db87b27cd9c118dc73c,1,0
0xab9c4fd5b996e6cd9f33688f449bd252da3387c5,1,0
0xaba635f3065f7c64e400d0d104ace090bc4d27fa,1,0
0xabacacc4e63422738487b5ce84a8f0e85e2efcd4,1,0
0xabb2c65214bd0c973cf3724a31de5239d0337f78,1,0
0xabdc9b1b7eca80f390db8c712503a412c38f8f6a,1,0
0xabdeece58545d7e495feb56fd7dff0256978b91e,1,0
0xabecb16bfdd52b3f36068cce08b89a79adb1a70b,1,0
0xacc6d06889788916e10423de8901c5588431469a,1,0
0xacc9f2c9b2df6b3a9a1385b25c1b609e3b8f46fb,1,0
0xadd6e294e7349c566da37ee0c36245b6501c5cb4,1,0
0xaebe4d075e349cedf7fe259388842931a5bf9738,1,0
0xaf26e3d7a395bcbee64475e7fa294615d3ef6ac3,1,0
0xaf295e50c1b0a3d15c322d14bbcdcb679ab473f0,1,0
0xaf701170e7b2c93d5169b0f967cc7c72e8408aa2,1,0
0xaf83120debac02dca8f6231d2d15e73214948a02,1,0
0xaf8d4d69749d38e5ff2c9b107d280946cd615289,1,0
0xafd30f2adf4c57f5d0f835351d69b261655cc444,1,0
0xb01391c7f7222179e21ff7c8fa92da1787332228,1,0
0xb04d4c55c35d9c5529462aec80c33cfd0df69f05,1,0
0xb0a1b9c08020f8bb306cb45b8acd7588ceeb476b,1,0
0xb0b626ebb8edd4552e0112d829ca882ba95aa7ad,1,0
0xb1214ac5e45e0e254c7fe909474122fb99fc9e0e,1,0
0xb15a1b13fe17638408d0f41644d1c5bf92bb155b,1,0
0xb1c51683f959e2c65d68c4e04b6bac575318acd6,1,0
0xb1df6f420c4d1f15544e9978f480dce08d9f33c0,1,0
0xb24016f4053708e63d6c220a4efc8016679a88a8,1,0
0xb2dd9d30e60aa1e48875c74ba450ca938e3af408,1,0
0xb2f49809c4a874679196aacd8b4614230e51e03b,1,0
0xb30ffede2d788d29f8a0585603de624b707266a9,1,0
0xb31631d355f76246ee0ee015dfd3354e7db1b4e4,1,0
0xb380960babe3d02e847eff652ca881ae25ab4a0f,1,0
0xb3aaba6b3bcef3f70ca736595ad46c492182564b,1,0
0xb3ac5e835512f165ad4ddcddae8a660f7cb64114,1,0
0xb3d3755f320ac7e41e3d74e430d7e2e030a535f7,1,0
0xb452e648a9c84013c1590d089b0932ac5dfcee2a,1,0
0xb4eb419192408271818e1313488ef2caf4a5cbf6,1,0
0xb5151e5efc7c071c5cf8f6ed0c22071734af55a4,1,0
0xb529cc803319fcbd817da2a528683ec930166b57,1,0
0xb546a1cf2738f73e25a8b52e1101e205f08edc50,1,0
0xb58fa3369c016aaf4fd2620726cb81c7c50702c2,1,0
0xb5b7f6488c98c8715363a9b38a4bbf2017324b7c,1,0
0xb5d637550b3f416b18137c08d2484dc5fd35c7ff,1,0
0xb6565598a63ee44aee6c7910b6be8e7b34a8bc4d,1,0
0xb6656062101ebabdecc76d742fcdc7ff8629de71,1,0
0xb68a3f687454963d67d8fe95d0c327e0d9c6ddd5,1,0
0xb68b7ac12ef36792e76ce0ee34b4e742f14afe10,1,0
0xb6bc0a43b784cdee43abf9ab7096bbd838b7a10c,1,0
0xb6c845da82884a24c852be8d78bdba1de621eaeb,1,0
0xb6e16f7994b3a6419bcda61ca5e2713cb448a427,1,0
0xb7338061d9fc4f35f455b83ab199c4247cf40c7b,1,0
0xb73921fd5e3bb00a7f4a5ea0e2a1b67d960322d0,1,0
0xb742401f01da480e1d590719c566764cebf51538,1,0
0xb7462aa7c95d4ff792526e9e8a243fb17a9ff073,1,0
0xb781c698127f919c69b6ab6852918ec85dd25911,1,0
0xb788fba5eb7660f796d32281c5feb0f67fa3a073,1,0
0xb7c21061168e7d6c834679dcaecd75a3e9fe2bb2,1,0
0xb81b3dbd1c975bd376e1e37b13bbbcd237e8942d,1,0
0xb8dd5fa863a8dc9fd9690f165dce5e73dc80b7fe,1,0
0xb994c4dfb0b8469148e7f08a0cb52ef91524b88c,1,0
0xb9af359115b2de71186a2b6aa0f9a62d7c013778,1,0
0xb9b79985f9402877606dbd137510cd5c52bc58fb,1,0
0xb9d0ee8bd4428811d6dca48e61cee4a5f3d5b7ff,1,0
0xb9de72595b0ee934c326b391dfc28c1acd28a445,1,0
0xba004067b2cfc024cb45bedbaebc1cd0219bbb4b,1,0
0xbabc12923651e4746b8e17265a883aa2a84f4ff4,1,0
0xbac61efc5f33c49dd3da02e709d26a4c7cba2de4,1,0
0xbade689df4cf7abd1d527bdeba0cc3404e12e2e6,1,0
0xbb234deab6cb599910c6d7a237cae6ae3cf2d95a,1,0
0xbbe84935eb7da2edf834cd62f2e2ac1bc3149ca3,1,0
0xbbf69bacb0e97ec305ea8a1401f11526649241ae,1,0
0xbc10ea9d9c487fd8b68cf272fe531298fea40b1f,1,0
0xbc16f4eb00559bb28949ac89ff61574da87bae2d,1,0
0xbc448abb05fa810030ab12887828dc860c768f64,1,0
0xbc454be54794831bd784b6308093277df4b07180,1,0
0xbc86554629ae8e15dd3509df822412b165d211a2,1,0
0xbcb22e121e737766ce08ea6cb3024eb5a7f8a146,1,0
0xbcf095ea32767e5f0472c1a79c4545f264e7827e,1,0
0xbd409abfa08680e30819257f4b2b325ff615daa6,1,0
0xbda94a971b8d30586fa9b915aecd608f5a3d71db,1,0
0xbe5650e83420e3f8bd4975358d389c201b2ed9a8,1,0
0xbe8edcb1b700d914461088f20158e5ec67f5e246,1,0
0xbf1ff222f18e053ab6f28707e33718726558b0e7,1,0
0xbf396b3182b53acfc4156801184c63239d4f8a19,1,0
0xbf4fa8c6a80c2afc8996475599db8fc23a0e961a,1,0
0xbfabf29218477ee48ad2c6b4e376e76466bde2e6,1,0
0xbfd070b00d832fedc2878345681548c15b0cf813,1,0
0xbfd651fa5b629297f12fb416cbb818dbe6fa0dcf,1,0
0xbfdbad543cc84b5c60a1dad702f1caae7d50a108,1,0
0xbffdfd6066d2cf367134512355fae36bc28a9f26,1,0
0xc00ed9f528bccdc66e739fd68325b89765107771,1,0
0xc01111374133129cc17ea8062e65195b50e37cd6,1,0
0xc0166cde0337c699820e7ac780b36390150e3a6f,1,0
0xc045f33aaf0f569ca19bfb1f125d66f88bc3a5dd,1,0
0xc047584d04723506a184ddc69623d786900a061b,1,0
0xc05ba48cdaa4c9285d96bff09243f410ca584a9d,1,0
0xc06fc7e61e83292cf9a4490b58888cf019de2e29,1,0
0xc07101be95e65c5dd0aa4befed822d71cef1b98e,1,0
0xc0a7a51403a09229dc03a7654f4786e737958d21,1,0
0xc0e92dd53ddd6af6726cf535e8327a9adbf117c2,1,0
0xc1b404c6b9140cb9eeea778d52a9f319f3102426,1,0
0xc1b41c1a363c93f9580fb215ce1306ea26b5776b,1,0
0xc2009c2031cc616960a3686c7f7add32cbb31277,1,0
0xc21e49294fd90bf7274dc009bd42e6fe7de70118,1,0
0xc288e09637a3f3bd2b5a3ba3f8b553e30a80e6de,1,0
0xc2e28fece3587bf33fbbbd58556510b4fb6408d3,1,0
0xc322904249615a446722b93ac6516daf21d2682b,1,0
0xc323d49d32ca78e2c91f17284c4f18998db79fc9,1,0
0xc32b36036bf8d8e7b678cc5eeeb77e024b7dd786,1,0
0xc34e6f09f6919c52f52f1417cf855f8051869821,1,0
0xc40f045ee70112107d7960c77542da57a3ae8c40,1,0
0xc4260e623f46462f8a4b1cb7eeebb9a09e5183c9,1,0
0xc475837bb1bd4922e1dc002802f8e2293e121ef8,1,0
0xc4cb81c11098ebce22b36bd4de3d0efa8cf951f0,1,0
0xc50fb816571e2fa4a86949a35b6109e26b4b9175,1,0
0xc534b17c3642876574cb0ed8a234c4831c37ea95,1,0
0xc553a41330146ee7d17e0d7e13845a07d2d5342f,1,0
0xc5729d9e63909568b0438cd3cf4d3ca9542dda81,1,0
0xc58b8a8f284cb827c45ebb1bf6b57ac4cbc3df04,1,0
0xc5a8529d1b1047452efb46287c05e141dc3b1cd9,1,0
0xc5bd972744007cbada2b9df7304a131cf2ed4849,1,0
0xc5eb9c1dce857e6191173a4077403ae5478f544b,1,0
0xc62f7eede9589b4e58db87b2f187679739e45eea,1,0
0xc64ad137d4cc5efbdcdd337feb420df32a510f74,1,0
0xc6683efb2fd91f1fef74353473db620e7f6e96ed,1,0
0xc673c0a7785ef2c6949260cff6c6e3c7e55021bf,1,0
0xc69a2fb5bb3794671870105cd17c8fe9b2930dbd,1,0
0xc6abc27df118ac1e29cb2d1475ad8d32fa00f666,1,0
0xc6f9a3950b198a453ac589d9032e6d1838a744f3,1,0
0xc6fb72d16451d8eb28f71ec8ecc7febc44041fc4,1,0
0xc70910dae1dd08ae2326b4f06f50988b48712e0d,1,0
0xc724f9636c1b3b1b3ddd1349968d95595db367ed,1,0
0xc7490f2d7e773f579c8471dcc3c7210ef76d311e,1,0
0xc74d9589e34d851c69b86e084b151aadd3c012f6,1,0
0xc77351ddbbf0c489ce8c0953b84bf70b05ebf1ff,1,0
0xc77cfb009b1341d38394efe8d5fe3d1c1babe342,1,0
0xc795f8b509de751a783708780bb7c3acb36be076,1,0
0xc7993e097c6a6d4938e5c883812bf9db4c191800,1,0
0xc7d676807400cd3730c3cd068b2ea8e09d7ad922,1,0
0xc8119bccd8ea6ec2d2996a84553428ee81c30ba1,1,0
0xc846b7d5ad79060758f9ed2fe6ba5dd68d00c00f,1,0
0xc84e3e262f34beb3c4b665766833d6b416cb18c3,1,0
0xc85b2d3a256cd6c60016a1147a42c080ccb07cf6,1,0
0xc88523160420e0c878d7301e7ba5737db7e3b59f,1,0
0xc8b59c517e26d5ac230cb745c20d69f8f8c73e56,1,0
0xc8fa8e2b817bd93883b414c514d22866aea05420,1,0
0xc938969c309c976276443a7dfe9695ad4a516246,1,0
0xc93d83e173ac1bc6e1b83df2b389d61faefc69a1,1,0
0xc9788ef1db56b69484cfd4585cd4f3bd8686ac06,1,0
0xc97dd12ffe579f45ad55bb5c949abdd6bc67d087,1,0
0xca00af8afb1522f7872da733681094e77efcec6d,1,0
0xca0a3cca3be08a5500fafa490110f32a60abeb30,1,0
0xca1ad0bb3b5379e2d0dd24e637f1ee29af87f478,1,0
0xca2b3be7278decdd8c97a13919935540e60efbce,1,0
0xca5a37faabbac02787e52aa48c95505327e876b1,1,0
0xca7cd4c133338df50398d576c8cae48be76399a2,1,0
0xca7ce459afcc7cad6abbce3affa969b99cf3557c,1,0
0xcaaa1783c795a174bef36fa915f656bb479a0cd8,1,0
0xcaf0afcbfc2f4a6b8a692efe8c12938e3e0c9d5d,1,0
0xcaf19b1f20204578d63e4820ebbeea56b970457b,1,0
0xcb3f75138e4199fac49faa766096c90fb61b80cc,1,0
0xcb701b60cf9b2c922d522cf30d416cab003dcdce,1,0
0xcbb1772d0da991b7fcc95d549d6d170bfb6c2f21,1,0
0xcbc313f7409b41ea91d1debe217a30d08a34dd62,1,0
0xcbe9ddb62e2b9d8d7f85ed7d5c24acc76714f77c,1,0
0xcc351becf1dd5c867a2e099a9038d60af0081869,1,0
0xcc365e4787c332f062d7f8d8cda195c6e0873f8d,1,0
0xcc52f16a9ca48b33d64eca535e8b706ea76ae556,1,0
0xcc867e6e1d6304baa53e802b2f1c10fa8d228b0f,1,0
0xcc94b3234e58f1e3688538a99df21606195d409d,1,0
0xccce0cad424893aa8756e4d28fce3dd03d9615de,1,0
0xcd23c4a0e488da6264508ff511514eabe80592f0,1,0
0xcd5c23837add6021fad2b7098523de5689cf6be7,1,0
0xcdac19364e4cf051004aab749b4dd31a9d6127e4,1,0
0xcdad265f570b4c35fb33acd9bcf38892b3c1738d,1,0
0xce09836b354d58f5bbf807e23c6830d70d5bd96e,1,0
0xce32c2191666f3d269f2320b7a35fd7fab4f3d57,1,0
0xce8ee22392516fed4b7aa26a459b9fca9f2b4fe8,1,0
0xcebec78672c47817b261e2d52a5452f94fd91ccb,1,0
0xcf24f9db11d7cf69b1f6f438c1a5b576456f6df2,1,0
0xcf61332781a89771f2807bbe07399adf6bc2ce77,1,0
0xcf9bafbecd91daac317bd3d05adb1e66fb76b562,1,0
0xcfb1cae35d2760dbc04bbaf4381eaac64a74f700,1,0
0xcfd9e623862d56b25dfba6cae2ebcd88669ae6ae,1,0
0xd04c691c5d475a02675dd3902115052605084c23,1,0
0xd06f0b41b9d5fdcf3342f458f1cd5d598c88da3e,1,0
0xd0b8b7f21d72acb209d84155aa280fee3b6c1c68,1,0
0xd0d6dc6f43e4e2c3845e5adfdce62d516fdb6adb,1,0
0xd0e43d653dfd62869ed150fbc1343d5bb70167f5,1,0
0xd1a387e8bbd244ca867704d27588841acf804257,1,0
0xd1ad02719f9fef05024fb9904fae9b53112cac85,1,0
0xd1b2d4017113da1677fee2c994b97d5b50a50aa1,1,0
0xd1de9f32c6e7f7a0c4212cbc34c11e2839621060,1,0
0xd1deae4796ef961de7cea73f70d4ec57294124cc,1,0
0xd1fc1cb33b64691647e561790116048596964134,1,0
0xd21af3eb2b843a8379dbe0f6b92af15118fe252f,1,0
0xd26ce5d726922beb3c1031e9b8c4f73da284a7fa,1,0
0xd2f8e16a494dd3fb16ddc04ed066678a501dbbcc,1,0
0xd34bf08125414c45427be6e21cc2b5215332e43c,1,0
0xd3eee00dde67d431021505b1264a64cc610eab78,1,0
0xd42107ca4ebf578330866b60d762b786d757d130,1,0
0xd43c7bcc15d7dabc246a7ec342553b682ad25f73,1,0
0xd4556f70ee16b341a35a6889c34fa4e1a050f4ec,1,0
0xd489bde5e98029af7dd2f98b9cf6f9cfcb5ca5a2,1,0
0xd4983a31e02cc2d93215e9cbd934d77d593e0edb,1,0
0xd4e7357c8d4be187a6c15e873e24c2ec8a4eb52e,1,0
0xd50419e1f0e57cf758b898b49e5b669bf5784aac,1,0
0xd5139c7028bc22814219eac603083cad814dbc30,1,0
0xd5438ecc5b59e20db111e3cb198ff8db90509796,1,0
0xd5519df80a7a89abaef263be6153a82b8ba6cee4,1,0
0xd58eedb5001b73a99f6868a683524124a49a6f67,1,0
0xd5998c88820e2786672716c7372bb87081c4ad3e,1,0
0xd59e15c86abd79ac79ccb430a80ba248bdec8999,1,0
0xd5d4ba0153f4702088e1a2715c01ececd318763c,1,0
0xd67a6becd069281722298fc4ef456d23695d8caf,1,0
0xd75519584d691f88c0bd0f9b1d122509e16d5942,1,0
0xd7766c0304c6d55eb712e15195c7404c94d54d16,1,0
0xd7d81f79ca344eb20655b96311bad3266ac44018,1,0
0xd7f2e2a07a57dcc2e01ed4516288a9ec12a55c26,1,0
0xd8653c2934071d0dff152f0aac2722e19f2b75d2,1,0
0xd8b045b38acd4e1b516c6528d25d9e8a0e22adf0,1,0
0xd8ed71a9dbdf259ade561684f42df48d4018a287,1,0
0xd8f945c9669c0ae6f4b1861df454de8e49178b4e,1,0
0xd9680148acc56508e28279e63c4f7b6b645c51af,1,0
0xd98ae90a2b68e4d97d949192ee16635ec9211e90,1,0
0xd98e804f7c13f057994bda080db748351ed45ca0,1,0
0xd9d64cf5d046166e19b02a23a9d5621326bc9fa6,1,0
0xd9f385eec71d3eea20433c00e0a63d9283822dc3,1,0
0xda368de49ef54877e3831f1fa57e10186911deb5,1,0
0xda9222d8ece567c2c637f135dd9df7f3949e0683,1,0
0xda9d59585a43db589d1ef955067b80d4d10502aa,1,0
0xdacc916e275dbcf45d53e430803c97b253976e13,1,0
0xdb6196ee316c2326478ae20336e14884ee9335ea,1,0
0xdbba199a5fe74f77e257b4a232f9bb98971fed2f,1,0
0xdbcb96f923f395f14a776becefcb054f6ebb89d2,1,0
0xdbf036e8bcfaf60ec02d2bcf97dbd06eeead2de9,1,0
0xdc00eeaa5966e402193c9aa913324488cad081be,1,0
0xdc59c8acd5c6726ba07b16186aa50028849f1d82,1,0
0xdc7a06752017a34e8534f3540e056de6a3a33053,1,0
0xdc7e61b664efdb6be942c59bd87dc95ee848d98b,1,0
0xdc8d910c09cb0488c9cbcb2b70c63db36c23266d,1,0
0xdca4fbbc65ed2459c45573ff612a31ecd9af3920,1,0
0xdcc723fa7cf7f34fb712806bd006de0dcfd12645,1,0
0xdd0f87568fa894244fbc053c751d6074b60807e0,1,0
0xdd27c365253526d0d99619761d7f404b38900814,1,0
0xdd91b9c6b111040f953cdf7619cb38d4253de7b9,1,0
0xddccf03b12a0153ebcbf8acf6890690888bfd028,1,0
0xde4621fab0ab5c81d986d0678864e3cadcfc4a5e,1,0
0xde67ec4f60c03d8b49005061cdae5fa4b5ab8ce0,1,0
0xdeae6d4497e6f154996b7dd64a19111028ed8d20,1,0
0xdee8b5ec4708f8facbffe8375d4fdc7c72762d9a,1,0
0xdef4ad6dc045437b467da8d8fd204e60db9b07e6,1,0
0xdf32f346b1797960dbf3a04ade30afcb89da1ca5,1,0
0xdf97f0b3eefa63fc92af701bec8723166cb48968,1,0
0xdfa31273575924e93983e21b1429fda9175a26c5,1,0
0xdfdaaed52c1727a3e1548c7a6a2d9ff2291742e7,1,0
0xe00c936bb904cd4271348f1fbf5a0ae6909c6585,1,0
0xe0515f51aecc2581173553733b496c261cb78a2f,1,0
0xe09b1e5199e5ed22761d8f2842c6bf3a10a16294,1,0
0xe0f135f1d23e9099f27b554b21a95ec13254b816,1,0
0xe10ceae79f966db18b8fd60d70198d031576af85,1,0
0xe11b4e3cf9740f6f2ef06e8e6807c8d8f370cc62,1,0
0xe13d325447275538192c079ec07a55f89e8d5d9d,1,0
0xe15446570585e178c097de0d80cd416ef15183c8,1,0
0xe170e0c2d26a5e3ccd14f925624a0e4f3088c61e,1,0
0xe1775ce1ca5bd8f14e6d13c7ac5e9c3f586bafb6,1,0
0xe1957317a185290975c4d625b0d383d6d1d4c1ab,1,0
0xe1d1e764a9c5304c8f229bb73eb21f6695eaebac,1,0
0xe1fe43bd8fa16e7e0165a6dde97e07307f83a78b,1,0
0xe2d2d5393393fe076dfc909af7fd79b1f67e2f8b,1,0
0xe2e3ee956bce1bc9d6f6132db9d48ac6651c0d8e,1,0
0xe32f7df751fc64f48108a8b460830f1ff49ae560,1,0
0xe35a411200d0a93dc67fd4a3e14b8a8ed7b1c12f,1,0
0xe375e61d0c65a56475201286d32a0adc6f12d6a6,1,0
0xe3b6a486bb7143246f0ab52f1b64aa9a381c86a7,1,0
0xe3b780b1c7978015f3933911a9d56e8347bb9a67,1,0
0xe3bddee38d7ad0654ba0bd8066d8f52cb68a3f0d,1,0
0xe3d02524fb9d55bc2fe8fb817473a139c5ec970e,1,0
0xe3d0cd9ac285f63164bb7e64079051ded0253573,1,0
0xe46abf91281d25d3fd87f7504ce9d878def9f6a3,1,0
0xe4c2e0c7364fea4960a00f9c3737532a6d66f3f8,1,0
0xe4c3a328834275bd24bcdf7356cdbbf536d6f867,1,0
0xe513b7fc3cf26d75224042a8b9b89380f7f37d96,1,0
0xe516dcee627936e5a2252e276f2e5ff0666015f0,1,0
0xe53fefbd1ca8723490023cbaf6b13ed38dae5d95,1,0
0xe5708ed6d40a6a7c5735595fd56b8841fcac2ebf,1,0
0xe5c9d7e047e6ec695ef4c4273188b94f0b4c64d4,1,0
0xe5ea77d3e14957bfed95720ccc0d95b9c60b062a,1,0
0xe64d2695b679a01bbf020e658788f2c6785e3fec,1,0
0xe67fca4b02b2858867027cde8cdfaf50d7f77f63,1,0
0xe69cdd61ee22783bf914459db60d5c7087c8d06a,1,0
0xe6b8654dbcb6c6cf82246ecc6c1d6e881c20ac4a,1,0
0xe6de59317c38251626af643c9cb11ad23b1a0d8f,1,0
0xe7279a6419d11149727dc9e080442cac40cbe905,1,0
0xe7573e4009e029ceacbd760a552a43b9c7b1519e,1,0
0xe7ed78ba9a01c07fdee195ee1b844d26f3e4ba93,1,0
0xe810b83da6510dc705b2801f2ef68b9af529394e,1,0
0xe829441bc2f3fe73cecb86f7eb0c2b5af4de722e,1,0
0xe8399d0fcf81de0e64e56bd592490d3610cebca3,1,0
0xe83d46666d39dc9f2c20dce2f067b4b07f2fbafc,1,0
0xe8408c3f564123efff32a22b5d011a6fac6d8933,1,0
0xe8abe82fa54e05e51605273471bb69fc196c8350,1,0
0xe8b0438a4ee93819382e6acf91146fb4c2ddda06,1,0
0xe8c44c5cd389c5d6c5ddf30ecd7fc49b462f39b6,1,0
0xe8cfedebf4d0accefa3ee8d4f29696af9786c25e,1,0
0xe8d1aba331cacd7ab7c38f0d20eb0d47e487a89f,1,0
0xe905bde8ec2e308667f4a410604c695ef41be0e7,1,0
0xe94700cffaa72422046cec99481db18311988832,1,0
0xe954b17796fe796dea73514e4a99d934bdecbd79,1,0
0xe966af965160037fc2d09a8da7665dbdac5ed0f9,1,0
0xe97e1c113ea1645101ffa4b631cd4531b1fd7b9d,1,0
0xe99ac8b0b0805abf8e9f56f019a5a514d3fb4161,1,0
0xe9e73c31511b8235a6f7006fd683d2aa22f361a0,1,0
0xe9fd9abcf25471a003c5446457b915bb1df5845b,1,0
0xea567ec269c57d22ad54f7411a4397f9ef95c203,1,0
0xea71aaeb4de8c042eaa09fb8c77135e27f199a41,1,0
0xeaa7cd257801d7c424ccf74e7ae27a3508379a7a,1,0
0xeb178065f4ad15e13abc6eefe8b2b8db6e5e721e,1,0
0xeb18dde9ae3caa13e324fe09a370f540a7595a54,1,0
0xeb41ee117aa3450ad35c85a3fb0704fc254bcc02,1,0
0xeb80e64d6fc33e877edb93e437268dc898083450,1,0
0xebc032a029eda4753470692fd8a1a1e3464bb054,1,0
0xec08fc0815fad633fa8e04534972cccd4efdde80,1,0
0xec306f6a234f91d6a273ca2b8d518ca611b0a799,1,0
0xec733b5d8d55f1c2f1bc2b81f405677ab4370a1e,1,0
0xec9127c5f8e92c90dca32cc86ff59a5429986f1d,1,0
0xece655801dbefc701b9828a82de407d9e1110207,1,0
0xed0b5270506f7462fccbb37f5bad5f873b977639,1,0
0xed66673655a51440339e496d958086210ac14f53,1,0
0xed9c562f2ead25155a0e6d6cf848857375a8b609,1,0
0xedf966b1acbbe5aed2c75269f2d249c200ba3e0f,1,0
0xee207376523ec7733cb903526fe89b85397444fc,1,0
0xee2cf93d532059333c1719d2ac54391c003c5d25,1,0
0xeeb043fa16b0610697ca36806c5b384f0db38547,1,0
0xeeb5b86a60269bb60912affae09c828f00147a5e,1,0
0xeedae3345d74203491a61fd25df2f2e12c8051f2,1,0
0xef034c52f2657a78fd7a78691424866338afe177,1,0
0xef0cadff4a77d35fd48dc077d05ef4a87e4c7379,1,0
0xef125e49fb1a1bc5f8025b364ca5486368ff87a9,1,0
0xef579c0b44f2ae72b9f128b7fcc1c8be5c0d626b,1,0
0xefc40cf659c24a38f4c3f0d9316bf2abb01bbfb0,1,0
0xf06d5c1053a187bb76f7b9ba7fdbf6ae46fef4ac,1,0
0xf0982d80698e9458f81ac2d66d08672f6a66feda,1,0
0xf0c1a36c6b008c1389a7fc48d1fdd765f5201979,1,0
0xf0d2f476a1229063d45f5f90f4ae63856bc904bd,1,0
0xf0ec3bc9c6bd04f4eba638fc78156b314582347b,1,0
0xf12c9e6de1157045837f8cb9a8802f7aaadea0a9,1,0
0xf1b91aaabc2e434117b40d9ec96fc6e2e3805f8b,1,0
0xf1c70b44f61f5a3aa0658cbf33e16f68534df9d9,1,0
0xf1d95420bdb8001a66204c38957107fc37a264f1,1,0
0xf26738126fecc87a3a7d2a52dc455e989c1b943c,1,0
0xf277596fef505568a55c5bae2cdf4201f77bef60,1,0
0xf2b4bdeeaba4a56694ed10a83343f1f6b77e787a,1,0
0xf2cab13ab36a536b7c213fe3a93990d1a190c334,1,0
0xf3513acf7cf9c9cff273245a380dae6884031a87,1,0
0xf35d8396f565a26087d9706828ea594af09f1962,1,0
0xf36d7d91d0dd77da10a5b39fc25e6e86cceeba0b,1,0
0xf36eb9091898702598a8dffc7f3fe1cd46bebf93,1,0
0xf37e3dfa4579c165adfaa0ed52d16cc11d8c6a7d,1,0
0xf3b35e9bbf293e02dbc7791a1b8e09604bb1c622,1,0
0xf3f8f29e791d8c2e5fb648c0b6cfdb5e5b901583,1,0
0xf42ea9e984a1873cb1f1fb8f41046df6ea54cd0a,1,0
0xf4335d697299458ecd3838bfbe6d265191855bcc,1,0
0xf4443881d30a37ad00108ce3cf2c143b0a4c178c,1,0
0xf44e165799708e3377c5dfabab0591a08d8c5d0c,1,0
0xf45a0a4e35c8e5f4c3433992125c0f727f0e5bad,1,0
0xf46f851d2bf7d843dc4dc15d352b0af94fa4f989,1,0
0xf47d3355465cca3108687e53cc4783c000293dde,1,0
0xf490cb852741670675b30583d3039f2798883c45,1,0
0xf49ae3f39baf4f2ef30c95be9c167a791aeaddb9,1,0
0xf4e41c4c52ac4277409cdfe6d4f667c2f2a6033d,1,0
0xf553cce08682e9d348492f1d79dcc41595fa6c5b,1,0
0xf55a2a2577d50d15f1a6f6ac8eeb51db93d18fad,1,0
0xf56e809ad3114d3c07a0196ee3e518f67b9c7b32,1,0
0xf59d24c5c797227b8faeaa21af3d146120aba67d,1,0
0xf5c75bcef53ab24f53c71622dde45a4834098bd0,1,0
0xf64d8613f6b9a29cc92efa84450f3fbffcde0148,1,0
0xf68ba481f2fa596faedbcfbb083576f35a5747ea,1,0
0xf69c4da186be5a72aae5e90d20d5f40e1fbd5aee,1,0
0xf6b6cb5c0c132b9c18b323064ef57e72d7088f40,1,0
0xf6f67c638d90d4295723fe3c1390355856882a33,1,0
0xf77eef2a275bac0d9066072ab736cf63d142a6b8,1,0
0xf7bfb4e18066e470a50a56547d0da7913e5223a9,1,0
0xf7c0bdcd63559f14b1ce5c1e44f57bf48b43def0,1,0
0xf7d36a57cbe154fd3d9134cac44ab49019180e12,1,0
0xf7ef41307c4b8f8f267e0599101552aa31099ffa,1,0
0xf7ffab8de1370a7bfa5ce7ca55e4070161838fc0,1,0
0xf8122e954275918ce2da2affb72db8c383e621ce,1,0
0xf81d024c76eb849e4da0543a7780c260e1135ca7,1,0
0xf8402db9be57b0189951c680be0a998773e73570,1,0
0xf8579a256c047f5add0477bbf47694c21c0bf2be,1,0
0xf87405c2d801ff4a66bcfeb0bc10d2e88c738cf6,1,0
0xf8921e0329d334a24709adb6be4763bdfbc03859,1,0
0xf8b9062ac3da0dcc99323a307d9cef8abefa8b4b,1,0
0xf8f6c244975d489e3e4d278f191ba4295898a7bd,1,0
0xf9841ffc1e021b76c6850b531e3b19d773438428,1,0
0xf98a2f62e360f23d389e86c195c939f9a95a703c,1,0
0xf9b0e2485a78f5503cedb9ab2a601bedac16c6d1,1,0
0xf9ffc6eed8aaef1435ffeb9cf1188294ddffc0b7,1,0
0xfa123fd0dc1e118dfe43641efa0d2329e39df4db,1,0
0xfa18b9047ad29f8b66b556da8e97af1b6a57e39c,1,0
0xfa1ac42816cc729b9c6155c6d58377eb902f8c58,1,0
0xfa1c15023b46e60e18900284f28f9dde7ac0304f,1,0
0xfa37b28f4cdab2b35b77900a422e9f78f64efe1b,1,0
0xfab00eccdf1052bfd691409153ff36d8542fabe8,1,0
0xfb11a83579b7f878334d7d5369a47f73b6b5c7ec,1,0
0xfb67ad972690550fe04f5bb264803f6478c11416,1,0
0xfbbf4f766ef2ecb46bf64198d9da9fc47188829f,1,0
0xfbcffde3c0dfc0bb786b34c98a072a853d2e79f2,1,0
0xfc525a9e6e1c8bbe3fca61ce7f12f3099c5c5cc1,1,0
0xfd17f979b70f258a7c9d10346637a3fc01d22f05,1,0
0xfd770fa6212926783c6f2d54346d43936b413ce1,1,0
0xfddb5dc8ba8468f607e03e0c1b834bc49c2ec060,1,0
0xfddf8b422f262602bc97b82ba96ceee08fce2211,1,0
0xfdf1a966f208522a93ddd96bf90f649070cfd61e,1,0
0xfdf2ef79861917c50321508c6aa6054871014ce0,1,0
0xfdf9a9a30af1bdb2f16d3936f592483583b9eebb,1,0
0xfdffe951c1bf3f6e086e6cadfd7f598c4aced09d,1,0
0xfe25d4ba4c642be64448f615d67f8b44ef5bb3d7,1,0
0xfe4330f0c3b2ab5eb71d50381744570cc66766c7,1,0
0xfe4a7cd20f53356629870dcf7484b1a4d6f773ea,1,0
0xfe5ba83aa22d3824f3633f6a93b8e95414ba3ca9,1,0
0xfedf2756c237f4c2c4d1fc55d4e337ff47a542cb,1,0
0xff0dadd6c133976d38c443948f533d09d8f7c885,1,0
0xff2420a08b4cba07a79953bbdf131788cb36f859,1,0
0xff6c7d714ef5966394bec71e2cafc58bfe2e16d2,1,0
0xff71512c84096f55cdf5c5f3d3c6ace99b56fef0,1,0
0xff927a5edcafe577f8ce6817b1da9ab3b6a935fc,1,0
0xffb40bd6b62639fd60306aff44f5c0103c778822,1,0
0xffb8c9ec9951b1d22ae0676a8965de43412ceb7d,1,0
0xfff5f24dbf62ca5d7a851f855e46ee1aef739b59,1,0
0x03eCc476aa2314695944AC6Cc88137241e4D5cfe,1,0
0x0F366e7B0D6afc7981cb8275d933D49832A0efa0,1,0
0x2f9d469e01eC2f8E6c7146CC42463a6B25d285ac,1,0
0x3161A49a6D1029f288Ef7875167C4C4abF22cD00,1,0
0x328df4A6674B75C0eEB84b2820276d7715B52FCd,1,0
0x41FE4651bF0bDC43ba060612735208d02A77B539,1,0
0x55190a9519b4b66e989e9381a50604ff512dc264,1,0
0x5d5f163a9b5bb2e3c7f1f0ed3c63cf9f6ff5a23b,1,0
0x7CFd91e5F136a3673B36f956C1DaE93C7d7e2751,1,0
0x7d0ccff1e94a0e0b0ed0a9c744064db42af65f20,1,0
0xAF63426Ac4a60b71554aDAD99Ad75Ea3e82952fE,1,0
0xB10404125264b011daf569d2f91276684B514359,1,0
0xc890453d600d546a37C450cdC49D774aD97160b8,1,0
0xCB93d331834E4aF2EF36e3E28eE27E9c7D6eb5B3,1,0
0xe2D3c96F89B52722b96900B49907261B38cC5cd3,1,0
0xf8bf236F89e22a47380dd25F82BFab493E60e43a,1,0